user_id,step,event_name,ui_group,user_region
1,1_app_opened,app_opened,A(기존 UI),도심권
2,1_app_opened,app_opened,B(개선 UI),도심권
2,2_home_viewed,home_viewed,B(개선 UI),도심권
2,3_cart_interacted,cart_interacted,B(개선 UI),도심권
2,4_purchase_completed,purchase_completed,B(개선 UI),도심권
3,1_app_opened,app_opened,B(개선 UI),도심권
4,1_app_opened,app_opened,B(개선 UI),도심권
5,1_app_opened,app_opened,A(기존 UI),도심권
6,1_app_opened,app_opened,A(기존 UI),외곽 주거지(초월읍 등)
6,2_home_viewed,home_viewed,A(기존 UI),외곽 주거지(초월읍 등)
7,1_app_opened,app_opened,A(기존 UI),도심권
7,2_home_viewed,home_viewed,A(기존 UI),도심권
8,1_app_opened,app_opened,B(개선 UI),도심권
8,2_home_viewed,home_viewed,B(개선 UI),도심권
8,3_cart_interacted,cart_interacted,B(개선 UI),도심권
8,4_purchase_completed,purchase_completed,B(개선 UI),도심권
9,1_app_opened,app_opened,B(개선 UI),외곽 주거지(초월읍 등)
10,1_app_opened,app_opened,B(개선 UI),외곽 주거지(초월읍 등)
10,2_home_viewed,home_viewed,B(개선 UI),외곽 주거지(초월읍 등)
10,3_cart_interacted,cart_interacted,B(개선 UI),외곽 주거지(초월읍 등)
11,1_app_opened,app_opened,A(기존 UI),외곽 주거지(초월읍 등)
12,1_app_opened,app_opened,B(개선 UI),외곽 주거지(초월읍 등)
12,2_home_viewed,home_viewed,B(개선 UI),외곽 주거지(초월읍 등)
13,1_app_opened,app_opened,B(개선 UI),외곽 주거지(초월읍 등)
14,1_app_opened,app_opened,A(기존 UI),도심권
15,1_app_opened,app_opened,A(기존 UI),도심권
15,2_home_viewed,home_viewed,A(기존 UI),도심권
16,1_app_opened,app_opened,A(기존 UI),도심권
17,1_app_opened,app_opened,A(기존 UI),도심권
17,2_home_viewed,home_viewed,A(기존 UI),도심권
17,3_cart_interacted,cart_interacted,A(기존 UI),도심권
18,1_app_opened,app_opened,B(개선 UI),도심권
19,1_app_opened,app_opened,A(기존 UI),도심권
20,1_app_opened,app_opened,A(기존 UI),도심권
21,1_app_opened,app_opened,B(개선 UI),도심권
21,2_home_viewed,home_viewed,B(개선 UI),도심권
22,1_app_opened,app_opened,A(기존 UI),도심권
23,1_app_opened,app_opened,A(기존 UI),외곽 주거지(초월읍 등)
24,1_app_opened,app_opened,A(기존 UI),도심권
25,1_app_opened,app_opened,A(기존 UI),외곽 주거지(초월읍 등)
26,1_app_opened,app_opened,B(개선 UI),도심권
27,1_app_opened,app_opened,A(기존 UI),외곽 주거지(초월읍 등)
28,1_app_opened,app_opened,B(개선 UI),외곽 주거지(초월읍 등)
29,1_app_opened,app_opened,B(개선 UI),도심권
29,2_home_viewed,home_viewed,B(개선 UI),도심권
29,3_cart_interacted,cart_interacted,B(개선 UI),도심권
29,4_purchase_completed,purchase_completed,B(개선 UI),도심권
30,1_app_opened,app_opened,A(기존 UI),도심권
30,2_home_viewed,home_viewed,A(기존 UI),도심권
31,1_app_opened,app_opened,B(개선 UI),도심권
31,2_home_viewed,home_viewed,B(개선 UI),도심권
31,3_cart_interacted,cart_interacted,B(개선 UI),도심권
32,1_app_opened,app_opened,A(기존 UI),외곽 주거지(초월읍 등)
33,1_app_opened,app_opened,A(기존 UI),외곽 주거지(초월읍 등)
34,1_app_opened,app_opened,B(개선 UI),외곽 주거지(초월읍 등)
34,2_home_viewed,home_viewed,B(개선 UI),외곽 주거지(초월읍 등)
34,3_cart_interacted,cart_interacted,B(개선 UI),외곽 주거지(초월읍 등)
35,1_app_opened,app_opened,B(개선 UI),도심권
36,1_app_opened,app_opened,B(개선 UI),도심권
37,1_app_opened,app_opened,A(기존 UI),외곽 주거지(초월읍 등)
37,2_home_viewed,home_viewed,A(기존 UI),외곽 주거지(초월읍 등)
38,1_app_opened,app_opened,A(기존 UI),도심권
38,2_home_viewed,home_viewed,A(기존 UI),도심권
39,1_app_opened,app_opened,B(개선 UI),도심권
40,1_app_opened,app_opened,A(기존 UI),도심권
41,1_app_opened,app_opened,A(기존 UI),외곽 주거지(초월읍 등)
42,1_app_opened,app_opened,A(기존 UI),도심권
43,1_app_opened,app_opened,A(기존 UI),도심권
44,1_app_opened,app_opened,B(개선 UI),도심권
45,1_app_opened,app_opened,A(기존 UI),외곽 주거지(초월읍 등)
46,1_app_opened,app_opened,B(개선 UI),도심권
46,2_home_viewed,home_viewed,B(개선 UI),도심권
46,3_cart_interacted,cart_interacted,B(개선 UI),도심권
46,4_purchase_completed,purchase_completed,B(개선 UI),도심권
47,1_app_opened,app_opened,A(기존 UI),도심권
48,1_app_opened,app_opened,B(개선 UI),도심권
49,1_app_opened,app_opened,B(개선 UI),외곽 주거지(초월읍 등)
50,1_app_opened,app_opened,A(기존 UI),외곽 주거지(초월읍 등)
51,1_app_opened,app_opened,B(개선 UI),외곽 주거지(초월읍 등)
52,1_app_opened,app_opened,B(개선 UI),도심권
52,2_home_viewed,home_viewed,B(개선 UI),도심권
53,1_app_opened,app_opened,B(개선 UI),외곽 주거지(초월읍 등)
53,2_home_viewed,home_viewed,B(개선 UI),외곽 주거지(초월읍 등)
53,3_cart_interacted,cart_interacted,B(개선 UI),외곽 주거지(초월읍 등)
53,4_purchase_completed,purchase_completed,B(개선 UI),외곽 주거지(초월읍 등)
54,1_app_opened,app_opened,B(개선 UI),도심권
54,2_home_viewed,home_viewed,B(개선 UI),도심권
54,3_cart_interacted,cart_interacted,B(개선 UI),도심권
55,1_app_opened,app_opened,B(개선 UI),도심권
56,1_app_opened,app_opened,B(개선 UI),도심권
56,2_home_viewed,home_viewed,B(개선 UI),도심권
56,3_cart_interacted,cart_interacted,B(개선 UI),도심권
57,1_app_opened,app_opened,A(기존 UI),도심권
58,1_app_opened,app_opened,A(기존 UI),외곽 주거지(초월읍 등)
58,2_home_viewed,home_viewed,A(기존 UI),외곽 주거지(초월읍 등)
58,3_cart_interacted,cart_interacted,A(기존 UI),외곽 주거지(초월읍 등)
58,4_purchase_completed,purchase_completed,A(기존 UI),외곽 주거지(초월읍 등)
59,1_app_opened,app_opened,A(기존 UI),도심권
60,1_app_opened,app_opened,A(기존 UI),도심권
61,1_app_opened,app_opened,A(기존 UI),도심권
62,1_app_opened,app_opened,A(기존 UI),도심권
62,2_home_viewed,home_viewed,A(기존 UI),도심권
63,1_app_opened,app_opened,B(개선 UI),도심권
64,1_app_opened,app_opened,A(기존 UI),도심권
65,1_app_opened,app_opened,A(기존 UI),도심권
66,1_app_opened,app_opened,B(개선 UI),도심권
67,1_app_opened,app_opened,A(기존 UI),도심권
67,2_home_viewed,home_viewed,A(기존 UI),도심권
68,1_app_opened,app_opened,B(개선 UI),외곽 주거지(초월읍 등)
69,1_app_opened,app_opened,A(기존 UI),도심권
70,1_app_opened,app_opened,B(개선 UI),외곽 주거지(초월읍 등)
70,2_home_viewed,home_viewed,B(개선 UI),외곽 주거지(초월읍 등)
71,1_app_opened,app_opened,B(개선 UI),외곽 주거지(초월읍 등)
71,2_home_viewed,home_viewed,B(개선 UI),외곽 주거지(초월읍 등)
72,1_app_opened,app_opened,A(기존 UI),외곽 주거지(초월읍 등)
73,1_app_opened,app_opened,A(기존 UI),도심권
74,1_app_opened,app_opened,B(개선 UI),도심권
75,1_app_opened,app_opened,B(개선 UI),외곽 주거지(초월읍 등)
75,2_home_viewed,home_viewed,B(개선 UI),외곽 주거지(초월읍 등)
76,1_app_opened,app_opened,B(개선 UI),도심권
76,2_home_viewed,home_viewed,B(개선 UI),도심권
77,1_app_opened,app_opened,B(개선 UI),도심권
78,1_app_opened,app_opened,A(기존 UI),도심권
79,1_app_opened,app_opened,A(기존 UI),도심권
80,1_app_opened,app_opened,A(기존 UI),외곽 주거지(초월읍 등)
81,1_app_opened,app_opened,B(개선 UI),도심권
81,2_home_viewed,home_viewed,B(개선 UI),도심권
82,1_app_opened,app_opened,B(개선 UI),도심권
82,2_home_viewed,home_viewed,B(개선 UI),도심권
83,1_app_opened,app_opened,A(기존 UI),도심권
84,1_app_opened,app_opened,A(기존 UI),도심권
84,2_home_viewed,home_viewed,A(기존 UI),도심권
85,1_app_opened,app_opened,A(기존 UI),도심권
85,2_home_viewed,home_viewed,A(기존 UI),도심권
86,1_app_opened,app_opened,A(기존 UI),도심권
87,1_app_opened,app_opened,B(개선 UI),외곽 주거지(초월읍 등)
88,1_app_opened,app_opened,B(개선 UI),도심권
88,2_home_viewed,home_viewed,B(개선 UI),도심권
88,3_cart_interacted,cart_interacted,B(개선 UI),도심권
89,1_app_opened,app_opened,B(개선 UI),외곽 주거지(초월읍 등)
90,1_app_opened,app_opened,A(기존 UI),도심권
90,2_home_viewed,home_viewed,A(기존 UI),도심권
91,1_app_opened,app_opened,A(기존 UI),도심권
91,2_home_viewed,home_viewed,A(기존 UI),도심권
92,1_app_opened,app_opened,B(개선 UI),도심권
93,1_app_opened,app_opened,B(개선 UI),도심권
93,2_home_viewed,home_viewed,B(개선 UI),도심권
94,1_app_opened,app_opened,B(개선 UI),외곽 주거지(초월읍 등)
94,2_home_viewed,home_viewed,B(개선 UI),외곽 주거지(초월읍 등)
94,3_cart_interacted,cart_interacted,B(개선 UI),외곽 주거지(초월읍 등)
95,1_app_opened,app_opened,B(개선 UI),외곽 주거지(초월읍 등)
95,2_home_viewed,home_viewed,B(개선 UI),외곽 주거지(초월읍 등)
95,3_cart_interacted,cart_interacted,B(개선 UI),외곽 주거지(초월읍 등)
96,1_app_opened,app_opened,A(기존 UI),도심권
97,1_app_opened,app_opened,B(개선 UI),도심권
97,2_home_viewed,home_viewed,B(개선 UI),도심권
97,3_cart_interacted,cart_interacted,B(개선 UI),도심권
98,1_app_opened,app_opened,A(기존 UI),외곽 주거지(초월읍 등)
99,1_app_opened,app_opened,A(기존 UI),도심권
100,1_app_opened,app_opened,A(기존 UI),도심권
101,1_app_opened,app_opened,A(기존 UI),외곽 주거지(초월읍 등)
101,2_home_viewed,home_viewed,A(기존 UI),외곽 주거지(초월읍 등)
102,1_app_opened,app_opened,B(개선 UI),도심권
102,2_home_viewed,home_viewed,B(개선 UI),도심권
103,1_app_opened,app_opened,A(기존 UI),외곽 주거지(초월읍 등)
104,1_app_opened,app_opened,B(개선 UI),도심권
104,2_home_viewed,home_viewed,B(개선 UI),도심권
104,3_cart_interacted,cart_interacted,B(개선 UI),도심권
105,1_app_opened,app_opened,B(개선 UI),외곽 주거지(초월읍 등)
105,2_home_viewed,home_viewed,B(개선 UI),외곽 주거지(초월읍 등)
106,1_app_opened,app_opened,A(기존 UI),도심권
107,1_app_opened,app_opened,A(기존 UI),도심권
107,2_home_viewed,home_viewed,A(기존 UI),도심권
108,1_app_opened,app_opened,B(개선 UI),도심권
109,1_app_opened,app_opened,A(기존 UI),도심권
110,1_app_opened,app_opened,A(기존 UI),도심권
110,2_home_viewed,home_viewed,A(기존 UI),도심권
111,1_app_opened,app_opened,A(기존 UI),도심권
112,1_app_opened,app_opened,A(기존 UI),도심권
113,1_app_opened,app_opened,B(개선 UI),외곽 주거지(초월읍 등)
114,1_app_opened,app_opened,B(개선 UI),도심권
115,1_app_opened,app_opened,B(개선 UI),도심권
115,2_home_viewed,home_viewed,B(개선 UI),도심권
115,3_cart_interacted,cart_interacted,B(개선 UI),도심권
115,4_purchase_completed,purchase_completed,B(개선 UI),도심권
116,1_app_opened,app_opened,B(개선 UI),도심권
116,2_home_viewed,home_viewed,B(개선 UI),도심권
117,1_app_opened,app_opened,B(개선 UI),도심권
118,1_app_opened,app_opened,A(기존 UI),도심권
119,1_app_opened,app_opened,B(개선 UI),도심권
120,1_app_opened,app_opened,B(개선 UI),외곽 주거지(초월읍 등)
120,2_home_viewed,home_viewed,B(개선 UI),외곽 주거지(초월읍 등)
121,1_app_opened,app_opened,B(개선 UI),도심권
121,2_home_viewed,home_viewed,B(개선 UI),도심권
122,1_app_opened,app_opened,B(개선 UI),도심권
122,2_home_viewed,home_viewed,B(개선 UI),도심권
122,3_cart_interacted,cart_interacted,B(개선 UI),도심권
122,4_purchase_completed,purchase_completed,B(개선 UI),도심권
123,1_app_opened,app_opened,A(기존 UI),외곽 주거지(초월읍 등)
124,1_app_opened,app_opened,A(기존 UI),외곽 주거지(초월읍 등)
125,1_app_opened,app_opened,A(기존 UI),도심권
126,1_app_opened,app_opened,A(기존 UI),외곽 주거지(초월읍 등)
127,1_app_opened,app_opened,B(개선 UI),도심권
127,2_home_viewed,home_viewed,B(개선 UI),도심권
128,1_app_opened,app_opened,B(개선 UI),외곽 주거지(초월읍 등)
128,2_home_viewed,home_viewed,B(개선 UI),외곽 주거지(초월읍 등)
128,3_cart_interacted,cart_interacted,B(개선 UI),외곽 주거지(초월읍 등)
129,1_app_opened,app_opened,A(기존 UI),도심권
130,1_app_opened,app_opened,B(개선 UI),도심권
131,1_app_opened,app_opened,A(기존 UI),외곽 주거지(초월읍 등)
132,1_app_opened,app_opened,A(기존 UI),도심권
133,1_app_opened,app_opened,A(기존 UI),도심권
133,2_home_viewed,home_viewed,A(기존 UI),도심권
134,1_app_opened,app_opened,A(기존 UI),도심권
135,1_app_opened,app_opened,B(개선 UI),도심권
135,2_home_viewed,home_viewed,B(개선 UI),도심권
135,3_cart_interacted,cart_interacted,B(개선 UI),도심권
135,4_purchase_completed,purchase_completed,B(개선 UI),도심권
136,1_app_opened,app_opened,A(기존 UI),도심권
137,1_app_opened,app_opened,B(개선 UI),도심권
137,2_home_viewed,home_viewed,B(개선 UI),도심권
138,1_app_opened,app_opened,B(개선 UI),도심권
138,2_home_viewed,home_viewed,B(개선 UI),도심권
139,1_app_opened,app_opened,A(기존 UI),도심권
140,1_app_opened,app_opened,B(개선 UI),도심권
141,1_app_opened,app_opened,B(개선 UI),도심권
141,2_home_viewed,home_viewed,B(개선 UI),도심권
142,1_app_opened,app_opened,A(기존 UI),도심권
142,2_home_viewed,home_viewed,A(기존 UI),도심권
143,1_app_opened,app_opened,A(기존 UI),외곽 주거지(초월읍 등)
144,1_app_opened,app_opened,A(기존 UI),도심권
145,1_app_opened,app_opened,A(기존 UI),도심권
146,1_app_opened,app_opened,A(기존 UI),외곽 주거지(초월읍 등)
147,1_app_opened,app_opened,B(개선 UI),외곽 주거지(초월읍 등)
147,2_home_viewed,home_viewed,B(개선 UI),외곽 주거지(초월읍 등)
148,1_app_opened,app_opened,B(개선 UI),도심권
148,2_home_viewed,home_viewed,B(개선 UI),도심권
149,1_app_opened,app_opened,A(기존 UI),외곽 주거지(초월읍 등)
149,2_home_viewed,home_viewed,A(기존 UI),외곽 주거지(초월읍 등)
150,1_app_opened,app_opened,A(기존 UI),도심권
150,2_home_viewed,home_viewed,A(기존 UI),도심권
151,1_app_opened,app_opened,B(개선 UI),외곽 주거지(초월읍 등)
151,2_home_viewed,home_viewed,B(개선 UI),외곽 주거지(초월읍 등)
152,1_app_opened,app_opened,A(기존 UI),도심권
153,1_app_opened,app_opened,A(기존 UI),도심권
153,2_home_viewed,home_viewed,A(기존 UI),도심권
154,1_app_opened,app_opened,A(기존 UI),도심권
155,1_app_opened,app_opened,B(개선 UI),외곽 주거지(초월읍 등)
155,2_home_viewed,home_viewed,B(개선 UI),외곽 주거지(초월읍 등)
156,1_app_opened,app_opened,A(기존 UI),도심권
157,1_app_opened,app_opened,B(개선 UI),도심권
157,2_home_viewed,home_viewed,B(개선 UI),도심권
158,1_app_opened,app_opened,B(개선 UI),도심권
159,1_app_opened,app_opened,A(기존 UI),외곽 주거지(초월읍 등)
160,1_app_opened,app_opened,B(개선 UI),외곽 주거지(초월읍 등)
161,1_app_opened,app_opened,A(기존 UI),도심권
162,1_app_opened,app_opened,B(개선 UI),도심권
162,2_home_viewed,home_viewed,B(개선 UI),도심권
163,1_app_opened,app_opened,B(개선 UI),도심권
163,2_home_viewed,home_viewed,B(개선 UI),도심권
163,3_cart_interacted,cart_interacted,B(개선 UI),도심권
164,1_app_opened,app_opened,B(개선 UI),도심권
164,2_home_viewed,home_viewed,B(개선 UI),도심권
165,1_app_opened,app_opened,A(기존 UI),외곽 주거지(초월읍 등)
166,1_app_opened,app_opened,B(개선 UI),도심권
167,1_app_opened,app_opened,A(기존 UI),도심권
167,2_home_viewed,home_viewed,A(기존 UI),도심권
168,1_app_opened,app_opened,A(기존 UI),도심권
169,1_app_opened,app_opened,A(기존 UI),도심권
170,1_app_opened,app_opened,B(개선 UI),도심권
171,1_app_opened,app_opened,B(개선 UI),도심권
172,1_app_opened,app_opened,A(기존 UI),도심권
173,1_app_opened,app_opened,B(개선 UI),도심권
173,2_home_viewed,home_viewed,B(개선 UI),도심권
174,1_app_opened,app_opened,A(기존 UI),도심권
175,1_app_opened,app_opened,B(개선 UI),도심권
176,1_app_opened,app_opened,A(기존 UI),도심권
177,1_app_opened,app_opened,B(개선 UI),외곽 주거지(초월읍 등)
178,1_app_opened,app_opened,A(기존 UI),도심권
178,2_home_viewed,home_viewed,A(기존 UI),도심권
179,1_app_opened,app_opened,B(개선 UI),도심권
179,2_home_viewed,home_viewed,B(개선 UI),도심권
180,1_app_opened,app_opened,A(기존 UI),외곽 주거지(초월읍 등)
181,1_app_opened,app_opened,A(기존 UI),도심권
181,2_home_viewed,home_viewed,A(기존 UI),도심권
181,3_cart_interacted,cart_interacted,A(기존 UI),도심권
181,4_purchase_completed,purchase_completed,A(기존 UI),도심권
182,1_app_opened,app_opened,A(기존 UI),도심권
183,1_app_opened,app_opened,B(개선 UI),도심권
183,2_home_viewed,home_viewed,B(개선 UI),도심권
184,1_app_opened,app_opened,B(개선 UI),도심권
185,1_app_opened,app_opened,A(기존 UI),도심권
186,1_app_opened,app_opened,B(개선 UI),도심권
187,1_app_opened,app_opened,B(개선 UI),외곽 주거지(초월읍 등)
187,2_home_viewed,home_viewed,B(개선 UI),외곽 주거지(초월읍 등)
188,1_app_opened,app_opened,B(개선 UI),외곽 주거지(초월읍 등)
189,1_app_opened,app_opened,B(개선 UI),도심권
190,1_app_opened,app_opened,A(기존 UI),도심권
190,2_home_viewed,home_viewed,A(기존 UI),도심권
191,1_app_opened,app_opened,A(기존 UI),도심권
192,1_app_opened,app_opened,B(개선 UI),도심권
192,2_home_viewed,home_viewed,B(개선 UI),도심권
193,1_app_opened,app_opened,B(개선 UI),도심권
194,1_app_opened,app_opened,B(개선 UI),외곽 주거지(초월읍 등)
194,2_home_viewed,home_viewed,B(개선 UI),외곽 주거지(초월읍 등)
195,1_app_opened,app_opened,A(기존 UI),도심권
196,1_app_opened,app_opened,A(기존 UI),외곽 주거지(초월읍 등)
197,1_app_opened,app_opened,B(개선 UI),외곽 주거지(초월읍 등)
197,2_home_viewed,home_viewed,B(개선 UI),외곽 주거지(초월읍 등)
197,3_cart_interacted,cart_interacted,B(개선 UI),외곽 주거지(초월읍 등)
198,1_app_opened,app_opened,B(개선 UI),외곽 주거지(초월읍 등)
199,1_app_opened,app_opened,B(개선 UI),도심권
199,2_home_viewed,home_viewed,B(개선 UI),도심권
200,1_app_opened,app_opened,B(개선 UI),도심권
200,2_home_viewed,home_viewed,B(개선 UI),도심권
200,3_cart_interacted,cart_interacted,B(개선 UI),도심권
200,4_purchase_completed,purchase_completed,B(개선 UI),도심권
201,1_app_opened,app_opened,B(개선 UI),도심권
201,2_home_viewed,home_viewed,B(개선 UI),도심권
202,1_app_opened,app_opened,A(기존 UI),도심권
203,1_app_opened,app_opened,A(기존 UI),도심권
204,1_app_opened,app_opened,B(개선 UI),도심권
205,1_app_opened,app_opened,B(개선 UI),도심권
205,2_home_viewed,home_viewed,B(개선 UI),도심권
205,3_cart_interacted,cart_interacted,B(개선 UI),도심권
205,4_purchase_completed,purchase_completed,B(개선 UI),도심권
206,1_app_opened,app_opened,A(기존 UI),도심권
207,1_app_opened,app_opened,A(기존 UI),외곽 주거지(초월읍 등)
208,1_app_opened,app_opened,B(개선 UI),도심권
208,2_home_viewed,home_viewed,B(개선 UI),도심권
209,1_app_opened,app_opened,A(기존 UI),도심권
209,2_home_viewed,home_viewed,A(기존 UI),도심권
210,1_app_opened,app_opened,A(기존 UI),도심권
211,1_app_opened,app_opened,B(개선 UI),외곽 주거지(초월읍 등)
212,1_app_opened,app_opened,B(개선 UI),도심권
213,1_app_opened,app_opened,B(개선 UI),도심권
214,1_app_opened,app_opened,A(기존 UI),도심권
214,2_home_viewed,home_viewed,A(기존 UI),도심권
215,1_app_opened,app_opened,B(개선 UI),외곽 주거지(초월읍 등)
215,2_home_viewed,home_viewed,B(개선 UI),외곽 주거지(초월읍 등)
216,1_app_opened,app_opened,A(기존 UI),외곽 주거지(초월읍 등)
217,1_app_opened,app_opened,A(기존 UI),도심권
218,1_app_opened,app_opened,B(개선 UI),도심권
219,1_app_opened,app_opened,B(개선 UI),도심권
219,2_home_viewed,home_viewed,B(개선 UI),도심권
220,1_app_opened,app_opened,B(개선 UI),도심권
220,2_home_viewed,home_viewed,B(개선 UI),도심권
221,1_app_opened,app_opened,B(개선 UI),도심권
222,1_app_opened,app_opened,B(개선 UI),외곽 주거지(초월읍 등)
222,2_home_viewed,home_viewed,B(개선 UI),외곽 주거지(초월읍 등)
223,1_app_opened,app_opened,A(기존 UI),외곽 주거지(초월읍 등)
224,1_app_opened,app_opened,A(기존 UI),도심권
225,1_app_opened,app_opened,A(기존 UI),도심권
226,1_app_opened,app_opened,A(기존 UI),도심권
227,1_app_opened,app_opened,B(개선 UI),외곽 주거지(초월읍 등)
227,2_home_viewed,home_viewed,B(개선 UI),외곽 주거지(초월읍 등)
227,3_cart_interacted,cart_interacted,B(개선 UI),외곽 주거지(초월읍 등)
228,1_app_opened,app_opened,A(기존 UI),외곽 주거지(초월읍 등)
229,1_app_opened,app_opened,B(개선 UI),도심권
230,1_app_opened,app_opened,B(개선 UI),도심권
230,2_home_viewed,home_viewed,B(개선 UI),도심권
231,1_app_opened,app_opened,B(개선 UI),도심권
231,2_home_viewed,home_viewed,B(개선 UI),도심권
232,1_app_opened,app_opened,B(개선 UI),도심권
232,2_home_viewed,home_viewed,B(개선 UI),도심권
233,1_app_opened,app_opened,B(개선 UI),외곽 주거지(초월읍 등)
233,2_home_viewed,home_viewed,B(개선 UI),외곽 주거지(초월읍 등)
234,1_app_opened,app_opened,A(기존 UI),도심권
234,2_home_viewed,home_viewed,A(기존 UI),도심권
235,1_app_opened,app_opened,A(기존 UI),외곽 주거지(초월읍 등)
236,1_app_opened,app_opened,B(개선 UI),도심권
236,2_home_viewed,home_viewed,B(개선 UI),도심권
237,1_app_opened,app_opened,A(기존 UI),외곽 주거지(초월읍 등)
238,1_app_opened,app_opened,A(기존 UI),도심권
239,1_app_opened,app_opened,B(개선 UI),외곽 주거지(초월읍 등)
240,1_app_opened,app_opened,A(기존 UI),도심권
241,1_app_opened,app_opened,B(개선 UI),도심권
241,2_home_viewed,home_viewed,B(개선 UI),도심권
242,1_app_opened,app_opened,B(개선 UI),도심권
242,2_home_viewed,home_viewed,B(개선 UI),도심권
243,1_app_opened,app_opened,B(개선 UI),도심권
243,2_home_viewed,home_viewed,B(개선 UI),도심권
244,1_app_opened,app_opened,A(기존 UI),도심권
245,1_app_opened,app_opened,A(기존 UI),도심권
246,1_app_opened,app_opened,B(개선 UI),외곽 주거지(초월읍 등)
247,1_app_opened,app_opened,A(기존 UI),도심권
248,1_app_opened,app_opened,B(개선 UI),외곽 주거지(초월읍 등)
248,2_home_viewed,home_viewed,B(개선 UI),외곽 주거지(초월읍 등)
248,3_cart_interacted,cart_interacted,B(개선 UI),외곽 주거지(초월읍 등)
249,1_app_opened,app_opened,B(개선 UI),외곽 주거지(초월읍 등)
249,2_home_viewed,home_viewed,B(개선 UI),외곽 주거지(초월읍 등)
250,1_app_opened,app_opened,B(개선 UI),도심권
251,1_app_opened,app_opened,A(기존 UI),도심권
252,1_app_opened,app_opened,A(기존 UI),도심권
253,1_app_opened,app_opened,B(개선 UI),도심권
253,2_home_viewed,home_viewed,B(개선 UI),도심권
254,1_app_opened,app_opened,A(기존 UI),도심권
255,1_app_opened,app_opened,A(기존 UI),외곽 주거지(초월읍 등)
256,1_app_opened,app_opened,B(개선 UI),도심권
256,2_home_viewed,home_viewed,B(개선 UI),도심권
257,1_app_opened,app_opened,B(개선 UI),도심권
258,1_app_opened,app_opened,B(개선 UI),도심권
259,1_app_opened,app_opened,B(개선 UI),외곽 주거지(초월읍 등)
260,1_app_opened,app_opened,A(기존 UI),도심권
261,1_app_opened,app_opened,B(개선 UI),도심권
261,2_home_viewed,home_viewed,B(개선 UI),도심권
262,1_app_opened,app_opened,B(개선 UI),도심권
262,2_home_viewed,home_viewed,B(개선 UI),도심권
262,3_cart_interacted,cart_interacted,B(개선 UI),도심권
262,4_purchase_completed,purchase_completed,B(개선 UI),도심권
263,1_app_opened,app_opened,A(기존 UI),도심권
264,1_app_opened,app_opened,B(개선 UI),외곽 주거지(초월읍 등)
265,1_app_opened,app_opened,B(개선 UI),외곽 주거지(초월읍 등)
265,2_home_viewed,home_viewed,B(개선 UI),외곽 주거지(초월읍 등)
266,1_app_opened,app_opened,B(개선 UI),도심권
266,2_home_viewed,home_viewed,B(개선 UI),도심권
267,1_app_opened,app_opened,B(개선 UI),도심권
268,1_app_opened,app_opened,B(개선 UI),도심권
269,1_app_opened,app_opened,A(기존 UI),도심권
269,2_home_viewed,home_viewed,A(기존 UI),도심권
269,3_cart_interacted,cart_interacted,A(기존 UI),도심권
270,1_app_opened,app_opened,A(기존 UI),도심권
271,1_app_opened,app_opened,B(개선 UI),도심권
271,2_home_viewed,home_viewed,B(개선 UI),도심권
272,1_app_opened,app_opened,B(개선 UI),도심권
273,1_app_opened,app_opened,B(개선 UI),외곽 주거지(초월읍 등)
274,1_app_opened,app_opened,B(개선 UI),도심권
274,2_home_viewed,home_viewed,B(개선 UI),도심권
274,3_cart_interacted,cart_interacted,B(개선 UI),도심권
274,4_purchase_completed,purchase_completed,B(개선 UI),도심권
275,1_app_opened,app_opened,B(개선 UI),외곽 주거지(초월읍 등)
275,2_home_viewed,home_viewed,B(개선 UI),외곽 주거지(초월읍 등)
276,1_app_opened,app_opened,B(개선 UI),도심권
277,1_app_opened,app_opened,B(개선 UI),도심권
277,2_home_viewed,home_viewed,B(개선 UI),도심권
278,1_app_opened,app_opened,B(개선 UI),외곽 주거지(초월읍 등)
279,1_app_opened,app_opened,B(개선 UI),도심권
279,2_home_viewed,home_viewed,B(개선 UI),도심권
280,1_app_opened,app_opened,B(개선 UI),도심권
280,2_home_viewed,home_viewed,B(개선 UI),도심권
280,3_cart_interacted,cart_interacted,B(개선 UI),도심권
281,1_app_opened,app_opened,B(개선 UI),도심권
281,2_home_viewed,home_viewed,B(개선 UI),도심권
282,1_app_opened,app_opened,A(기존 UI),도심권
283,1_app_opened,app_opened,A(기존 UI),외곽 주거지(초월읍 등)
283,2_home_viewed,home_viewed,A(기존 UI),외곽 주거지(초월읍 등)
284,1_app_opened,app_opened,A(기존 UI),외곽 주거지(초월읍 등)
284,2_home_viewed,home_viewed,A(기존 UI),외곽 주거지(초월읍 등)
285,1_app_opened,app_opened,B(개선 UI),도심권
285,2_home_viewed,home_viewed,B(개선 UI),도심권
285,3_cart_interacted,cart_interacted,B(개선 UI),도심권
285,4_purchase_completed,purchase_completed,B(개선 UI),도심권
286,1_app_opened,app_opened,A(기존 UI),도심권
287,1_app_opened,app_opened,A(기존 UI),도심권
288,1_app_opened,app_opened,B(개선 UI),도심권
289,1_app_opened,app_opened,A(기존 UI),도심권
290,1_app_opened,app_opened,B(개선 UI),도심권
291,1_app_opened,app_opened,A(기존 UI),도심권
292,1_app_opened,app_opened,A(기존 UI),도심권
293,1_app_opened,app_opened,B(개선 UI),도심권
294,1_app_opened,app_opened,A(기존 UI),도심권
295,1_app_opened,app_opened,A(기존 UI),도심권
296,1_app_opened,app_opened,B(개선 UI),외곽 주거지(초월읍 등)
296,2_home_viewed,home_viewed,B(개선 UI),외곽 주거지(초월읍 등)
297,1_app_opened,app_opened,B(개선 UI),외곽 주거지(초월읍 등)
297,2_home_viewed,home_viewed,B(개선 UI),외곽 주거지(초월읍 등)
298,1_app_opened,app_opened,A(기존 UI),도심권
299,1_app_opened,app_opened,B(개선 UI),도심권
299,2_home_viewed,home_viewed,B(개선 UI),도심권
299,3_cart_interacted,cart_interacted,B(개선 UI),도심권
299,4_purchase_completed,purchase_completed,B(개선 UI),도심권
300,1_app_opened,app_opened,A(기존 UI),외곽 주거지(초월읍 등)
301,1_app_opened,app_opened,A(기존 UI),외곽 주거지(초월읍 등)
302,1_app_opened,app_opened,B(개선 UI),외곽 주거지(초월읍 등)
302,2_home_viewed,home_viewed,B(개선 UI),외곽 주거지(초월읍 등)
303,1_app_opened,app_opened,B(개선 UI),도심권
303,2_home_viewed,home_viewed,B(개선 UI),도심권
303,3_cart_interacted,cart_interacted,B(개선 UI),도심권
303,4_purchase_completed,purchase_completed,B(개선 UI),도심권
304,1_app_opened,app_opened,B(개선 UI),외곽 주거지(초월읍 등)
304,2_home_viewed,home_viewed,B(개선 UI),외곽 주거지(초월읍 등)
305,1_app_opened,app_opened,B(개선 UI),도심권
305,2_home_viewed,home_viewed,B(개선 UI),도심권
305,3_cart_interacted,cart_interacted,B(개선 UI),도심권
305,4_purchase_completed,purchase_completed,B(개선 UI),도심권
306,1_app_opened,app_opened,B(개선 UI),외곽 주거지(초월읍 등)
307,1_app_opened,app_opened,B(개선 UI),외곽 주거지(초월읍 등)
308,1_app_opened,app_opened,A(기존 UI),도심권
308,2_home_viewed,home_viewed,A(기존 UI),도심권
309,1_app_opened,app_opened,B(개선 UI),외곽 주거지(초월읍 등)
309,2_home_viewed,home_viewed,B(개선 UI),외곽 주거지(초월읍 등)
310,1_app_opened,app_opened,A(기존 UI),도심권
311,1_app_opened,app_opened,A(기존 UI),외곽 주거지(초월읍 등)
312,1_app_opened,app_opened,A(기존 UI),도심권
313,1_app_opened,app_opened,A(기존 UI),외곽 주거지(초월읍 등)
314,1_app_opened,app_opened,B(개선 UI),도심권
315,1_app_opened,app_opened,B(개선 UI),외곽 주거지(초월읍 등)
316,1_app_opened,app_opened,B(개선 UI),도심권
317,1_app_opened,app_opened,A(기존 UI),도심권
318,1_app_opened,app_opened,A(기존 UI),도심권
318,2_home_viewed,home_viewed,A(기존 UI),도심권
319,1_app_opened,app_opened,A(기존 UI),외곽 주거지(초월읍 등)
320,1_app_opened,app_opened,A(기존 UI),도심권
321,1_app_opened,app_opened,B(개선 UI),도심권
322,1_app_opened,app_opened,B(개선 UI),도심권
322,2_home_viewed,home_viewed,B(개선 UI),도심권
323,1_app_opened,app_opened,B(개선 UI),외곽 주거지(초월읍 등)
323,2_home_viewed,home_viewed,B(개선 UI),외곽 주거지(초월읍 등)
324,1_app_opened,app_opened,A(기존 UI),도심권
325,1_app_opened,app_opened,B(개선 UI),도심권
325,2_home_viewed,home_viewed,B(개선 UI),도심권
326,1_app_opened,app_opened,B(개선 UI),도심권
326,2_home_viewed,home_viewed,B(개선 UI),도심권
326,3_cart_interacted,cart_interacted,B(개선 UI),도심권
327,1_app_opened,app_opened,B(개선 UI),도심권
327,2_home_viewed,home_viewed,B(개선 UI),도심권
327,3_cart_interacted,cart_interacted,B(개선 UI),도심권
328,1_app_opened,app_opened,B(개선 UI),도심권
328,2_home_viewed,home_viewed,B(개선 UI),도심권
329,1_app_opened,app_opened,A(기존 UI),도심권
329,2_home_viewed,home_viewed,A(기존 UI),도심권
330,1_app_opened,app_opened,A(기존 UI),외곽 주거지(초월읍 등)
331,1_app_opened,app_opened,A(기존 UI),외곽 주거지(초월읍 등)
331,2_home_viewed,home_viewed,A(기존 UI),외곽 주거지(초월읍 등)
332,1_app_opened,app_opened,B(개선 UI),도심권
332,2_home_viewed,home_viewed,B(개선 UI),도심권
333,1_app_opened,app_opened,A(기존 UI),도심권
333,2_home_viewed,home_viewed,A(기존 UI),도심권
334,1_app_opened,app_opened,A(기존 UI),도심권
335,1_app_opened,app_opened,A(기존 UI),도심권
336,1_app_opened,app_opened,A(기존 UI),외곽 주거지(초월읍 등)
337,1_app_opened,app_opened,B(개선 UI),도심권
337,2_home_viewed,home_viewed,B(개선 UI),도심권
338,1_app_opened,app_opened,B(개선 UI),도심권
339,1_app_opened,app_opened,A(기존 UI),도심권
340,1_app_opened,app_opened,A(기존 UI),외곽 주거지(초월읍 등)
340,2_home_viewed,home_viewed,A(기존 UI),외곽 주거지(초월읍 등)
340,3_cart_interacted,cart_interacted,A(기존 UI),외곽 주거지(초월읍 등)
341,1_app_opened,app_opened,A(기존 UI),도심권
342,1_app_opened,app_opened,A(기존 UI),도심권
343,1_app_opened,app_opened,A(기존 UI),도심권
344,1_app_opened,app_opened,A(기존 UI),외곽 주거지(초월읍 등)
345,1_app_opened,app_opened,A(기존 UI),외곽 주거지(초월읍 등)
346,1_app_opened,app_opened,B(개선 UI),도심권
347,1_app_opened,app_opened,B(개선 UI),도심권
348,1_app_opened,app_opened,A(기존 UI),외곽 주거지(초월읍 등)
348,2_home_viewed,home_viewed,A(기존 UI),외곽 주거지(초월읍 등)
348,3_cart_interacted,cart_interacted,A(기존 UI),외곽 주거지(초월읍 등)
348,4_purchase_completed,purchase_completed,A(기존 UI),외곽 주거지(초월읍 등)
349,1_app_opened,app_opened,A(기존 UI),도심권
349,2_home_viewed,home_viewed,A(기존 UI),도심권
350,1_app_opened,app_opened,B(개선 UI),도심권
350,2_home_viewed,home_viewed,B(개선 UI),도심권
350,3_cart_interacted,cart_interacted,B(개선 UI),도심권
351,1_app_opened,app_opened,B(개선 UI),도심권
352,1_app_opened,app_opened,B(개선 UI),도심권
352,2_home_viewed,home_viewed,B(개선 UI),도심권
353,1_app_opened,app_opened,B(개선 UI),도심권
354,1_app_opened,app_opened,A(기존 UI),외곽 주거지(초월읍 등)
354,2_home_viewed,home_viewed,A(기존 UI),외곽 주거지(초월읍 등)
355,1_app_opened,app_opened,A(기존 UI),도심권
356,1_app_opened,app_opened,B(개선 UI),도심권
356,2_home_viewed,home_viewed,B(개선 UI),도심권
356,3_cart_interacted,cart_interacted,B(개선 UI),도심권
356,4_purchase_completed,purchase_completed,B(개선 UI),도심권
357,1_app_opened,app_opened,A(기존 UI),외곽 주거지(초월읍 등)
358,1_app_opened,app_opened,B(개선 UI),도심권
359,1_app_opened,app_opened,B(개선 UI),도심권
359,2_home_viewed,home_viewed,B(개선 UI),도심권
360,1_app_opened,app_opened,B(개선 UI),도심권
360,2_home_viewed,home_viewed,B(개선 UI),도심권
361,1_app_opened,app_opened,A(기존 UI),외곽 주거지(초월읍 등)
362,1_app_opened,app_opened,B(개선 UI),외곽 주거지(초월읍 등)
362,2_home_viewed,home_viewed,B(개선 UI),외곽 주거지(초월읍 등)
363,1_app_opened,app_opened,A(기존 UI),외곽 주거지(초월읍 등)
364,1_app_opened,app_opened,B(개선 UI),외곽 주거지(초월읍 등)
365,1_app_opened,app_opened,B(개선 UI),도심권
365,2_home_viewed,home_viewed,B(개선 UI),도심권
366,1_app_opened,app_opened,A(기존 UI),도심권
367,1_app_opened,app_opened,B(개선 UI),외곽 주거지(초월읍 등)
367,2_home_viewed,home_viewed,B(개선 UI),외곽 주거지(초월읍 등)
368,1_app_opened,app_opened,B(개선 UI),도심권
368,2_home_viewed,home_viewed,B(개선 UI),도심권
369,1_app_opened,app_opened,A(기존 UI),도심권
370,1_app_opened,app_opened,A(기존 UI),도심권
371,1_app_opened,app_opened,A(기존 UI),도심권
372,1_app_opened,app_opened,A(기존 UI),외곽 주거지(초월읍 등)
372,2_home_viewed,home_viewed,A(기존 UI),외곽 주거지(초월읍 등)
373,1_app_opened,app_opened,A(기존 UI),도심권
374,1_app_opened,app_opened,B(개선 UI),도심권
375,1_app_opened,app_opened,A(기존 UI),외곽 주거지(초월읍 등)
376,1_app_opened,app_opened,A(기존 UI),도심권
377,1_app_opened,app_opened,B(개선 UI),도심권
378,1_app_opened,app_opened,A(기존 UI),도심권
379,1_app_opened,app_opened,B(개선 UI),외곽 주거지(초월읍 등)
379,2_home_viewed,home_viewed,B(개선 UI),외곽 주거지(초월읍 등)
380,1_app_opened,app_opened,A(기존 UI),외곽 주거지(초월읍 등)
381,1_app_opened,app_opened,A(기존 UI),외곽 주거지(초월읍 등)
382,1_app_opened,app_opened,B(개선 UI),외곽 주거지(초월읍 등)
382,2_home_viewed,home_viewed,B(개선 UI),외곽 주거지(초월읍 등)
383,1_app_opened,app_opened,B(개선 UI),도심권
383,2_home_viewed,home_viewed,B(개선 UI),도심권
384,1_app_opened,app_opened,B(개선 UI),외곽 주거지(초월읍 등)
385,1_app_opened,app_opened,B(개선 UI),외곽 주거지(초월읍 등)
385,2_home_viewed,home_viewed,B(개선 UI),외곽 주거지(초월읍 등)
386,1_app_opened,app_opened,B(개선 UI),도심권
386,2_home_viewed,home_viewed,B(개선 UI),도심권
387,1_app_opened,app_opened,A(기존 UI),도심권
388,1_app_opened,app_opened,A(기존 UI),외곽 주거지(초월읍 등)
389,1_app_opened,app_opened,B(개선 UI),외곽 주거지(초월읍 등)
389,2_home_viewed,home_viewed,B(개선 UI),외곽 주거지(초월읍 등)
390,1_app_opened,app_opened,B(개선 UI),외곽 주거지(초월읍 등)
390,2_home_viewed,home_viewed,B(개선 UI),외곽 주거지(초월읍 등)
390,3_cart_interacted,cart_interacted,B(개선 UI),외곽 주거지(초월읍 등)
391,1_app_opened,app_opened,B(개선 UI),외곽 주거지(초월읍 등)
391,2_home_viewed,home_viewed,B(개선 UI),외곽 주거지(초월읍 등)
392,1_app_opened,app_opened,A(기존 UI),도심권
393,1_app_opened,app_opened,A(기존 UI),도심권
394,1_app_opened,app_opened,B(개선 UI),도심권
394,2_home_viewed,home_viewed,B(개선 UI),도심권
395,1_app_opened,app_opened,A(기존 UI),도심권
395,2_home_viewed,home_viewed,A(기존 UI),도심권
396,1_app_opened,app_opened,B(개선 UI),외곽 주거지(초월읍 등)
396,2_home_viewed,home_viewed,B(개선 UI),외곽 주거지(초월읍 등)
397,1_app_opened,app_opened,B(개선 UI),도심권
398,1_app_opened,app_opened,A(기존 UI),도심권
399,1_app_opened,app_opened,B(개선 UI),도심권
399,2_home_viewed,home_viewed,B(개선 UI),도심권
400,1_app_opened,app_opened,B(개선 UI),도심권
400,2_home_viewed,home_viewed,B(개선 UI),도심권
400,3_cart_interacted,cart_interacted,B(개선 UI),도심권
401,1_app_opened,app_opened,A(기존 UI),도심권
402,1_app_opened,app_opened,B(개선 UI),도심권
402,2_home_viewed,home_viewed,B(개선 UI),도심권
403,1_app_opened,app_opened,B(개선 UI),도심권
403,2_home_viewed,home_viewed,B(개선 UI),도심권
404,1_app_opened,app_opened,B(개선 UI),도심권
405,1_app_opened,app_opened,A(기존 UI),외곽 주거지(초월읍 등)
406,1_app_opened,app_opened,B(개선 UI),도심권
407,1_app_opened,app_opened,A(기존 UI),도심권
408,1_app_opened,app_opened,A(기존 UI),도심권
409,1_app_opened,app_opened,B(개선 UI),도심권
409,2_home_viewed,home_viewed,B(개선 UI),도심권
409,3_cart_interacted,cart_interacted,B(개선 UI),도심권
409,4_purchase_completed,purchase_completed,B(개선 UI),도심권
410,1_app_opened,app_opened,A(기존 UI),도심권
411,1_app_opened,app_opened,A(기존 UI),외곽 주거지(초월읍 등)
412,1_app_opened,app_opened,B(개선 UI),외곽 주거지(초월읍 등)
412,2_home_viewed,home_viewed,B(개선 UI),외곽 주거지(초월읍 등)
412,3_cart_interacted,cart_interacted,B(개선 UI),외곽 주거지(초월읍 등)
413,1_app_opened,app_opened,B(개선 UI),도심권
414,1_app_opened,app_opened,B(개선 UI),도심권
415,1_app_opened,app_opened,B(개선 UI),외곽 주거지(초월읍 등)
415,2_home_viewed,home_viewed,B(개선 UI),외곽 주거지(초월읍 등)
415,3_cart_interacted,cart_interacted,B(개선 UI),외곽 주거지(초월읍 등)
415,4_purchase_completed,purchase_completed,B(개선 UI),외곽 주거지(초월읍 등)
416,1_app_opened,app_opened,A(기존 UI),외곽 주거지(초월읍 등)
416,2_home_viewed,home_viewed,A(기존 UI),외곽 주거지(초월읍 등)
417,1_app_opened,app_opened,A(기존 UI),도심권
417,2_home_viewed,home_viewed,A(기존 UI),도심권
417,3_cart_interacted,cart_interacted,A(기존 UI),도심권
418,1_app_opened,app_opened,A(기존 UI),도심권
419,1_app_opened,app_opened,B(개선 UI),도심권
420,1_app_opened,app_opened,B(개선 UI),도심권
420,2_home_viewed,home_viewed,B(개선 UI),도심권
421,1_app_opened,app_opened,B(개선 UI),도심권
421,2_home_viewed,home_viewed,B(개선 UI),도심권
422,1_app_opened,app_opened,B(개선 UI),도심권
422,2_home_viewed,home_viewed,B(개선 UI),도심권
423,1_app_opened,app_opened,A(기존 UI),도심권
424,1_app_opened,app_opened,A(기존 UI),도심권
425,1_app_opened,app_opened,A(기존 UI),외곽 주거지(초월읍 등)
426,1_app_opened,app_opened,B(개선 UI),외곽 주거지(초월읍 등)
426,2_home_viewed,home_viewed,B(개선 UI),외곽 주거지(초월읍 등)
426,3_cart_interacted,cart_interacted,B(개선 UI),외곽 주거지(초월읍 등)
427,1_app_opened,app_opened,A(기존 UI),도심권
428,1_app_opened,app_opened,B(개선 UI),외곽 주거지(초월읍 등)
429,1_app_opened,app_opened,A(기존 UI),도심권
430,1_app_opened,app_opened,A(기존 UI),외곽 주거지(초월읍 등)
430,2_home_viewed,home_viewed,A(기존 UI),외곽 주거지(초월읍 등)
431,1_app_opened,app_opened,A(기존 UI),도심권
431,2_home_viewed,home_viewed,A(기존 UI),도심권
431,3_cart_interacted,cart_interacted,A(기존 UI),도심권
432,1_app_opened,app_opened,B(개선 UI),도심권
432,2_home_viewed,home_viewed,B(개선 UI),도심권
433,1_app_opened,app_opened,B(개선 UI),도심권
433,2_home_viewed,home_viewed,B(개선 UI),도심권
434,1_app_opened,app_opened,A(기존 UI),도심권
435,1_app_opened,app_opened,A(기존 UI),외곽 주거지(초월읍 등)
436,1_app_opened,app_opened,B(개선 UI),도심권
436,2_home_viewed,home_viewed,B(개선 UI),도심권
437,1_app_opened,app_opened,A(기존 UI),도심권
438,1_app_opened,app_opened,B(개선 UI),도심권
438,2_home_viewed,home_viewed,B(개선 UI),도심권
439,1_app_opened,app_opened,B(개선 UI),도심권
440,1_app_opened,app_opened,A(기존 UI),도심권
441,1_app_opened,app_opened,A(기존 UI),도심권
442,1_app_opened,app_opened,B(개선 UI),외곽 주거지(초월읍 등)
443,1_app_opened,app_opened,A(기존 UI),외곽 주거지(초월읍 등)
444,1_app_opened,app_opened,A(기존 UI),외곽 주거지(초월읍 등)
445,1_app_opened,app_opened,B(개선 UI),도심권
445,2_home_viewed,home_viewed,B(개선 UI),도심권
445,3_cart_interacted,cart_interacted,B(개선 UI),도심권
446,1_app_opened,app_opened,B(개선 UI),외곽 주거지(초월읍 등)
446,2_home_viewed,home_viewed,B(개선 UI),외곽 주거지(초월읍 등)
446,3_cart_interacted,cart_interacted,B(개선 UI),외곽 주거지(초월읍 등)
446,4_purchase_completed,purchase_completed,B(개선 UI),외곽 주거지(초월읍 등)
447,1_app_opened,app_opened,B(개선 UI),도심권
447,2_home_viewed,home_viewed,B(개선 UI),도심권
448,1_app_opened,app_opened,B(개선 UI),도심권
448,2_home_viewed,home_viewed,B(개선 UI),도심권
448,3_cart_interacted,cart_interacted,B(개선 UI),도심권
448,4_purchase_completed,purchase_completed,B(개선 UI),도심권
449,1_app_opened,app_opened,A(기존 UI),도심권
450,1_app_opened,app_opened,A(기존 UI),외곽 주거지(초월읍 등)
451,1_app_opened,app_opened,B(개선 UI),외곽 주거지(초월읍 등)
451,2_home_viewed,home_viewed,B(개선 UI),외곽 주거지(초월읍 등)
452,1_app_opened,app_opened,B(개선 UI),외곽 주거지(초월읍 등)
453,1_app_opened,app_opened,A(기존 UI),외곽 주거지(초월읍 등)
454,1_app_opened,app_opened,B(개선 UI),외곽 주거지(초월읍 등)
455,1_app_opened,app_opened,A(기존 UI),외곽 주거지(초월읍 등)
456,1_app_opened,app_opened,A(기존 UI),도심권
457,1_app_opened,app_opened,A(기존 UI),도심권
458,1_app_opened,app_opened,A(기존 UI),도심권
459,1_app_opened,app_opened,A(기존 UI),도심권
460,1_app_opened,app_opened,A(기존 UI),도심권
461,1_app_opened,app_opened,A(기존 UI),도심권
462,1_app_opened,app_opened,B(개선 UI),도심권
462,2_home_viewed,home_viewed,B(개선 UI),도심권
462,3_cart_interacted,cart_interacted,B(개선 UI),도심권
462,4_purchase_completed,purchase_completed,B(개선 UI),도심권
463,1_app_opened,app_opened,B(개선 UI),외곽 주거지(초월읍 등)
464,1_app_opened,app_opened,B(개선 UI),외곽 주거지(초월읍 등)
464,2_home_viewed,home_viewed,B(개선 UI),외곽 주거지(초월읍 등)
464,3_cart_interacted,cart_interacted,B(개선 UI),외곽 주거지(초월읍 등)
464,4_purchase_completed,purchase_completed,B(개선 UI),외곽 주거지(초월읍 등)
465,1_app_opened,app_opened,B(개선 UI),도심권
466,1_app_opened,app_opened,A(기존 UI),도심권
467,1_app_opened,app_opened,A(기존 UI),도심권
468,1_app_opened,app_opened,B(개선 UI),도심권
468,2_home_viewed,home_viewed,B(개선 UI),도심권
469,1_app_opened,app_opened,A(기존 UI),외곽 주거지(초월읍 등)
469,2_home_viewed,home_viewed,A(기존 UI),외곽 주거지(초월읍 등)
469,3_cart_interacted,cart_interacted,A(기존 UI),외곽 주거지(초월읍 등)
470,1_app_opened,app_opened,B(개선 UI),도심권
470,2_home_viewed,home_viewed,B(개선 UI),도심권
470,3_cart_interacted,cart_interacted,B(개선 UI),도심권
470,4_purchase_completed,purchase_completed,B(개선 UI),도심권
471,1_app_opened,app_opened,A(기존 UI),도심권
472,1_app_opened,app_opened,B(개선 UI),외곽 주거지(초월읍 등)
473,1_app_opened,app_opened,A(기존 UI),외곽 주거지(초월읍 등)
474,1_app_opened,app_opened,B(개선 UI),도심권
475,1_app_opened,app_opened,B(개선 UI),외곽 주거지(초월읍 등)
476,1_app_opened,app_opened,B(개선 UI),도심권
477,1_app_opened,app_opened,A(기존 UI),도심권
478,1_app_opened,app_opened,B(개선 UI),도심권
478,2_home_viewed,home_viewed,B(개선 UI),도심권
479,1_app_opened,app_opened,B(개선 UI),도심권
479,2_home_viewed,home_viewed,B(개선 UI),도심권
480,1_app_opened,app_opened,B(개선 UI),도심권
481,1_app_opened,app_opened,B(개선 UI),도심권
481,2_home_viewed,home_viewed,B(개선 UI),도심권
482,1_app_opened,app_opened,B(개선 UI),도심권
483,1_app_opened,app_opened,A(기존 UI),외곽 주거지(초월읍 등)
484,1_app_opened,app_opened,B(개선 UI),도심권
484,2_home_viewed,home_viewed,B(개선 UI),도심권
484,3_cart_interacted,cart_interacted,B(개선 UI),도심권
484,4_purchase_completed,purchase_completed,B(개선 UI),도심권
485,1_app_opened,app_opened,B(개선 UI),도심권
486,1_app_opened,app_opened,B(개선 UI),외곽 주거지(초월읍 등)
487,1_app_opened,app_opened,A(기존 UI),도심권
488,1_app_opened,app_opened,A(기존 UI),외곽 주거지(초월읍 등)
489,1_app_opened,app_opened,B(개선 UI),도심권
489,2_home_viewed,home_viewed,B(개선 UI),도심권
490,1_app_opened,app_opened,B(개선 UI),도심권
491,1_app_opened,app_opened,A(기존 UI),도심권
492,1_app_opened,app_opened,B(개선 UI),도심권
492,2_home_viewed,home_viewed,B(개선 UI),도심권
492,3_cart_interacted,cart_interacted,B(개선 UI),도심권
492,4_purchase_completed,purchase_completed,B(개선 UI),도심권
493,1_app_opened,app_opened,A(기존 UI),도심권
494,1_app_opened,app_opened,A(기존 UI),도심권
495,1_app_opened,app_opened,A(기존 UI),도심권
496,1_app_opened,app_opened,A(기존 UI),도심권
497,1_app_opened,app_opened,B(개선 UI),도심권
498,1_app_opened,app_opened,A(기존 UI),도심권
499,1_app_opened,app_opened,B(개선 UI),도심권
499,2_home_viewed,home_viewed,B(개선 UI),도심권
499,3_cart_interacted,cart_interacted,B(개선 UI),도심권
499,4_purchase_completed,purchase_completed,B(개선 UI),도심권
500,1_app_opened,app_opened,B(개선 UI),도심권
501,1_app_opened,app_opened,B(개선 UI),도심권
502,1_app_opened,app_opened,B(개선 UI),도심권
503,1_app_opened,app_opened,A(기존 UI),외곽 주거지(초월읍 등)
504,1_app_opened,app_opened,B(개선 UI),도심권
504,2_home_viewed,home_viewed,B(개선 UI),도심권
505,1_app_opened,app_opened,B(개선 UI),외곽 주거지(초월읍 등)
505,2_home_viewed,home_viewed,B(개선 UI),외곽 주거지(초월읍 등)
506,1_app_opened,app_opened,A(기존 UI),도심권
506,2_home_viewed,home_viewed,A(기존 UI),도심권
507,1_app_opened,app_opened,B(개선 UI),도심권
508,1_app_opened,app_opened,B(개선 UI),도심권
508,2_home_viewed,home_viewed,B(개선 UI),도심권
508,3_cart_interacted,cart_interacted,B(개선 UI),도심권
509,1_app_opened,app_opened,B(개선 UI),외곽 주거지(초월읍 등)
509,2_home_viewed,home_viewed,B(개선 UI),외곽 주거지(초월읍 등)
509,3_cart_interacted,cart_interacted,B(개선 UI),외곽 주거지(초월읍 등)
510,1_app_opened,app_opened,B(개선 UI),도심권
511,1_app_opened,app_opened,B(개선 UI),도심권
511,2_home_viewed,home_viewed,B(개선 UI),도심권
511,3_cart_interacted,cart_interacted,B(개선 UI),도심권
512,1_app_opened,app_opened,A(기존 UI),도심권
513,1_app_opened,app_opened,B(개선 UI),도심권
514,1_app_opened,app_opened,B(개선 UI),도심권
514,2_home_viewed,home_viewed,B(개선 UI),도심권
514,3_cart_interacted,cart_interacted,B(개선 UI),도심권
515,1_app_opened,app_opened,A(기존 UI),도심권
516,1_app_opened,app_opened,A(기존 UI),도심권
517,1_app_opened,app_opened,A(기존 UI),도심권
518,1_app_opened,app_opened,B(개선 UI),도심권
518,2_home_viewed,home_viewed,B(개선 UI),도심권
519,1_app_opened,app_opened,B(개선 UI),외곽 주거지(초월읍 등)
519,2_home_viewed,home_viewed,B(개선 UI),외곽 주거지(초월읍 등)
520,1_app_opened,app_opened,A(기존 UI),외곽 주거지(초월읍 등)
521,1_app_opened,app_opened,B(개선 UI),도심권
521,2_home_viewed,home_viewed,B(개선 UI),도심권
522,1_app_opened,app_opened,A(기존 UI),도심권
523,1_app_opened,app_opened,B(개선 UI),외곽 주거지(초월읍 등)
524,1_app_opened,app_opened,B(개선 UI),도심권
524,2_home_viewed,home_viewed,B(개선 UI),도심권
525,1_app_opened,app_opened,B(개선 UI),도심권
525,2_home_viewed,home_viewed,B(개선 UI),도심권
525,3_cart_interacted,cart_interacted,B(개선 UI),도심권
526,1_app_opened,app_opened,A(기존 UI),외곽 주거지(초월읍 등)
527,1_app_opened,app_opened,A(기존 UI),도심권
528,1_app_opened,app_opened,A(기존 UI),도심권
528,2_home_viewed,home_viewed,A(기존 UI),도심권
529,1_app_opened,app_opened,A(기존 UI),외곽 주거지(초월읍 등)
530,1_app_opened,app_opened,B(개선 UI),도심권
530,2_home_viewed,home_viewed,B(개선 UI),도심권
531,1_app_opened,app_opened,B(개선 UI),외곽 주거지(초월읍 등)
531,2_home_viewed,home_viewed,B(개선 UI),외곽 주거지(초월읍 등)
532,1_app_opened,app_opened,B(개선 UI),외곽 주거지(초월읍 등)
532,2_home_viewed,home_viewed,B(개선 UI),외곽 주거지(초월읍 등)
533,1_app_opened,app_opened,B(개선 UI),외곽 주거지(초월읍 등)
533,2_home_viewed,home_viewed,B(개선 UI),외곽 주거지(초월읍 등)
533,3_cart_interacted,cart_interacted,B(개선 UI),외곽 주거지(초월읍 등)
534,1_app_opened,app_opened,B(개선 UI),도심권
534,2_home_viewed,home_viewed,B(개선 UI),도심권
535,1_app_opened,app_opened,B(개선 UI),도심권
536,1_app_opened,app_opened,B(개선 UI),도심권
537,1_app_opened,app_opened,B(개선 UI),도심권
537,2_home_viewed,home_viewed,B(개선 UI),도심권
538,1_app_opened,app_opened,A(기존 UI),도심권
539,1_app_opened,app_opened,A(기존 UI),도심권
540,1_app_opened,app_opened,A(기존 UI),도심권
541,1_app_opened,app_opened,B(개선 UI),도심권
541,2_home_viewed,home_viewed,B(개선 UI),도심권
542,1_app_opened,app_opened,B(개선 UI),도심권
542,2_home_viewed,home_viewed,B(개선 UI),도심권
543,1_app_opened,app_opened,A(기존 UI),외곽 주거지(초월읍 등)
544,1_app_opened,app_opened,B(개선 UI),외곽 주거지(초월읍 등)
544,2_home_viewed,home_viewed,B(개선 UI),외곽 주거지(초월읍 등)
545,1_app_opened,app_opened,B(개선 UI),외곽 주거지(초월읍 등)
545,2_home_viewed,home_viewed,B(개선 UI),외곽 주거지(초월읍 등)
546,1_app_opened,app_opened,A(기존 UI),도심권
547,1_app_opened,app_opened,A(기존 UI),외곽 주거지(초월읍 등)
548,1_app_opened,app_opened,B(개선 UI),외곽 주거지(초월읍 등)
548,2_home_viewed,home_viewed,B(개선 UI),외곽 주거지(초월읍 등)
549,1_app_opened,app_opened,B(개선 UI),도심권
550,1_app_opened,app_opened,B(개선 UI),도심권
550,2_home_viewed,home_viewed,B(개선 UI),도심권
551,1_app_opened,app_opened,B(개선 UI),도심권
552,1_app_opened,app_opened,B(개선 UI),도심권
553,1_app_opened,app_opened,B(개선 UI),도심권
554,1_app_opened,app_opened,B(개선 UI),도심권
555,1_app_opened,app_opened,B(개선 UI),외곽 주거지(초월읍 등)
555,2_home_viewed,home_viewed,B(개선 UI),외곽 주거지(초월읍 등)
556,1_app_opened,app_opened,A(기존 UI),도심권
557,1_app_opened,app_opened,A(기존 UI),도심권
558,1_app_opened,app_opened,A(기존 UI),외곽 주거지(초월읍 등)
559,1_app_opened,app_opened,B(개선 UI),도심권
559,2_home_viewed,home_viewed,B(개선 UI),도심권
559,3_cart_interacted,cart_interacted,B(개선 UI),도심권
560,1_app_opened,app_opened,B(개선 UI),외곽 주거지(초월읍 등)
561,1_app_opened,app_opened,B(개선 UI),도심권
562,1_app_opened,app_opened,A(기존 UI),외곽 주거지(초월읍 등)
563,1_app_opened,app_opened,A(기존 UI),도심권
564,1_app_opened,app_opened,A(기존 UI),도심권
564,2_home_viewed,home_viewed,A(기존 UI),도심권
565,1_app_opened,app_opened,A(기존 UI),도심권
566,1_app_opened,app_opened,B(개선 UI),외곽 주거지(초월읍 등)
566,2_home_viewed,home_viewed,B(개선 UI),외곽 주거지(초월읍 등)
567,1_app_opened,app_opened,A(기존 UI),외곽 주거지(초월읍 등)
568,1_app_opened,app_opened,A(기존 UI),도심권
568,2_home_viewed,home_viewed,A(기존 UI),도심권
569,1_app_opened,app_opened,B(개선 UI),외곽 주거지(초월읍 등)
569,2_home_viewed,home_viewed,B(개선 UI),외곽 주거지(초월읍 등)
570,1_app_opened,app_opened,A(기존 UI),도심권
570,2_home_viewed,home_viewed,A(기존 UI),도심권
571,1_app_opened,app_opened,B(개선 UI),도심권
571,2_home_viewed,home_viewed,B(개선 UI),도심권
572,1_app_opened,app_opened,B(개선 UI),외곽 주거지(초월읍 등)
572,2_home_viewed,home_viewed,B(개선 UI),외곽 주거지(초월읍 등)
572,3_cart_interacted,cart_interacted,B(개선 UI),외곽 주거지(초월읍 등)
573,1_app_opened,app_opened,A(기존 UI),도심권
574,1_app_opened,app_opened,B(개선 UI),도심권
574,2_home_viewed,home_viewed,B(개선 UI),도심권
575,1_app_opened,app_opened,B(개선 UI),외곽 주거지(초월읍 등)
575,2_home_viewed,home_viewed,B(개선 UI),외곽 주거지(초월읍 등)
576,1_app_opened,app_opened,B(개선 UI),외곽 주거지(초월읍 등)
576,2_home_viewed,home_viewed,B(개선 UI),외곽 주거지(초월읍 등)
576,3_cart_interacted,cart_interacted,B(개선 UI),외곽 주거지(초월읍 등)
576,4_purchase_completed,purchase_completed,B(개선 UI),외곽 주거지(초월읍 등)
577,1_app_opened,app_opened,A(기존 UI),외곽 주거지(초월읍 등)
578,1_app_opened,app_opened,B(개선 UI),외곽 주거지(초월읍 등)
579,1_app_opened,app_opened,A(기존 UI),도심권
580,1_app_opened,app_opened,A(기존 UI),외곽 주거지(초월읍 등)
580,2_home_viewed,home_viewed,A(기존 UI),외곽 주거지(초월읍 등)
581,1_app_opened,app_opened,A(기존 UI),도심권
582,1_app_opened,app_opened,B(개선 UI),외곽 주거지(초월읍 등)
582,2_home_viewed,home_viewed,B(개선 UI),외곽 주거지(초월읍 등)
583,1_app_opened,app_opened,A(기존 UI),도심권
584,1_app_opened,app_opened,A(기존 UI),도심권
585,1_app_opened,app_opened,B(개선 UI),도심권
586,1_app_opened,app_opened,A(기존 UI),도심권
586,2_home_viewed,home_viewed,A(기존 UI),도심권
587,1_app_opened,app_opened,A(기존 UI),도심권
588,1_app_opened,app_opened,A(기존 UI),외곽 주거지(초월읍 등)
589,1_app_opened,app_opened,A(기존 UI),외곽 주거지(초월읍 등)
590,1_app_opened,app_opened,A(기존 UI),도심권
591,1_app_opened,app_opened,A(기존 UI),외곽 주거지(초월읍 등)
592,1_app_opened,app_opened,B(개선 UI),도심권
592,2_home_viewed,home_viewed,B(개선 UI),도심권
593,1_app_opened,app_opened,A(기존 UI),도심권
594,1_app_opened,app_opened,A(기존 UI),도심권
595,1_app_opened,app_opened,B(개선 UI),외곽 주거지(초월읍 등)
595,2_home_viewed,home_viewed,B(개선 UI),외곽 주거지(초월읍 등)
596,1_app_opened,app_opened,A(기존 UI),외곽 주거지(초월읍 등)
597,1_app_opened,app_opened,B(개선 UI),도심권
597,2_home_viewed,home_viewed,B(개선 UI),도심권
598,1_app_opened,app_opened,A(기존 UI),도심권
599,1_app_opened,app_opened,A(기존 UI),도심권
600,1_app_opened,app_opened,A(기존 UI),도심권
601,1_app_opened,app_opened,A(기존 UI),도심권
602,1_app_opened,app_opened,A(기존 UI),도심권
603,1_app_opened,app_opened,A(기존 UI),도심권
604,1_app_opened,app_opened,A(기존 UI),외곽 주거지(초월읍 등)
605,1_app_opened,app_opened,A(기존 UI),도심권
606,1_app_opened,app_opened,A(기존 UI),도심권
607,1_app_opened,app_opened,A(기존 UI),도심권
608,1_app_opened,app_opened,A(기존 UI),외곽 주거지(초월읍 등)
609,1_app_opened,app_opened,B(개선 UI),외곽 주거지(초월읍 등)
610,1_app_opened,app_opened,B(개선 UI),외곽 주거지(초월읍 등)
611,1_app_opened,app_opened,A(기존 UI),도심권
612,1_app_opened,app_opened,B(개선 UI),외곽 주거지(초월읍 등)
613,1_app_opened,app_opened,B(개선 UI),도심권
613,2_home_viewed,home_viewed,B(개선 UI),도심권
614,1_app_opened,app_opened,A(기존 UI),도심권
615,1_app_opened,app_opened,B(개선 UI),도심권
616,1_app_opened,app_opened,B(개선 UI),도심권
616,2_home_viewed,home_viewed,B(개선 UI),도심권
616,3_cart_interacted,cart_interacted,B(개선 UI),도심권
617,1_app_opened,app_opened,A(기존 UI),외곽 주거지(초월읍 등)
617,2_home_viewed,home_viewed,A(기존 UI),외곽 주거지(초월읍 등)
618,1_app_opened,app_opened,A(기존 UI),외곽 주거지(초월읍 등)
619,1_app_opened,app_opened,B(개선 UI),도심권
620,1_app_opened,app_opened,B(개선 UI),도심권
620,2_home_viewed,home_viewed,B(개선 UI),도심권
621,1_app_opened,app_opened,A(기존 UI),도심권
622,1_app_opened,app_opened,A(기존 UI),도심권
623,1_app_opened,app_opened,A(기존 UI),도심권
624,1_app_opened,app_opened,A(기존 UI),외곽 주거지(초월읍 등)
625,1_app_opened,app_opened,B(개선 UI),외곽 주거지(초월읍 등)
626,1_app_opened,app_opened,A(기존 UI),도심권
627,1_app_opened,app_opened,A(기존 UI),외곽 주거지(초월읍 등)
628,1_app_opened,app_opened,B(개선 UI),도심권
628,2_home_viewed,home_viewed,B(개선 UI),도심권
629,1_app_opened,app_opened,A(기존 UI),도심권
629,2_home_viewed,home_viewed,A(기존 UI),도심권
630,1_app_opened,app_opened,A(기존 UI),도심권
631,1_app_opened,app_opened,B(개선 UI),도심권
632,1_app_opened,app_opened,B(개선 UI),외곽 주거지(초월읍 등)
633,1_app_opened,app_opened,B(개선 UI),도심권
634,1_app_opened,app_opened,B(개선 UI),도심권
635,1_app_opened,app_opened,A(기존 UI),도심권
636,1_app_opened,app_opened,A(기존 UI),외곽 주거지(초월읍 등)
637,1_app_opened,app_opened,B(개선 UI),도심권
637,2_home_viewed,home_viewed,B(개선 UI),도심권
638,1_app_opened,app_opened,A(기존 UI),외곽 주거지(초월읍 등)
639,1_app_opened,app_opened,A(기존 UI),외곽 주거지(초월읍 등)
640,1_app_opened,app_opened,A(기존 UI),도심권
641,1_app_opened,app_opened,A(기존 UI),도심권
642,1_app_opened,app_opened,A(기존 UI),외곽 주거지(초월읍 등)
643,1_app_opened,app_opened,A(기존 UI),도심권
644,1_app_opened,app_opened,A(기존 UI),외곽 주거지(초월읍 등)
644,2_home_viewed,home_viewed,A(기존 UI),외곽 주거지(초월읍 등)
645,1_app_opened,app_opened,A(기존 UI),도심권
645,2_home_viewed,home_viewed,A(기존 UI),도심권
646,1_app_opened,app_opened,B(개선 UI),도심권
646,2_home_viewed,home_viewed,B(개선 UI),도심권
647,1_app_opened,app_opened,B(개선 UI),외곽 주거지(초월읍 등)
647,2_home_viewed,home_viewed,B(개선 UI),외곽 주거지(초월읍 등)
647,3_cart_interacted,cart_interacted,B(개선 UI),외곽 주거지(초월읍 등)
648,1_app_opened,app_opened,B(개선 UI),외곽 주거지(초월읍 등)
649,1_app_opened,app_opened,B(개선 UI),외곽 주거지(초월읍 등)
649,2_home_viewed,home_viewed,B(개선 UI),외곽 주거지(초월읍 등)
650,1_app_opened,app_opened,A(기존 UI),도심권
650,2_home_viewed,home_viewed,A(기존 UI),도심권
651,1_app_opened,app_opened,A(기존 UI),외곽 주거지(초월읍 등)
652,1_app_opened,app_opened,B(개선 UI),외곽 주거지(초월읍 등)
652,2_home_viewed,home_viewed,B(개선 UI),외곽 주거지(초월읍 등)
652,3_cart_interacted,cart_interacted,B(개선 UI),외곽 주거지(초월읍 등)
653,1_app_opened,app_opened,B(개선 UI),외곽 주거지(초월읍 등)
653,2_home_viewed,home_viewed,B(개선 UI),외곽 주거지(초월읍 등)
654,1_app_opened,app_opened,B(개선 UI),도심권
655,1_app_opened,app_opened,A(기존 UI),도심권
656,1_app_opened,app_opened,A(기존 UI),외곽 주거지(초월읍 등)
657,1_app_opened,app_opened,A(기존 UI),도심권
658,1_app_opened,app_opened,A(기존 UI),도심권
659,1_app_opened,app_opened,B(개선 UI),도심권
659,2_home_viewed,home_viewed,B(개선 UI),도심권
660,1_app_opened,app_opened,B(개선 UI),도심권
660,2_home_viewed,home_viewed,B(개선 UI),도심권
661,1_app_opened,app_opened,A(기존 UI),도심권
662,1_app_opened,app_opened,B(개선 UI),도심권
663,1_app_opened,app_opened,B(개선 UI),외곽 주거지(초월읍 등)
663,2_home_viewed,home_viewed,B(개선 UI),외곽 주거지(초월읍 등)
664,1_app_opened,app_opened,A(기존 UI),도심권
665,1_app_opened,app_opened,A(기존 UI),도심권
666,1_app_opened,app_opened,A(기존 UI),도심권
667,1_app_opened,app_opened,A(기존 UI),도심권
667,2_home_viewed,home_viewed,A(기존 UI),도심권
668,1_app_opened,app_opened,A(기존 UI),도심권
669,1_app_opened,app_opened,A(기존 UI),외곽 주거지(초월읍 등)
670,1_app_opened,app_opened,A(기존 UI),도심권
671,1_app_opened,app_opened,A(기존 UI),외곽 주거지(초월읍 등)
672,1_app_opened,app_opened,B(개선 UI),도심권
672,2_home_viewed,home_viewed,B(개선 UI),도심권
672,3_cart_interacted,cart_interacted,B(개선 UI),도심권
673,1_app_opened,app_opened,A(기존 UI),도심권
674,1_app_opened,app_opened,B(개선 UI),도심권
675,1_app_opened,app_opened,A(기존 UI),도심권
676,1_app_opened,app_opened,B(개선 UI),외곽 주거지(초월읍 등)
676,2_home_viewed,home_viewed,B(개선 UI),외곽 주거지(초월읍 등)
676,3_cart_interacted,cart_interacted,B(개선 UI),외곽 주거지(초월읍 등)
677,1_app_opened,app_opened,A(기존 UI),외곽 주거지(초월읍 등)
678,1_app_opened,app_opened,A(기존 UI),도심권
678,2_home_viewed,home_viewed,A(기존 UI),도심권
679,1_app_opened,app_opened,B(개선 UI),도심권
679,2_home_viewed,home_viewed,B(개선 UI),도심권
680,1_app_opened,app_opened,B(개선 UI),도심권
680,2_home_viewed,home_viewed,B(개선 UI),도심권
680,3_cart_interacted,cart_interacted,B(개선 UI),도심권
681,1_app_opened,app_opened,B(개선 UI),도심권
681,2_home_viewed,home_viewed,B(개선 UI),도심권
681,3_cart_interacted,cart_interacted,B(개선 UI),도심권
682,1_app_opened,app_opened,A(기존 UI),외곽 주거지(초월읍 등)
682,2_home_viewed,home_viewed,A(기존 UI),외곽 주거지(초월읍 등)
683,1_app_opened,app_opened,A(기존 UI),도심권
683,2_home_viewed,home_viewed,A(기존 UI),도심권
683,3_cart_interacted,cart_interacted,A(기존 UI),도심권
683,4_purchase_completed,purchase_completed,A(기존 UI),도심권
684,1_app_opened,app_opened,B(개선 UI),외곽 주거지(초월읍 등)
684,2_home_viewed,home_viewed,B(개선 UI),외곽 주거지(초월읍 등)
685,1_app_opened,app_opened,B(개선 UI),도심권
685,2_home_viewed,home_viewed,B(개선 UI),도심권
685,3_cart_interacted,cart_interacted,B(개선 UI),도심권
686,1_app_opened,app_opened,B(개선 UI),도심권
686,2_home_viewed,home_viewed,B(개선 UI),도심권
686,3_cart_interacted,cart_interacted,B(개선 UI),도심권
686,4_purchase_completed,purchase_completed,B(개선 UI),도심권
687,1_app_opened,app_opened,B(개선 UI),도심권
687,2_home_viewed,home_viewed,B(개선 UI),도심권
688,1_app_opened,app_opened,A(기존 UI),도심권
689,1_app_opened,app_opened,B(개선 UI),외곽 주거지(초월읍 등)
690,1_app_opened,app_opened,A(기존 UI),도심권
691,1_app_opened,app_opened,A(기존 UI),외곽 주거지(초월읍 등)
692,1_app_opened,app_opened,A(기존 UI),도심권
693,1_app_opened,app_opened,B(개선 UI),외곽 주거지(초월읍 등)
693,2_home_viewed,home_viewed,B(개선 UI),외곽 주거지(초월읍 등)
694,1_app_opened,app_opened,A(기존 UI),도심권
695,1_app_opened,app_opened,A(기존 UI),외곽 주거지(초월읍 등)
695,2_home_viewed,home_viewed,A(기존 UI),외곽 주거지(초월읍 등)
696,1_app_opened,app_opened,B(개선 UI),외곽 주거지(초월읍 등)
697,1_app_opened,app_opened,A(기존 UI),외곽 주거지(초월읍 등)
698,1_app_opened,app_opened,B(개선 UI),도심권
698,2_home_viewed,home_viewed,B(개선 UI),도심권
699,1_app_opened,app_opened,A(기존 UI),외곽 주거지(초월읍 등)
699,2_home_viewed,home_viewed,A(기존 UI),외곽 주거지(초월읍 등)
700,1_app_opened,app_opened,A(기존 UI),도심권
701,1_app_opened,app_opened,B(개선 UI),도심권
702,1_app_opened,app_opened,A(기존 UI),도심권
703,1_app_opened,app_opened,A(기존 UI),도심권
704,1_app_opened,app_opened,A(기존 UI),외곽 주거지(초월읍 등)
704,2_home_viewed,home_viewed,A(기존 UI),외곽 주거지(초월읍 등)
705,1_app_opened,app_opened,A(기존 UI),도심권
706,1_app_opened,app_opened,B(개선 UI),도심권
706,2_home_viewed,home_viewed,B(개선 UI),도심권
706,3_cart_interacted,cart_interacted,B(개선 UI),도심권
707,1_app_opened,app_opened,A(기존 UI),도심권
708,1_app_opened,app_opened,B(개선 UI),도심권
708,2_home_viewed,home_viewed,B(개선 UI),도심권
709,1_app_opened,app_opened,A(기존 UI),도심권
710,1_app_opened,app_opened,B(개선 UI),도심권
710,2_home_viewed,home_viewed,B(개선 UI),도심권
711,1_app_opened,app_opened,B(개선 UI),도심권
711,2_home_viewed,home_viewed,B(개선 UI),도심권
712,1_app_opened,app_opened,B(개선 UI),도심권
713,1_app_opened,app_opened,A(기존 UI),외곽 주거지(초월읍 등)
714,1_app_opened,app_opened,A(기존 UI),외곽 주거지(초월읍 등)
715,1_app_opened,app_opened,A(기존 UI),외곽 주거지(초월읍 등)
716,1_app_opened,app_opened,B(개선 UI),도심권
716,2_home_viewed,home_viewed,B(개선 UI),도심권
717,1_app_opened,app_opened,B(개선 UI),도심권
717,2_home_viewed,home_viewed,B(개선 UI),도심권
717,3_cart_interacted,cart_interacted,B(개선 UI),도심권
718,1_app_opened,app_opened,B(개선 UI),도심권
718,2_home_viewed,home_viewed,B(개선 UI),도심권
718,3_cart_interacted,cart_interacted,B(개선 UI),도심권
718,4_purchase_completed,purchase_completed,B(개선 UI),도심권
719,1_app_opened,app_opened,A(기존 UI),도심권
720,1_app_opened,app_opened,B(개선 UI),도심권
720,2_home_viewed,home_viewed,B(개선 UI),도심권
720,3_cart_interacted,cart_interacted,B(개선 UI),도심권
721,1_app_opened,app_opened,B(개선 UI),도심권
721,2_home_viewed,home_viewed,B(개선 UI),도심권
722,1_app_opened,app_opened,A(기존 UI),도심권
722,2_home_viewed,home_viewed,A(기존 UI),도심권
722,3_cart_interacted,cart_interacted,A(기존 UI),도심권
723,1_app_opened,app_opened,A(기존 UI),도심권
724,1_app_opened,app_opened,B(개선 UI),외곽 주거지(초월읍 등)
724,2_home_viewed,home_viewed,B(개선 UI),외곽 주거지(초월읍 등)
725,1_app_opened,app_opened,B(개선 UI),도심권
725,2_home_viewed,home_viewed,B(개선 UI),도심권
725,3_cart_interacted,cart_interacted,B(개선 UI),도심권
725,4_purchase_completed,purchase_completed,B(개선 UI),도심권
726,1_app_opened,app_opened,B(개선 UI),도심권
726,2_home_viewed,home_viewed,B(개선 UI),도심권
727,1_app_opened,app_opened,A(기존 UI),도심권
728,1_app_opened,app_opened,B(개선 UI),도심권
729,1_app_opened,app_opened,A(기존 UI),도심권
730,1_app_opened,app_opened,A(기존 UI),도심권
731,1_app_opened,app_opened,A(기존 UI),도심권
732,1_app_opened,app_opened,B(개선 UI),외곽 주거지(초월읍 등)
732,2_home_viewed,home_viewed,B(개선 UI),외곽 주거지(초월읍 등)
733,1_app_opened,app_opened,B(개선 UI),외곽 주거지(초월읍 등)
733,2_home_viewed,home_viewed,B(개선 UI),외곽 주거지(초월읍 등)
734,1_app_opened,app_opened,B(개선 UI),도심권
734,2_home_viewed,home_viewed,B(개선 UI),도심권
734,3_cart_interacted,cart_interacted,B(개선 UI),도심권
735,1_app_opened,app_opened,A(기존 UI),도심권
736,1_app_opened,app_opened,B(개선 UI),도심권
737,1_app_opened,app_opened,A(기존 UI),외곽 주거지(초월읍 등)
738,1_app_opened,app_opened,B(개선 UI),도심권
739,1_app_opened,app_opened,A(기존 UI),도심권
740,1_app_opened,app_opened,A(기존 UI),도심권
741,1_app_opened,app_opened,A(기존 UI),도심권
742,1_app_opened,app_opened,A(기존 UI),외곽 주거지(초월읍 등)
743,1_app_opened,app_opened,B(개선 UI),도심권
744,1_app_opened,app_opened,B(개선 UI),도심권
744,2_home_viewed,home_viewed,B(개선 UI),도심권
745,1_app_opened,app_opened,A(기존 UI),도심권
746,1_app_opened,app_opened,B(개선 UI),도심권
746,2_home_viewed,home_viewed,B(개선 UI),도심권
746,3_cart_interacted,cart_interacted,B(개선 UI),도심권
747,1_app_opened,app_opened,A(기존 UI),외곽 주거지(초월읍 등)
748,1_app_opened,app_opened,B(개선 UI),외곽 주거지(초월읍 등)
748,2_home_viewed,home_viewed,B(개선 UI),외곽 주거지(초월읍 등)
748,3_cart_interacted,cart_interacted,B(개선 UI),외곽 주거지(초월읍 등)
749,1_app_opened,app_opened,B(개선 UI),도심권
749,2_home_viewed,home_viewed,B(개선 UI),도심권
750,1_app_opened,app_opened,B(개선 UI),도심권
750,2_home_viewed,home_viewed,B(개선 UI),도심권
751,1_app_opened,app_opened,A(기존 UI),도심권
751,2_home_viewed,home_viewed,A(기존 UI),도심권
752,1_app_opened,app_opened,B(개선 UI),도심권
752,2_home_viewed,home_viewed,B(개선 UI),도심권
753,1_app_opened,app_opened,B(개선 UI),도심권
753,2_home_viewed,home_viewed,B(개선 UI),도심권
753,3_cart_interacted,cart_interacted,B(개선 UI),도심권
754,1_app_opened,app_opened,A(기존 UI),도심권
755,1_app_opened,app_opened,A(기존 UI),도심권
756,1_app_opened,app_opened,B(개선 UI),도심권
756,2_home_viewed,home_viewed,B(개선 UI),도심권
756,3_cart_interacted,cart_interacted,B(개선 UI),도심권
756,4_purchase_completed,purchase_completed,B(개선 UI),도심권
757,1_app_opened,app_opened,B(개선 UI),도심권
758,1_app_opened,app_opened,B(개선 UI),외곽 주거지(초월읍 등)
759,1_app_opened,app_opened,B(개선 UI),도심권
759,2_home_viewed,home_viewed,B(개선 UI),도심권
760,1_app_opened,app_opened,B(개선 UI),외곽 주거지(초월읍 등)
760,2_home_viewed,home_viewed,B(개선 UI),외곽 주거지(초월읍 등)
761,1_app_opened,app_opened,A(기존 UI),도심권
762,1_app_opened,app_opened,A(기존 UI),도심권
763,1_app_opened,app_opened,A(기존 UI),외곽 주거지(초월읍 등)
763,2_home_viewed,home_viewed,A(기존 UI),외곽 주거지(초월읍 등)
764,1_app_opened,app_opened,B(개선 UI),도심권
764,2_home_viewed,home_viewed,B(개선 UI),도심권
765,1_app_opened,app_opened,A(기존 UI),외곽 주거지(초월읍 등)
766,1_app_opened,app_opened,B(개선 UI),도심권
767,1_app_opened,app_opened,B(개선 UI),도심권
767,2_home_viewed,home_viewed,B(개선 UI),도심권
768,1_app_opened,app_opened,B(개선 UI),도심권
768,2_home_viewed,home_viewed,B(개선 UI),도심권
768,3_cart_interacted,cart_interacted,B(개선 UI),도심권
768,4_purchase_completed,purchase_completed,B(개선 UI),도심권
769,1_app_opened,app_opened,A(기존 UI),도심권
770,1_app_opened,app_opened,B(개선 UI),도심권
770,2_home_viewed,home_viewed,B(개선 UI),도심권
770,3_cart_interacted,cart_interacted,B(개선 UI),도심권
770,4_purchase_completed,purchase_completed,B(개선 UI),도심권
771,1_app_opened,app_opened,A(기존 UI),도심권
771,2_home_viewed,home_viewed,A(기존 UI),도심권
772,1_app_opened,app_opened,B(개선 UI),도심권
772,2_home_viewed,home_viewed,B(개선 UI),도심권
773,1_app_opened,app_opened,A(기존 UI),도심권
774,1_app_opened,app_opened,A(기존 UI),도심권
775,1_app_opened,app_opened,B(개선 UI),도심권
776,1_app_opened,app_opened,A(기존 UI),도심권
777,1_app_opened,app_opened,A(기존 UI),도심권
777,2_home_viewed,home_viewed,A(기존 UI),도심권
778,1_app_opened,app_opened,B(개선 UI),외곽 주거지(초월읍 등)
778,2_home_viewed,home_viewed,B(개선 UI),외곽 주거지(초월읍 등)
778,3_cart_interacted,cart_interacted,B(개선 UI),외곽 주거지(초월읍 등)
779,1_app_opened,app_opened,B(개선 UI),외곽 주거지(초월읍 등)
780,1_app_opened,app_opened,B(개선 UI),도심권
780,2_home_viewed,home_viewed,B(개선 UI),도심권
781,1_app_opened,app_opened,B(개선 UI),외곽 주거지(초월읍 등)
782,1_app_opened,app_opened,B(개선 UI),도심권
782,2_home_viewed,home_viewed,B(개선 UI),도심권
782,3_cart_interacted,cart_interacted,B(개선 UI),도심권
782,4_purchase_completed,purchase_completed,B(개선 UI),도심권
783,1_app_opened,app_opened,A(기존 UI),외곽 주거지(초월읍 등)
784,1_app_opened,app_opened,A(기존 UI),외곽 주거지(초월읍 등)
785,1_app_opened,app_opened,A(기존 UI),외곽 주거지(초월읍 등)
786,1_app_opened,app_opened,B(개선 UI),도심권
787,1_app_opened,app_opened,B(개선 UI),도심권
788,1_app_opened,app_opened,A(기존 UI),도심권
788,2_home_viewed,home_viewed,A(기존 UI),도심권
789,1_app_opened,app_opened,A(기존 UI),외곽 주거지(초월읍 등)
790,1_app_opened,app_opened,B(개선 UI),도심권
790,2_home_viewed,home_viewed,B(개선 UI),도심권
791,1_app_opened,app_opened,A(기존 UI),외곽 주거지(초월읍 등)
792,1_app_opened,app_opened,B(개선 UI),도심권
792,2_home_viewed,home_viewed,B(개선 UI),도심권
792,3_cart_interacted,cart_interacted,B(개선 UI),도심권
792,4_purchase_completed,purchase_completed,B(개선 UI),도심권
793,1_app_opened,app_opened,B(개선 UI),외곽 주거지(초월읍 등)
793,2_home_viewed,home_viewed,B(개선 UI),외곽 주거지(초월읍 등)
794,1_app_opened,app_opened,B(개선 UI),도심권
794,2_home_viewed,home_viewed,B(개선 UI),도심권
795,1_app_opened,app_opened,A(기존 UI),도심권
796,1_app_opened,app_opened,B(개선 UI),도심권
796,2_home_viewed,home_viewed,B(개선 UI),도심권
797,1_app_opened,app_opened,B(개선 UI),도심권
798,1_app_opened,app_opened,B(개선 UI),도심권
799,1_app_opened,app_opened,B(개선 UI),외곽 주거지(초월읍 등)
799,2_home_viewed,home_viewed,B(개선 UI),외곽 주거지(초월읍 등)
799,3_cart_interacted,cart_interacted,B(개선 UI),외곽 주거지(초월읍 등)
799,4_purchase_completed,purchase_completed,B(개선 UI),외곽 주거지(초월읍 등)
800,1_app_opened,app_opened,B(개선 UI),도심권
801,1_app_opened,app_opened,B(개선 UI),도심권
802,1_app_opened,app_opened,A(기존 UI),외곽 주거지(초월읍 등)
803,1_app_opened,app_opened,B(개선 UI),도심권
803,2_home_viewed,home_viewed,B(개선 UI),도심권
804,1_app_opened,app_opened,B(개선 UI),외곽 주거지(초월읍 등)
804,2_home_viewed,home_viewed,B(개선 UI),외곽 주거지(초월읍 등)
805,1_app_opened,app_opened,A(기존 UI),외곽 주거지(초월읍 등)
806,1_app_opened,app_opened,B(개선 UI),도심권
806,2_home_viewed,home_viewed,B(개선 UI),도심권
807,1_app_opened,app_opened,B(개선 UI),도심권
807,2_home_viewed,home_viewed,B(개선 UI),도심권
808,1_app_opened,app_opened,B(개선 UI),도심권
809,1_app_opened,app_opened,A(기존 UI),외곽 주거지(초월읍 등)
810,1_app_opened,app_opened,A(기존 UI),도심권
811,1_app_opened,app_opened,B(개선 UI),도심권
811,2_home_viewed,home_viewed,B(개선 UI),도심권
811,3_cart_interacted,cart_interacted,B(개선 UI),도심권
811,4_purchase_completed,purchase_completed,B(개선 UI),도심권
812,1_app_opened,app_opened,B(개선 UI),외곽 주거지(초월읍 등)
812,2_home_viewed,home_viewed,B(개선 UI),외곽 주거지(초월읍 등)
812,3_cart_interacted,cart_interacted,B(개선 UI),외곽 주거지(초월읍 등)
812,4_purchase_completed,purchase_completed,B(개선 UI),외곽 주거지(초월읍 등)
813,1_app_opened,app_opened,A(기존 UI),도심권
814,1_app_opened,app_opened,B(개선 UI),외곽 주거지(초월읍 등)
814,2_home_viewed,home_viewed,B(개선 UI),외곽 주거지(초월읍 등)
815,1_app_opened,app_opened,B(개선 UI),외곽 주거지(초월읍 등)
815,2_home_viewed,home_viewed,B(개선 UI),외곽 주거지(초월읍 등)
816,1_app_opened,app_opened,B(개선 UI),도심권
816,2_home_viewed,home_viewed,B(개선 UI),도심권
817,1_app_opened,app_opened,B(개선 UI),외곽 주거지(초월읍 등)
818,1_app_opened,app_opened,A(기존 UI),외곽 주거지(초월읍 등)
819,1_app_opened,app_opened,A(기존 UI),도심권
820,1_app_opened,app_opened,A(기존 UI),도심권
821,1_app_opened,app_opened,B(개선 UI),도심권
821,2_home_viewed,home_viewed,B(개선 UI),도심권
822,1_app_opened,app_opened,A(기존 UI),도심권
823,1_app_opened,app_opened,A(기존 UI),외곽 주거지(초월읍 등)
824,1_app_opened,app_opened,A(기존 UI),도심권
825,1_app_opened,app_opened,B(개선 UI),도심권
826,1_app_opened,app_opened,B(개선 UI),도심권
826,2_home_viewed,home_viewed,B(개선 UI),도심권
827,1_app_opened,app_opened,A(기존 UI),도심권
827,2_home_viewed,home_viewed,A(기존 UI),도심권
827,3_cart_interacted,cart_interacted,A(기존 UI),도심권
827,4_purchase_completed,purchase_completed,A(기존 UI),도심권
828,1_app_opened,app_opened,A(기존 UI),외곽 주거지(초월읍 등)
829,1_app_opened,app_opened,B(개선 UI),외곽 주거지(초월읍 등)
829,2_home_viewed,home_viewed,B(개선 UI),외곽 주거지(초월읍 등)
830,1_app_opened,app_opened,A(기존 UI),도심권
831,1_app_opened,app_opened,A(기존 UI),도심권
831,2_home_viewed,home_viewed,A(기존 UI),도심권
832,1_app_opened,app_opened,A(기존 UI),도심권
833,1_app_opened,app_opened,A(기존 UI),도심권
834,1_app_opened,app_opened,A(기존 UI),도심권
835,1_app_opened,app_opened,A(기존 UI),도심권
835,2_home_viewed,home_viewed,A(기존 UI),도심권
836,1_app_opened,app_opened,A(기존 UI),외곽 주거지(초월읍 등)
837,1_app_opened,app_opened,B(개선 UI),도심권
837,2_home_viewed,home_viewed,B(개선 UI),도심권
837,3_cart_interacted,cart_interacted,B(개선 UI),도심권
838,1_app_opened,app_opened,A(기존 UI),외곽 주거지(초월읍 등)
839,1_app_opened,app_opened,B(개선 UI),도심권
840,1_app_opened,app_opened,B(개선 UI),도심권
840,2_home_viewed,home_viewed,B(개선 UI),도심권
840,3_cart_interacted,cart_interacted,B(개선 UI),도심권
841,1_app_opened,app_opened,A(기존 UI),외곽 주거지(초월읍 등)
842,1_app_opened,app_opened,B(개선 UI),도심권
843,1_app_opened,app_opened,A(기존 UI),외곽 주거지(초월읍 등)
844,1_app_opened,app_opened,B(개선 UI),도심권
845,1_app_opened,app_opened,A(기존 UI),도심권
846,1_app_opened,app_opened,A(기존 UI),외곽 주거지(초월읍 등)
847,1_app_opened,app_opened,A(기존 UI),도심권
848,1_app_opened,app_opened,B(개선 UI),외곽 주거지(초월읍 등)
848,2_home_viewed,home_viewed,B(개선 UI),외곽 주거지(초월읍 등)
849,1_app_opened,app_opened,B(개선 UI),외곽 주거지(초월읍 등)
850,1_app_opened,app_opened,B(개선 UI),도심권
851,1_app_opened,app_opened,A(기존 UI),도심권
852,1_app_opened,app_opened,B(개선 UI),도심권
852,2_home_viewed,home_viewed,B(개선 UI),도심권
853,1_app_opened,app_opened,A(기존 UI),도심권
854,1_app_opened,app_opened,B(개선 UI),외곽 주거지(초월읍 등)
854,2_home_viewed,home_viewed,B(개선 UI),외곽 주거지(초월읍 등)
855,1_app_opened,app_opened,A(기존 UI),도심권
856,1_app_opened,app_opened,A(기존 UI),도심권
857,1_app_opened,app_opened,A(기존 UI),외곽 주거지(초월읍 등)
858,1_app_opened,app_opened,A(기존 UI),도심권
859,1_app_opened,app_opened,B(개선 UI),외곽 주거지(초월읍 등)
860,1_app_opened,app_opened,A(기존 UI),도심권
861,1_app_opened,app_opened,B(개선 UI),외곽 주거지(초월읍 등)
862,1_app_opened,app_opened,A(기존 UI),도심권
863,1_app_opened,app_opened,B(개선 UI),도심권
863,2_home_viewed,home_viewed,B(개선 UI),도심권
863,3_cart_interacted,cart_interacted,B(개선 UI),도심권
863,4_purchase_completed,purchase_completed,B(개선 UI),도심권
864,1_app_opened,app_opened,A(기존 UI),도심권
865,1_app_opened,app_opened,A(기존 UI),도심권
866,1_app_opened,app_opened,B(개선 UI),외곽 주거지(초월읍 등)
866,2_home_viewed,home_viewed,B(개선 UI),외곽 주거지(초월읍 등)
866,3_cart_interacted,cart_interacted,B(개선 UI),외곽 주거지(초월읍 등)
866,4_purchase_completed,purchase_completed,B(개선 UI),외곽 주거지(초월읍 등)
867,1_app_opened,app_opened,A(기존 UI),도심권
867,2_home_viewed,home_viewed,A(기존 UI),도심권
868,1_app_opened,app_opened,A(기존 UI),외곽 주거지(초월읍 등)
868,2_home_viewed,home_viewed,A(기존 UI),외곽 주거지(초월읍 등)
869,1_app_opened,app_opened,B(개선 UI),도심권
870,1_app_opened,app_opened,B(개선 UI),도심권
871,1_app_opened,app_opened,A(기존 UI),도심권
871,2_home_viewed,home_viewed,A(기존 UI),도심권
872,1_app_opened,app_opened,A(기존 UI),도심권
873,1_app_opened,app_opened,B(개선 UI),도심권
873,2_home_viewed,home_viewed,B(개선 UI),도심권
873,3_cart_interacted,cart_interacted,B(개선 UI),도심권
873,4_purchase_completed,purchase_completed,B(개선 UI),도심권
874,1_app_opened,app_opened,A(기존 UI),도심권
875,1_app_opened,app_opened,A(기존 UI),외곽 주거지(초월읍 등)
876,1_app_opened,app_opened,A(기존 UI),도심권
877,1_app_opened,app_opened,B(개선 UI),도심권
877,2_home_viewed,home_viewed,B(개선 UI),도심권
878,1_app_opened,app_opened,B(개선 UI),도심권
878,2_home_viewed,home_viewed,B(개선 UI),도심권
879,1_app_opened,app_opened,A(기존 UI),도심권
880,1_app_opened,app_opened,A(기존 UI),외곽 주거지(초월읍 등)
881,1_app_opened,app_opened,A(기존 UI),도심권
882,1_app_opened,app_opened,B(개선 UI),도심권
883,1_app_opened,app_opened,A(기존 UI),도심권
884,1_app_opened,app_opened,A(기존 UI),도심권
885,1_app_opened,app_opened,B(개선 UI),도심권
885,2_home_viewed,home_viewed,B(개선 UI),도심권
886,1_app_opened,app_opened,A(기존 UI),도심권
887,1_app_opened,app_opened,B(개선 UI),도심권
888,1_app_opened,app_opened,A(기존 UI),도심권
889,1_app_opened,app_opened,A(기존 UI),외곽 주거지(초월읍 등)
890,1_app_opened,app_opened,A(기존 UI),도심권
891,1_app_opened,app_opened,B(개선 UI),외곽 주거지(초월읍 등)
891,2_home_viewed,home_viewed,B(개선 UI),외곽 주거지(초월읍 등)
891,3_cart_interacted,cart_interacted,B(개선 UI),외곽 주거지(초월읍 등)
892,1_app_opened,app_opened,B(개선 UI),도심권
892,2_home_viewed,home_viewed,B(개선 UI),도심권
893,1_app_opened,app_opened,B(개선 UI),외곽 주거지(초월읍 등)
894,1_app_opened,app_opened,A(기존 UI),도심권
895,1_app_opened,app_opened,B(개선 UI),도심권
895,2_home_viewed,home_viewed,B(개선 UI),도심권
895,3_cart_interacted,cart_interacted,B(개선 UI),도심권
896,1_app_opened,app_opened,A(기존 UI),도심권
897,1_app_opened,app_opened,A(기존 UI),도심권
898,1_app_opened,app_opened,B(개선 UI),도심권
898,2_home_viewed,home_viewed,B(개선 UI),도심권
899,1_app_opened,app_opened,A(기존 UI),도심권
900,1_app_opened,app_opened,A(기존 UI),도심권
901,1_app_opened,app_opened,A(기존 UI),도심권
902,1_app_opened,app_opened,A(기존 UI),도심권
903,1_app_opened,app_opened,A(기존 UI),외곽 주거지(초월읍 등)
904,1_app_opened,app_opened,B(개선 UI),도심권
904,2_home_viewed,home_viewed,B(개선 UI),도심권
905,1_app_opened,app_opened,A(기존 UI),도심권
906,1_app_opened,app_opened,B(개선 UI),도심권
906,2_home_viewed,home_viewed,B(개선 UI),도심권
907,1_app_opened,app_opened,B(개선 UI),도심권
907,2_home_viewed,home_viewed,B(개선 UI),도심권
907,3_cart_interacted,cart_interacted,B(개선 UI),도심권
907,4_purchase_completed,purchase_completed,B(개선 UI),도심권
908,1_app_opened,app_opened,A(기존 UI),도심권
909,1_app_opened,app_opened,A(기존 UI),외곽 주거지(초월읍 등)
910,1_app_opened,app_opened,A(기존 UI),도심권
911,1_app_opened,app_opened,B(개선 UI),도심권
911,2_home_viewed,home_viewed,B(개선 UI),도심권
911,3_cart_interacted,cart_interacted,B(개선 UI),도심권
912,1_app_opened,app_opened,A(기존 UI),도심권
913,1_app_opened,app_opened,B(개선 UI),도심권
914,1_app_opened,app_opened,A(기존 UI),외곽 주거지(초월읍 등)
915,1_app_opened,app_opened,B(개선 UI),외곽 주거지(초월읍 등)
915,2_home_viewed,home_viewed,B(개선 UI),외곽 주거지(초월읍 등)
915,3_cart_interacted,cart_interacted,B(개선 UI),외곽 주거지(초월읍 등)
916,1_app_opened,app_opened,A(기존 UI),도심권
917,1_app_opened,app_opened,A(기존 UI),도심권
917,2_home_viewed,home_viewed,A(기존 UI),도심권
918,1_app_opened,app_opened,B(개선 UI),도심권
918,2_home_viewed,home_viewed,B(개선 UI),도심권
918,3_cart_interacted,cart_interacted,B(개선 UI),도심권
918,4_purchase_completed,purchase_completed,B(개선 UI),도심권
919,1_app_opened,app_opened,B(개선 UI),도심권
919,2_home_viewed,home_viewed,B(개선 UI),도심권
920,1_app_opened,app_opened,A(기존 UI),도심권
921,1_app_opened,app_opened,B(개선 UI),외곽 주거지(초월읍 등)
922,1_app_opened,app_opened,A(기존 UI),도심권
923,1_app_opened,app_opened,B(개선 UI),도심권
923,2_home_viewed,home_viewed,B(개선 UI),도심권
923,3_cart_interacted,cart_interacted,B(개선 UI),도심권
923,4_purchase_completed,purchase_completed,B(개선 UI),도심권
924,1_app_opened,app_opened,B(개선 UI),도심권
924,2_home_viewed,home_viewed,B(개선 UI),도심권
925,1_app_opened,app_opened,A(기존 UI),외곽 주거지(초월읍 등)
926,1_app_opened,app_opened,A(기존 UI),도심권
927,1_app_opened,app_opened,A(기존 UI),외곽 주거지(초월읍 등)
927,2_home_viewed,home_viewed,A(기존 UI),외곽 주거지(초월읍 등)
928,1_app_opened,app_opened,B(개선 UI),도심권
928,2_home_viewed,home_viewed,B(개선 UI),도심권
928,3_cart_interacted,cart_interacted,B(개선 UI),도심권
929,1_app_opened,app_opened,B(개선 UI),도심권
929,2_home_viewed,home_viewed,B(개선 UI),도심권
929,3_cart_interacted,cart_interacted,B(개선 UI),도심권
929,4_purchase_completed,purchase_completed,B(개선 UI),도심권
930,1_app_opened,app_opened,A(기존 UI),외곽 주거지(초월읍 등)
931,1_app_opened,app_opened,A(기존 UI),외곽 주거지(초월읍 등)
932,1_app_opened,app_opened,B(개선 UI),도심권
932,2_home_viewed,home_viewed,B(개선 UI),도심권
933,1_app_opened,app_opened,B(개선 UI),도심권
933,2_home_viewed,home_viewed,B(개선 UI),도심권
934,1_app_opened,app_opened,B(개선 UI),외곽 주거지(초월읍 등)
934,2_home_viewed,home_viewed,B(개선 UI),외곽 주거지(초월읍 등)
935,1_app_opened,app_opened,A(기존 UI),도심권
936,1_app_opened,app_opened,A(기존 UI),도심권
937,1_app_opened,app_opened,A(기존 UI),외곽 주거지(초월읍 등)
938,1_app_opened,app_opened,B(개선 UI),도심권
938,2_home_viewed,home_viewed,B(개선 UI),도심권
939,1_app_opened,app_opened,A(기존 UI),도심권
940,1_app_opened,app_opened,B(개선 UI),도심권
941,1_app_opened,app_opened,A(기존 UI),도심권
942,1_app_opened,app_opened,B(개선 UI),도심권
942,2_home_viewed,home_viewed,B(개선 UI),도심권
943,1_app_opened,app_opened,B(개선 UI),도심권
943,2_home_viewed,home_viewed,B(개선 UI),도심권
944,1_app_opened,app_opened,B(개선 UI),도심권
945,1_app_opened,app_opened,A(기존 UI),도심권
946,1_app_opened,app_opened,A(기존 UI),도심권
947,1_app_opened,app_opened,A(기존 UI),도심권
948,1_app_opened,app_opened,B(개선 UI),외곽 주거지(초월읍 등)
948,2_home_viewed,home_viewed,B(개선 UI),외곽 주거지(초월읍 등)
949,1_app_opened,app_opened,B(개선 UI),도심권
950,1_app_opened,app_opened,B(개선 UI),외곽 주거지(초월읍 등)
950,2_home_viewed,home_viewed,B(개선 UI),외곽 주거지(초월읍 등)
951,1_app_opened,app_opened,B(개선 UI),도심권
951,2_home_viewed,home_viewed,B(개선 UI),도심권
952,1_app_opened,app_opened,B(개선 UI),외곽 주거지(초월읍 등)
953,1_app_opened,app_opened,A(기존 UI),도심권
954,1_app_opened,app_opened,B(개선 UI),도심권
954,2_home_viewed,home_viewed,B(개선 UI),도심권
955,1_app_opened,app_opened,A(기존 UI),외곽 주거지(초월읍 등)
956,1_app_opened,app_opened,A(기존 UI),외곽 주거지(초월읍 등)
957,1_app_opened,app_opened,B(개선 UI),도심권
957,2_home_viewed,home_viewed,B(개선 UI),도심권
957,3_cart_interacted,cart_interacted,B(개선 UI),도심권
957,4_purchase_completed,purchase_completed,B(개선 UI),도심권
958,1_app_opened,app_opened,A(기존 UI),외곽 주거지(초월읍 등)
959,1_app_opened,app_opened,A(기존 UI),도심권
960,1_app_opened,app_opened,B(개선 UI),외곽 주거지(초월읍 등)
961,1_app_opened,app_opened,A(기존 UI),도심권
962,1_app_opened,app_opened,B(개선 UI),도심권
962,2_home_viewed,home_viewed,B(개선 UI),도심권
963,1_app_opened,app_opened,A(기존 UI),도심권
963,2_home_viewed,home_viewed,A(기존 UI),도심권
964,1_app_opened,app_opened,A(기존 UI),도심권
965,1_app_opened,app_opened,A(기존 UI),외곽 주거지(초월읍 등)
966,1_app_opened,app_opened,A(기존 UI),도심권
967,1_app_opened,app_opened,B(개선 UI),도심권
967,2_home_viewed,home_viewed,B(개선 UI),도심권
967,3_cart_interacted,cart_interacted,B(개선 UI),도심권
968,1_app_opened,app_opened,A(기존 UI),도심권
969,1_app_opened,app_opened,B(개선 UI),도심권
970,1_app_opened,app_opened,A(기존 UI),도심권
971,1_app_opened,app_opened,B(개선 UI),도심권
972,1_app_opened,app_opened,B(개선 UI),외곽 주거지(초월읍 등)
972,2_home_viewed,home_viewed,B(개선 UI),외곽 주거지(초월읍 등)
973,1_app_opened,app_opened,B(개선 UI),도심권
974,1_app_opened,app_opened,A(기존 UI),도심권
975,1_app_opened,app_opened,A(기존 UI),외곽 주거지(초월읍 등)
976,1_app_opened,app_opened,A(기존 UI),도심권
977,1_app_opened,app_opened,B(개선 UI),외곽 주거지(초월읍 등)
977,2_home_viewed,home_viewed,B(개선 UI),외곽 주거지(초월읍 등)
978,1_app_opened,app_opened,A(기존 UI),외곽 주거지(초월읍 등)
979,1_app_opened,app_opened,A(기존 UI),도심권
980,1_app_opened,app_opened,B(개선 UI),도심권
980,2_home_viewed,home_viewed,B(개선 UI),도심권
980,3_cart_interacted,cart_interacted,B(개선 UI),도심권
981,1_app_opened,app_opened,A(기존 UI),도심권
982,1_app_opened,app_opened,B(개선 UI),도심권
983,1_app_opened,app_opened,A(기존 UI),외곽 주거지(초월읍 등)
984,1_app_opened,app_opened,A(기존 UI),도심권
985,1_app_opened,app_opened,B(개선 UI),도심권
985,2_home_viewed,home_viewed,B(개선 UI),도심권
985,3_cart_interacted,cart_interacted,B(개선 UI),도심권
986,1_app_opened,app_opened,A(기존 UI),도심권
987,1_app_opened,app_opened,B(개선 UI),도심권
988,1_app_opened,app_opened,A(기존 UI),도심권
989,1_app_opened,app_opened,A(기존 UI),외곽 주거지(초월읍 등)
990,1_app_opened,app_opened,B(개선 UI),도심권
991,1_app_opened,app_opened,B(개선 UI),도심권
991,2_home_viewed,home_viewed,B(개선 UI),도심권
992,1_app_opened,app_opened,B(개선 UI),도심권
992,2_home_viewed,home_viewed,B(개선 UI),도심권
993,1_app_opened,app_opened,A(기존 UI),외곽 주거지(초월읍 등)
994,1_app_opened,app_opened,B(개선 UI),도심권
995,1_app_opened,app_opened,A(기존 UI),외곽 주거지(초월읍 등)
995,2_home_viewed,home_viewed,A(기존 UI),외곽 주거지(초월읍 등)
996,1_app_opened,app_opened,A(기존 UI),도심권
997,1_app_opened,app_opened,B(개선 UI),외곽 주거지(초월읍 등)
997,2_home_viewed,home_viewed,B(개선 UI),외곽 주거지(초월읍 등)
997,3_cart_interacted,cart_interacted,B(개선 UI),외곽 주거지(초월읍 등)
998,1_app_opened,app_opened,A(기존 UI),도심권
999,1_app_opened,app_opened,B(개선 UI),도심권
999,2_home_viewed,home_viewed,B(개선 UI),도심권
1000,1_app_opened,app_opened,A(기존 UI),도심권
1001,1_app_opened,app_opened,A(기존 UI),도심권
1002,1_app_opened,app_opened,B(개선 UI),도심권
1003,1_app_opened,app_opened,B(개선 UI),도심권
1003,2_home_viewed,home_viewed,B(개선 UI),도심권
1004,1_app_opened,app_opened,B(개선 UI),도심권
1004,2_home_viewed,home_viewed,B(개선 UI),도심권
1005,1_app_opened,app_opened,B(개선 UI),도심권
1005,2_home_viewed,home_viewed,B(개선 UI),도심권
1006,1_app_opened,app_opened,B(개선 UI),외곽 주거지(초월읍 등)
1006,2_home_viewed,home_viewed,B(개선 UI),외곽 주거지(초월읍 등)
1006,3_cart_interacted,cart_interacted,B(개선 UI),외곽 주거지(초월읍 등)
1007,1_app_opened,app_opened,B(개선 UI),도심권
1007,2_home_viewed,home_viewed,B(개선 UI),도심권
1008,1_app_opened,app_opened,B(개선 UI),외곽 주거지(초월읍 등)
1008,2_home_viewed,home_viewed,B(개선 UI),외곽 주거지(초월읍 등)
1008,3_cart_interacted,cart_interacted,B(개선 UI),외곽 주거지(초월읍 등)
1008,4_purchase_completed,purchase_completed,B(개선 UI),외곽 주거지(초월읍 등)
1009,1_app_opened,app_opened,A(기존 UI),도심권
1010,1_app_opened,app_opened,A(기존 UI),도심권
1011,1_app_opened,app_opened,A(기존 UI),도심권
1012,1_app_opened,app_opened,B(개선 UI),도심권
1013,1_app_opened,app_opened,B(개선 UI),외곽 주거지(초월읍 등)
1013,2_home_viewed,home_viewed,B(개선 UI),외곽 주거지(초월읍 등)
1013,3_cart_interacted,cart_interacted,B(개선 UI),외곽 주거지(초월읍 등)
1014,1_app_opened,app_opened,A(기존 UI),도심권
1015,1_app_opened,app_opened,B(개선 UI),외곽 주거지(초월읍 등)
1016,1_app_opened,app_opened,B(개선 UI),외곽 주거지(초월읍 등)
1016,2_home_viewed,home_viewed,B(개선 UI),외곽 주거지(초월읍 등)
1016,3_cart_interacted,cart_interacted,B(개선 UI),외곽 주거지(초월읍 등)
1017,1_app_opened,app_opened,A(기존 UI),도심권
1018,1_app_opened,app_opened,B(개선 UI),외곽 주거지(초월읍 등)
1018,2_home_viewed,home_viewed,B(개선 UI),외곽 주거지(초월읍 등)
1019,1_app_opened,app_opened,B(개선 UI),도심권
1019,2_home_viewed,home_viewed,B(개선 UI),도심권
1020,1_app_opened,app_opened,A(기존 UI),외곽 주거지(초월읍 등)
1021,1_app_opened,app_opened,B(개선 UI),외곽 주거지(초월읍 등)
1022,1_app_opened,app_opened,A(기존 UI),도심권
1023,1_app_opened,app_opened,B(개선 UI),외곽 주거지(초월읍 등)
1024,1_app_opened,app_opened,B(개선 UI),도심권
1025,1_app_opened,app_opened,B(개선 UI),도심권
1026,1_app_opened,app_opened,A(기존 UI),도심권
1027,1_app_opened,app_opened,B(개선 UI),도심권
1027,2_home_viewed,home_viewed,B(개선 UI),도심권
1027,3_cart_interacted,cart_interacted,B(개선 UI),도심권
1027,4_purchase_completed,purchase_completed,B(개선 UI),도심권
1028,1_app_opened,app_opened,B(개선 UI),도심권
1029,1_app_opened,app_opened,A(기존 UI),외곽 주거지(초월읍 등)
1029,2_home_viewed,home_viewed,A(기존 UI),외곽 주거지(초월읍 등)
1030,1_app_opened,app_opened,B(개선 UI),도심권
1030,2_home_viewed,home_viewed,B(개선 UI),도심권
1031,1_app_opened,app_opened,A(기존 UI),도심권
1032,1_app_opened,app_opened,B(개선 UI),도심권
1033,1_app_opened,app_opened,A(기존 UI),도심권
1033,2_home_viewed,home_viewed,A(기존 UI),도심권
1034,1_app_opened,app_opened,A(기존 UI),외곽 주거지(초월읍 등)
1035,1_app_opened,app_opened,A(기존 UI),외곽 주거지(초월읍 등)
1036,1_app_opened,app_opened,B(개선 UI),외곽 주거지(초월읍 등)
1036,2_home_viewed,home_viewed,B(개선 UI),외곽 주거지(초월읍 등)
1037,1_app_opened,app_opened,A(기존 UI),도심권
1038,1_app_opened,app_opened,B(개선 UI),도심권
1038,2_home_viewed,home_viewed,B(개선 UI),도심권
1039,1_app_opened,app_opened,A(기존 UI),외곽 주거지(초월읍 등)
1040,1_app_opened,app_opened,A(기존 UI),외곽 주거지(초월읍 등)
1041,1_app_opened,app_opened,B(개선 UI),도심권
1042,1_app_opened,app_opened,B(개선 UI),도심권
1042,2_home_viewed,home_viewed,B(개선 UI),도심권
1043,1_app_opened,app_opened,A(기존 UI),외곽 주거지(초월읍 등)
1044,1_app_opened,app_opened,B(개선 UI),외곽 주거지(초월읍 등)
1045,1_app_opened,app_opened,B(개선 UI),도심권
1045,2_home_viewed,home_viewed,B(개선 UI),도심권
1046,1_app_opened,app_opened,B(개선 UI),외곽 주거지(초월읍 등)
1046,2_home_viewed,home_viewed,B(개선 UI),외곽 주거지(초월읍 등)
1047,1_app_opened,app_opened,A(기존 UI),도심권
1047,2_home_viewed,home_viewed,A(기존 UI),도심권
1047,3_cart_interacted,cart_interacted,A(기존 UI),도심권
1047,4_purchase_completed,purchase_completed,A(기존 UI),도심권
1048,1_app_opened,app_opened,A(기존 UI),도심권
1048,2_home_viewed,home_viewed,A(기존 UI),도심권
1049,1_app_opened,app_opened,B(개선 UI),도심권
1050,1_app_opened,app_opened,A(기존 UI),도심권
1051,1_app_opened,app_opened,B(개선 UI),도심권
1052,1_app_opened,app_opened,B(개선 UI),도심권
1053,1_app_opened,app_opened,B(개선 UI),도심권
1054,1_app_opened,app_opened,B(개선 UI),외곽 주거지(초월읍 등)
1054,2_home_viewed,home_viewed,B(개선 UI),외곽 주거지(초월읍 등)
1055,1_app_opened,app_opened,B(개선 UI),외곽 주거지(초월읍 등)
1055,2_home_viewed,home_viewed,B(개선 UI),외곽 주거지(초월읍 등)
1055,3_cart_interacted,cart_interacted,B(개선 UI),외곽 주거지(초월읍 등)
1056,1_app_opened,app_opened,A(기존 UI),도심권
1057,1_app_opened,app_opened,B(개선 UI),도심권
1057,2_home_viewed,home_viewed,B(개선 UI),도심권
1057,3_cart_interacted,cart_interacted,B(개선 UI),도심권
1058,1_app_opened,app_opened,A(기존 UI),외곽 주거지(초월읍 등)
1058,2_home_viewed,home_viewed,A(기존 UI),외곽 주거지(초월읍 등)
1059,1_app_opened,app_opened,A(기존 UI),도심권
1060,1_app_opened,app_opened,B(개선 UI),외곽 주거지(초월읍 등)
1061,1_app_opened,app_opened,B(개선 UI),외곽 주거지(초월읍 등)
1062,1_app_opened,app_opened,B(개선 UI),도심권
1062,2_home_viewed,home_viewed,B(개선 UI),도심권
1063,1_app_opened,app_opened,B(개선 UI),외곽 주거지(초월읍 등)
1063,2_home_viewed,home_viewed,B(개선 UI),외곽 주거지(초월읍 등)
1063,3_cart_interacted,cart_interacted,B(개선 UI),외곽 주거지(초월읍 등)
1064,1_app_opened,app_opened,A(기존 UI),외곽 주거지(초월읍 등)
1065,1_app_opened,app_opened,A(기존 UI),도심권
1066,1_app_opened,app_opened,B(개선 UI),도심권
1067,1_app_opened,app_opened,A(기존 UI),도심권
1068,1_app_opened,app_opened,A(기존 UI),도심권
1069,1_app_opened,app_opened,A(기존 UI),도심권
1070,1_app_opened,app_opened,A(기존 UI),도심권
1071,1_app_opened,app_opened,A(기존 UI),도심권
1072,1_app_opened,app_opened,A(기존 UI),외곽 주거지(초월읍 등)
1073,1_app_opened,app_opened,A(기존 UI),도심권
1074,1_app_opened,app_opened,A(기존 UI),도심권
1075,1_app_opened,app_opened,B(개선 UI),도심권
1076,1_app_opened,app_opened,A(기존 UI),도심권
1077,1_app_opened,app_opened,A(기존 UI),도심권
1077,2_home_viewed,home_viewed,A(기존 UI),도심권
1077,3_cart_interacted,cart_interacted,A(기존 UI),도심권
1077,4_purchase_completed,purchase_completed,A(기존 UI),도심권
1078,1_app_opened,app_opened,B(개선 UI),도심권
1078,2_home_viewed,home_viewed,B(개선 UI),도심권
1078,3_cart_interacted,cart_interacted,B(개선 UI),도심권
1079,1_app_opened,app_opened,A(기존 UI),도심권
1080,1_app_opened,app_opened,B(개선 UI),외곽 주거지(초월읍 등)
1081,1_app_opened,app_opened,B(개선 UI),외곽 주거지(초월읍 등)
1082,1_app_opened,app_opened,A(기존 UI),도심권
1083,1_app_opened,app_opened,A(기존 UI),도심권
1084,1_app_opened,app_opened,B(개선 UI),도심권
1084,2_home_viewed,home_viewed,B(개선 UI),도심권
1084,3_cart_interacted,cart_interacted,B(개선 UI),도심권
1085,1_app_opened,app_opened,B(개선 UI),외곽 주거지(초월읍 등)
1085,2_home_viewed,home_viewed,B(개선 UI),외곽 주거지(초월읍 등)
1086,1_app_opened,app_opened,A(기존 UI),도심권
1087,1_app_opened,app_opened,B(개선 UI),외곽 주거지(초월읍 등)
1087,2_home_viewed,home_viewed,B(개선 UI),외곽 주거지(초월읍 등)
1087,3_cart_interacted,cart_interacted,B(개선 UI),외곽 주거지(초월읍 등)
1087,4_purchase_completed,purchase_completed,B(개선 UI),외곽 주거지(초월읍 등)
1088,1_app_opened,app_opened,A(기존 UI),도심권
1089,1_app_opened,app_opened,B(개선 UI),도심권
1090,1_app_opened,app_opened,A(기존 UI),도심권
1091,1_app_opened,app_opened,B(개선 UI),외곽 주거지(초월읍 등)
1092,1_app_opened,app_opened,B(개선 UI),외곽 주거지(초월읍 등)
1092,2_home_viewed,home_viewed,B(개선 UI),외곽 주거지(초월읍 등)
1093,1_app_opened,app_opened,B(개선 UI),도심권
1093,2_home_viewed,home_viewed,B(개선 UI),도심권
1093,3_cart_interacted,cart_interacted,B(개선 UI),도심권
1094,1_app_opened,app_opened,B(개선 UI),도심권
1094,2_home_viewed,home_viewed,B(개선 UI),도심권
1095,1_app_opened,app_opened,A(기존 UI),도심권
1096,1_app_opened,app_opened,A(기존 UI),도심권
1097,1_app_opened,app_opened,A(기존 UI),외곽 주거지(초월읍 등)
1097,2_home_viewed,home_viewed,A(기존 UI),외곽 주거지(초월읍 등)
1098,1_app_opened,app_opened,A(기존 UI),외곽 주거지(초월읍 등)
1099,1_app_opened,app_opened,B(개선 UI),외곽 주거지(초월읍 등)
1100,1_app_opened,app_opened,A(기존 UI),외곽 주거지(초월읍 등)
1101,1_app_opened,app_opened,A(기존 UI),도심권
1102,1_app_opened,app_opened,B(개선 UI),외곽 주거지(초월읍 등)
1102,2_home_viewed,home_viewed,B(개선 UI),외곽 주거지(초월읍 등)
1103,1_app_opened,app_opened,B(개선 UI),외곽 주거지(초월읍 등)
1104,1_app_opened,app_opened,B(개선 UI),도심권
1105,1_app_opened,app_opened,B(개선 UI),외곽 주거지(초월읍 등)
1105,2_home_viewed,home_viewed,B(개선 UI),외곽 주거지(초월읍 등)
1106,1_app_opened,app_opened,A(기존 UI),도심권
1107,1_app_opened,app_opened,A(기존 UI),외곽 주거지(초월읍 등)
1108,1_app_opened,app_opened,B(개선 UI),도심권
1109,1_app_opened,app_opened,B(개선 UI),도심권
1110,1_app_opened,app_opened,A(기존 UI),도심권
1111,1_app_opened,app_opened,B(개선 UI),도심권
1111,2_home_viewed,home_viewed,B(개선 UI),도심권
1112,1_app_opened,app_opened,A(기존 UI),도심권
1113,1_app_opened,app_opened,A(기존 UI),도심권
1113,2_home_viewed,home_viewed,A(기존 UI),도심권
1114,1_app_opened,app_opened,B(개선 UI),도심권
1114,2_home_viewed,home_viewed,B(개선 UI),도심권
1115,1_app_opened,app_opened,B(개선 UI),도심권
1116,1_app_opened,app_opened,B(개선 UI),외곽 주거지(초월읍 등)
1116,2_home_viewed,home_viewed,B(개선 UI),외곽 주거지(초월읍 등)
1117,1_app_opened,app_opened,A(기존 UI),외곽 주거지(초월읍 등)
1118,1_app_opened,app_opened,B(개선 UI),도심권
1118,2_home_viewed,home_viewed,B(개선 UI),도심권
1119,1_app_opened,app_opened,A(기존 UI),외곽 주거지(초월읍 등)
1120,1_app_opened,app_opened,A(기존 UI),도심권
1121,1_app_opened,app_opened,B(개선 UI),외곽 주거지(초월읍 등)
1121,2_home_viewed,home_viewed,B(개선 UI),외곽 주거지(초월읍 등)
1122,1_app_opened,app_opened,B(개선 UI),도심권
1123,1_app_opened,app_opened,B(개선 UI),도심권
1123,2_home_viewed,home_viewed,B(개선 UI),도심권
1124,1_app_opened,app_opened,B(개선 UI),도심권
1124,2_home_viewed,home_viewed,B(개선 UI),도심권
1124,3_cart_interacted,cart_interacted,B(개선 UI),도심권
1124,4_purchase_completed,purchase_completed,B(개선 UI),도심권
1125,1_app_opened,app_opened,B(개선 UI),도심권
1125,2_home_viewed,home_viewed,B(개선 UI),도심권
1126,1_app_opened,app_opened,B(개선 UI),외곽 주거지(초월읍 등)
1126,2_home_viewed,home_viewed,B(개선 UI),외곽 주거지(초월읍 등)
1127,1_app_opened,app_opened,A(기존 UI),외곽 주거지(초월읍 등)
1128,1_app_opened,app_opened,A(기존 UI),도심권
1129,1_app_opened,app_opened,A(기존 UI),도심권
1130,1_app_opened,app_opened,A(기존 UI),외곽 주거지(초월읍 등)
1130,2_home_viewed,home_viewed,A(기존 UI),외곽 주거지(초월읍 등)
1131,1_app_opened,app_opened,B(개선 UI),외곽 주거지(초월읍 등)
1132,1_app_opened,app_opened,A(기존 UI),도심권
1133,1_app_opened,app_opened,A(기존 UI),도심권
1134,1_app_opened,app_opened,A(기존 UI),도심권
1135,1_app_opened,app_opened,B(개선 UI),도심권
1135,2_home_viewed,home_viewed,B(개선 UI),도심권
1136,1_app_opened,app_opened,A(기존 UI),도심권
1137,1_app_opened,app_opened,B(개선 UI),도심권
1138,1_app_opened,app_opened,A(기존 UI),외곽 주거지(초월읍 등)
1139,1_app_opened,app_opened,A(기존 UI),도심권
1140,1_app_opened,app_opened,B(개선 UI),외곽 주거지(초월읍 등)
1141,1_app_opened,app_opened,B(개선 UI),외곽 주거지(초월읍 등)
1141,2_home_viewed,home_viewed,B(개선 UI),외곽 주거지(초월읍 등)
1142,1_app_opened,app_opened,A(기존 UI),외곽 주거지(초월읍 등)
1143,1_app_opened,app_opened,B(개선 UI),도심권
1144,1_app_opened,app_opened,B(개선 UI),외곽 주거지(초월읍 등)
1144,2_home_viewed,home_viewed,B(개선 UI),외곽 주거지(초월읍 등)
1145,1_app_opened,app_opened,A(기존 UI),도심권
1146,1_app_opened,app_opened,B(개선 UI),도심권
1147,1_app_opened,app_opened,B(개선 UI),도심권
1148,1_app_opened,app_opened,B(개선 UI),도심권
1148,2_home_viewed,home_viewed,B(개선 UI),도심권
1149,1_app_opened,app_opened,B(개선 UI),외곽 주거지(초월읍 등)
1149,2_home_viewed,home_viewed,B(개선 UI),외곽 주거지(초월읍 등)
1149,3_cart_interacted,cart_interacted,B(개선 UI),외곽 주거지(초월읍 등)
1150,1_app_opened,app_opened,B(개선 UI),외곽 주거지(초월읍 등)
1151,1_app_opened,app_opened,B(개선 UI),도심권
1152,1_app_opened,app_opened,B(개선 UI),도심권
1152,2_home_viewed,home_viewed,B(개선 UI),도심권
1153,1_app_opened,app_opened,B(개선 UI),도심권
1153,2_home_viewed,home_viewed,B(개선 UI),도심권
1154,1_app_opened,app_opened,B(개선 UI),도심권
1154,2_home_viewed,home_viewed,B(개선 UI),도심권
1154,3_cart_interacted,cart_interacted,B(개선 UI),도심권
1154,4_purchase_completed,purchase_completed,B(개선 UI),도심권
1155,1_app_opened,app_opened,B(개선 UI),외곽 주거지(초월읍 등)
1155,2_home_viewed,home_viewed,B(개선 UI),외곽 주거지(초월읍 등)
1156,1_app_opened,app_opened,B(개선 UI),도심권
1156,2_home_viewed,home_viewed,B(개선 UI),도심권
1157,1_app_opened,app_opened,A(기존 UI),외곽 주거지(초월읍 등)
1158,1_app_opened,app_opened,B(개선 UI),도심권
1159,1_app_opened,app_opened,B(개선 UI),도심권
1160,1_app_opened,app_opened,A(기존 UI),도심권
1160,2_home_viewed,home_viewed,A(기존 UI),도심권
1160,3_cart_interacted,cart_interacted,A(기존 UI),도심권
1160,4_purchase_completed,purchase_completed,A(기존 UI),도심권
1161,1_app_opened,app_opened,B(개선 UI),도심권
1161,2_home_viewed,home_viewed,B(개선 UI),도심권
1162,1_app_opened,app_opened,A(기존 UI),도심권
1163,1_app_opened,app_opened,A(기존 UI),외곽 주거지(초월읍 등)
1164,1_app_opened,app_opened,B(개선 UI),외곽 주거지(초월읍 등)
1164,2_home_viewed,home_viewed,B(개선 UI),외곽 주거지(초월읍 등)
1165,1_app_opened,app_opened,A(기존 UI),도심권
1166,1_app_opened,app_opened,B(개선 UI),도심권
1166,2_home_viewed,home_viewed,B(개선 UI),도심권
1167,1_app_opened,app_opened,B(개선 UI),도심권
1168,1_app_opened,app_opened,B(개선 UI),도심권
1169,1_app_opened,app_opened,A(기존 UI),도심권
1170,1_app_opened,app_opened,A(기존 UI),도심권
1171,1_app_opened,app_opened,B(개선 UI),외곽 주거지(초월읍 등)
1171,2_home_viewed,home_viewed,B(개선 UI),외곽 주거지(초월읍 등)
1171,3_cart_interacted,cart_interacted,B(개선 UI),외곽 주거지(초월읍 등)
1172,1_app_opened,app_opened,B(개선 UI),외곽 주거지(초월읍 등)
1172,2_home_viewed,home_viewed,B(개선 UI),외곽 주거지(초월읍 등)
1173,1_app_opened,app_opened,B(개선 UI),외곽 주거지(초월읍 등)
1173,2_home_viewed,home_viewed,B(개선 UI),외곽 주거지(초월읍 등)
1173,3_cart_interacted,cart_interacted,B(개선 UI),외곽 주거지(초월읍 등)
1173,4_purchase_completed,purchase_completed,B(개선 UI),외곽 주거지(초월읍 등)
1174,1_app_opened,app_opened,A(기존 UI),도심권
1175,1_app_opened,app_opened,B(개선 UI),외곽 주거지(초월읍 등)
1175,2_home_viewed,home_viewed,B(개선 UI),외곽 주거지(초월읍 등)
1176,1_app_opened,app_opened,B(개선 UI),도심권
1177,1_app_opened,app_opened,B(개선 UI),도심권
1178,1_app_opened,app_opened,A(기존 UI),외곽 주거지(초월읍 등)
1179,1_app_opened,app_opened,B(개선 UI),도심권
1179,2_home_viewed,home_viewed,B(개선 UI),도심권
1180,1_app_opened,app_opened,B(개선 UI),도심권
1180,2_home_viewed,home_viewed,B(개선 UI),도심권
1181,1_app_opened,app_opened,B(개선 UI),외곽 주거지(초월읍 등)
1182,1_app_opened,app_opened,A(기존 UI),외곽 주거지(초월읍 등)
1183,1_app_opened,app_opened,B(개선 UI),외곽 주거지(초월읍 등)
1184,1_app_opened,app_opened,B(개선 UI),도심권
1184,2_home_viewed,home_viewed,B(개선 UI),도심권
1184,3_cart_interacted,cart_interacted,B(개선 UI),도심권
1185,1_app_opened,app_opened,A(기존 UI),도심권
1186,1_app_opened,app_opened,B(개선 UI),외곽 주거지(초월읍 등)
1186,2_home_viewed,home_viewed,B(개선 UI),외곽 주거지(초월읍 등)
1186,3_cart_interacted,cart_interacted,B(개선 UI),외곽 주거지(초월읍 등)
1187,1_app_opened,app_opened,B(개선 UI),도심권
1187,2_home_viewed,home_viewed,B(개선 UI),도심권
1188,1_app_opened,app_opened,A(기존 UI),도심권
1189,1_app_opened,app_opened,A(기존 UI),도심권
1190,1_app_opened,app_opened,B(개선 UI),도심권
1190,2_home_viewed,home_viewed,B(개선 UI),도심권
1191,1_app_opened,app_opened,A(기존 UI),도심권
1192,1_app_opened,app_opened,B(개선 UI),도심권
1192,2_home_viewed,home_viewed,B(개선 UI),도심권
1193,1_app_opened,app_opened,A(기존 UI),도심권
1194,1_app_opened,app_opened,B(개선 UI),도심권
1195,1_app_opened,app_opened,A(기존 UI),도심권
1195,2_home_viewed,home_viewed,A(기존 UI),도심권
1196,1_app_opened,app_opened,B(개선 UI),도심권
1197,1_app_opened,app_opened,B(개선 UI),외곽 주거지(초월읍 등)
1197,2_home_viewed,home_viewed,B(개선 UI),외곽 주거지(초월읍 등)
1198,1_app_opened,app_opened,B(개선 UI),도심권
1198,2_home_viewed,home_viewed,B(개선 UI),도심권
1199,1_app_opened,app_opened,B(개선 UI),도심권
1200,1_app_opened,app_opened,A(기존 UI),외곽 주거지(초월읍 등)
1201,1_app_opened,app_opened,B(개선 UI),도심권
1202,1_app_opened,app_opened,A(기존 UI),도심권
1203,1_app_opened,app_opened,A(기존 UI),도심권
1204,1_app_opened,app_opened,A(기존 UI),외곽 주거지(초월읍 등)
1204,2_home_viewed,home_viewed,A(기존 UI),외곽 주거지(초월읍 등)
1205,1_app_opened,app_opened,A(기존 UI),외곽 주거지(초월읍 등)
1206,1_app_opened,app_opened,B(개선 UI),외곽 주거지(초월읍 등)
1207,1_app_opened,app_opened,B(개선 UI),외곽 주거지(초월읍 등)
1208,1_app_opened,app_opened,A(기존 UI),도심권
1208,2_home_viewed,home_viewed,A(기존 UI),도심권
1209,1_app_opened,app_opened,A(기존 UI),도심권
1210,1_app_opened,app_opened,B(개선 UI),도심권
1211,1_app_opened,app_opened,A(기존 UI),도심권
1212,1_app_opened,app_opened,A(기존 UI),외곽 주거지(초월읍 등)
1213,1_app_opened,app_opened,A(기존 UI),도심권
1213,2_home_viewed,home_viewed,A(기존 UI),도심권
1214,1_app_opened,app_opened,B(개선 UI),도심권
1214,2_home_viewed,home_viewed,B(개선 UI),도심권
1215,1_app_opened,app_opened,B(개선 UI),외곽 주거지(초월읍 등)
1216,1_app_opened,app_opened,A(기존 UI),도심권
1217,1_app_opened,app_opened,A(기존 UI),도심권
1218,1_app_opened,app_opened,B(개선 UI),도심권
1219,1_app_opened,app_opened,B(개선 UI),도심권
1220,1_app_opened,app_opened,A(기존 UI),도심권
1221,1_app_opened,app_opened,B(개선 UI),도심권
1222,1_app_opened,app_opened,A(기존 UI),도심권
1222,2_home_viewed,home_viewed,A(기존 UI),도심권
1223,1_app_opened,app_opened,A(기존 UI),외곽 주거지(초월읍 등)
1223,2_home_viewed,home_viewed,A(기존 UI),외곽 주거지(초월읍 등)
1224,1_app_opened,app_opened,B(개선 UI),외곽 주거지(초월읍 등)
1224,2_home_viewed,home_viewed,B(개선 UI),외곽 주거지(초월읍 등)
1225,1_app_opened,app_opened,A(기존 UI),도심권
1226,1_app_opened,app_opened,B(개선 UI),도심권
1226,2_home_viewed,home_viewed,B(개선 UI),도심권
1227,1_app_opened,app_opened,A(기존 UI),외곽 주거지(초월읍 등)
1228,1_app_opened,app_opened,A(기존 UI),외곽 주거지(초월읍 등)
1229,1_app_opened,app_opened,B(개선 UI),도심권
1229,2_home_viewed,home_viewed,B(개선 UI),도심권
1229,3_cart_interacted,cart_interacted,B(개선 UI),도심권
1229,4_purchase_completed,purchase_completed,B(개선 UI),도심권
1230,1_app_opened,app_opened,A(기존 UI),도심권
1231,1_app_opened,app_opened,B(개선 UI),외곽 주거지(초월읍 등)
1231,2_home_viewed,home_viewed,B(개선 UI),외곽 주거지(초월읍 등)
1231,3_cart_interacted,cart_interacted,B(개선 UI),외곽 주거지(초월읍 등)
1232,1_app_opened,app_opened,A(기존 UI),도심권
1233,1_app_opened,app_opened,A(기존 UI),도심권
1234,1_app_opened,app_opened,A(기존 UI),도심권
1235,1_app_opened,app_opened,B(개선 UI),도심권
1235,2_home_viewed,home_viewed,B(개선 UI),도심권
1236,1_app_opened,app_opened,A(기존 UI),도심권
1237,1_app_opened,app_opened,B(개선 UI),도심권
1238,1_app_opened,app_opened,A(기존 UI),외곽 주거지(초월읍 등)
1239,1_app_opened,app_opened,B(개선 UI),도심권
1239,2_home_viewed,home_viewed,B(개선 UI),도심권
1240,1_app_opened,app_opened,A(기존 UI),도심권
1240,2_home_viewed,home_viewed,A(기존 UI),도심권
1240,3_cart_interacted,cart_interacted,A(기존 UI),도심권
1240,4_purchase_completed,purchase_completed,A(기존 UI),도심권
1241,1_app_opened,app_opened,B(개선 UI),도심권
1241,2_home_viewed,home_viewed,B(개선 UI),도심권
1241,3_cart_interacted,cart_interacted,B(개선 UI),도심권
1241,4_purchase_completed,purchase_completed,B(개선 UI),도심권
1242,1_app_opened,app_opened,B(개선 UI),외곽 주거지(초월읍 등)
1243,1_app_opened,app_opened,B(개선 UI),도심권
1244,1_app_opened,app_opened,B(개선 UI),도심권
1244,2_home_viewed,home_viewed,B(개선 UI),도심권
1245,1_app_opened,app_opened,B(개선 UI),도심권
1245,2_home_viewed,home_viewed,B(개선 UI),도심권
1246,1_app_opened,app_opened,B(개선 UI),외곽 주거지(초월읍 등)
1247,1_app_opened,app_opened,A(기존 UI),도심권
1247,2_home_viewed,home_viewed,A(기존 UI),도심권
1247,3_cart_interacted,cart_interacted,A(기존 UI),도심권
1247,4_purchase_completed,purchase_completed,A(기존 UI),도심권
1248,1_app_opened,app_opened,A(기존 UI),도심권
1249,1_app_opened,app_opened,B(개선 UI),도심권
1249,2_home_viewed,home_viewed,B(개선 UI),도심권
1250,1_app_opened,app_opened,B(개선 UI),외곽 주거지(초월읍 등)
1251,1_app_opened,app_opened,B(개선 UI),도심권
1251,2_home_viewed,home_viewed,B(개선 UI),도심권
1251,3_cart_interacted,cart_interacted,B(개선 UI),도심권
1252,1_app_opened,app_opened,A(기존 UI),외곽 주거지(초월읍 등)
1253,1_app_opened,app_opened,A(기존 UI),외곽 주거지(초월읍 등)
1254,1_app_opened,app_opened,A(기존 UI),외곽 주거지(초월읍 등)
1255,1_app_opened,app_opened,B(개선 UI),도심권
1255,2_home_viewed,home_viewed,B(개선 UI),도심권
1255,3_cart_interacted,cart_interacted,B(개선 UI),도심권
1256,1_app_opened,app_opened,A(기존 UI),외곽 주거지(초월읍 등)
1257,1_app_opened,app_opened,A(기존 UI),도심권
1258,1_app_opened,app_opened,A(기존 UI),도심권
1259,1_app_opened,app_opened,A(기존 UI),외곽 주거지(초월읍 등)
1260,1_app_opened,app_opened,B(개선 UI),도심권
1260,2_home_viewed,home_viewed,B(개선 UI),도심권
1261,1_app_opened,app_opened,A(기존 UI),도심권
1262,1_app_opened,app_opened,B(개선 UI),도심권
1262,2_home_viewed,home_viewed,B(개선 UI),도심권
1263,1_app_opened,app_opened,A(기존 UI),도심권
1264,1_app_opened,app_opened,A(기존 UI),도심권
1264,2_home_viewed,home_viewed,A(기존 UI),도심권
1265,1_app_opened,app_opened,A(기존 UI),외곽 주거지(초월읍 등)
1266,1_app_opened,app_opened,A(기존 UI),외곽 주거지(초월읍 등)
1266,2_home_viewed,home_viewed,A(기존 UI),외곽 주거지(초월읍 등)
1267,1_app_opened,app_opened,A(기존 UI),도심권
1267,2_home_viewed,home_viewed,A(기존 UI),도심권
1268,1_app_opened,app_opened,A(기존 UI),도심권
1269,1_app_opened,app_opened,B(개선 UI),외곽 주거지(초월읍 등)
1269,2_home_viewed,home_viewed,B(개선 UI),외곽 주거지(초월읍 등)
1269,3_cart_interacted,cart_interacted,B(개선 UI),외곽 주거지(초월읍 등)
1270,1_app_opened,app_opened,A(기존 UI),도심권
1271,1_app_opened,app_opened,B(개선 UI),도심권
1271,2_home_viewed,home_viewed,B(개선 UI),도심권
1271,3_cart_interacted,cart_interacted,B(개선 UI),도심권
1272,1_app_opened,app_opened,B(개선 UI),도심권
1272,2_home_viewed,home_viewed,B(개선 UI),도심권
1273,1_app_opened,app_opened,B(개선 UI),도심권
1274,1_app_opened,app_opened,A(기존 UI),도심권
1275,1_app_opened,app_opened,A(기존 UI),도심권
1276,1_app_opened,app_opened,A(기존 UI),도심권
1277,1_app_opened,app_opened,A(기존 UI),도심권
1277,2_home_viewed,home_viewed,A(기존 UI),도심권
1278,1_app_opened,app_opened,B(개선 UI),도심권
1279,1_app_opened,app_opened,A(기존 UI),외곽 주거지(초월읍 등)
1280,1_app_opened,app_opened,A(기존 UI),외곽 주거지(초월읍 등)
1281,1_app_opened,app_opened,B(개선 UI),도심권
1282,1_app_opened,app_opened,B(개선 UI),도심권
1283,1_app_opened,app_opened,B(개선 UI),외곽 주거지(초월읍 등)
1283,2_home_viewed,home_viewed,B(개선 UI),외곽 주거지(초월읍 등)
1283,3_cart_interacted,cart_interacted,B(개선 UI),외곽 주거지(초월읍 등)
1284,1_app_opened,app_opened,A(기존 UI),도심권
1284,2_home_viewed,home_viewed,A(기존 UI),도심권
1285,1_app_opened,app_opened,A(기존 UI),외곽 주거지(초월읍 등)
1286,1_app_opened,app_opened,B(개선 UI),도심권
1286,2_home_viewed,home_viewed,B(개선 UI),도심권
1287,1_app_opened,app_opened,A(기존 UI),외곽 주거지(초월읍 등)
1287,2_home_viewed,home_viewed,A(기존 UI),외곽 주거지(초월읍 등)
1288,1_app_opened,app_opened,A(기존 UI),도심권
1289,1_app_opened,app_opened,A(기존 UI),도심권
1290,1_app_opened,app_opened,A(기존 UI),외곽 주거지(초월읍 등)
1291,1_app_opened,app_opened,A(기존 UI),도심권
1292,1_app_opened,app_opened,A(기존 UI),도심권
1293,1_app_opened,app_opened,B(개선 UI),도심권
1294,1_app_opened,app_opened,B(개선 UI),외곽 주거지(초월읍 등)
1294,2_home_viewed,home_viewed,B(개선 UI),외곽 주거지(초월읍 등)
1295,1_app_opened,app_opened,B(개선 UI),도심권
1296,1_app_opened,app_opened,A(기존 UI),도심권
1297,1_app_opened,app_opened,A(기존 UI),도심권
1298,1_app_opened,app_opened,A(기존 UI),도심권
1299,1_app_opened,app_opened,B(개선 UI),도심권
1299,2_home_viewed,home_viewed,B(개선 UI),도심권
1300,1_app_opened,app_opened,B(개선 UI),도심권
1300,2_home_viewed,home_viewed,B(개선 UI),도심권
1300,3_cart_interacted,cart_interacted,B(개선 UI),도심권
1301,1_app_opened,app_opened,A(기존 UI),도심권
1302,1_app_opened,app_opened,B(개선 UI),도심권
1303,1_app_opened,app_opened,A(기존 UI),도심권
1304,1_app_opened,app_opened,B(개선 UI),도심권
1304,2_home_viewed,home_viewed,B(개선 UI),도심권
1304,3_cart_interacted,cart_interacted,B(개선 UI),도심권
1304,4_purchase_completed,purchase_completed,B(개선 UI),도심권
1305,1_app_opened,app_opened,B(개선 UI),도심권
1306,1_app_opened,app_opened,B(개선 UI),도심권
1306,2_home_viewed,home_viewed,B(개선 UI),도심권
1307,1_app_opened,app_opened,B(개선 UI),외곽 주거지(초월읍 등)
1308,1_app_opened,app_opened,B(개선 UI),도심권
1308,2_home_viewed,home_viewed,B(개선 UI),도심권
1308,3_cart_interacted,cart_interacted,B(개선 UI),도심권
1308,4_purchase_completed,purchase_completed,B(개선 UI),도심권
1309,1_app_opened,app_opened,A(기존 UI),외곽 주거지(초월읍 등)
1310,1_app_opened,app_opened,B(개선 UI),도심권
1311,1_app_opened,app_opened,A(기존 UI),도심권
1311,2_home_viewed,home_viewed,A(기존 UI),도심권
1312,1_app_opened,app_opened,B(개선 UI),도심권
1312,2_home_viewed,home_viewed,B(개선 UI),도심권
1313,1_app_opened,app_opened,B(개선 UI),도심권
1314,1_app_opened,app_opened,B(개선 UI),외곽 주거지(초월읍 등)
1314,2_home_viewed,home_viewed,B(개선 UI),외곽 주거지(초월읍 등)
1314,3_cart_interacted,cart_interacted,B(개선 UI),외곽 주거지(초월읍 등)
1314,4_purchase_completed,purchase_completed,B(개선 UI),외곽 주거지(초월읍 등)
1315,1_app_opened,app_opened,A(기존 UI),외곽 주거지(초월읍 등)
1315,2_home_viewed,home_viewed,A(기존 UI),외곽 주거지(초월읍 등)
1316,1_app_opened,app_opened,B(개선 UI),외곽 주거지(초월읍 등)
1317,1_app_opened,app_opened,B(개선 UI),도심권
1317,2_home_viewed,home_viewed,B(개선 UI),도심권
1318,1_app_opened,app_opened,B(개선 UI),도심권
1318,2_home_viewed,home_viewed,B(개선 UI),도심권
1318,3_cart_interacted,cart_interacted,B(개선 UI),도심권
1318,4_purchase_completed,purchase_completed,B(개선 UI),도심권
1319,1_app_opened,app_opened,A(기존 UI),도심권
1320,1_app_opened,app_opened,A(기존 UI),외곽 주거지(초월읍 등)
1320,2_home_viewed,home_viewed,A(기존 UI),외곽 주거지(초월읍 등)
1321,1_app_opened,app_opened,A(기존 UI),도심권
1322,1_app_opened,app_opened,A(기존 UI),도심권
1323,1_app_opened,app_opened,B(개선 UI),도심권
1324,1_app_opened,app_opened,A(기존 UI),도심권
1325,1_app_opened,app_opened,B(개선 UI),외곽 주거지(초월읍 등)
1325,2_home_viewed,home_viewed,B(개선 UI),외곽 주거지(초월읍 등)
1326,1_app_opened,app_opened,A(기존 UI),도심권
1327,1_app_opened,app_opened,A(기존 UI),도심권
1328,1_app_opened,app_opened,B(개선 UI),도심권
1328,2_home_viewed,home_viewed,B(개선 UI),도심권
1329,1_app_opened,app_opened,B(개선 UI),외곽 주거지(초월읍 등)
1329,2_home_viewed,home_viewed,B(개선 UI),외곽 주거지(초월읍 등)
1330,1_app_opened,app_opened,A(기존 UI),도심권
1330,2_home_viewed,home_viewed,A(기존 UI),도심권
1331,1_app_opened,app_opened,B(개선 UI),외곽 주거지(초월읍 등)
1332,1_app_opened,app_opened,B(개선 UI),도심권
1333,1_app_opened,app_opened,A(기존 UI),외곽 주거지(초월읍 등)
1334,1_app_opened,app_opened,B(개선 UI),외곽 주거지(초월읍 등)
1334,2_home_viewed,home_viewed,B(개선 UI),외곽 주거지(초월읍 등)
1335,1_app_opened,app_opened,B(개선 UI),도심권
1336,1_app_opened,app_opened,B(개선 UI),도심권
1337,1_app_opened,app_opened,A(기존 UI),도심권
1338,1_app_opened,app_opened,B(개선 UI),도심권
1339,1_app_opened,app_opened,A(기존 UI),외곽 주거지(초월읍 등)
1340,1_app_opened,app_opened,A(기존 UI),도심권
1341,1_app_opened,app_opened,A(기존 UI),도심권
1341,2_home_viewed,home_viewed,A(기존 UI),도심권
1342,1_app_opened,app_opened,A(기존 UI),도심권
1343,1_app_opened,app_opened,B(개선 UI),도심권
1343,2_home_viewed,home_viewed,B(개선 UI),도심권
1344,1_app_opened,app_opened,B(개선 UI),외곽 주거지(초월읍 등)
1344,2_home_viewed,home_viewed,B(개선 UI),외곽 주거지(초월읍 등)
1345,1_app_opened,app_opened,B(개선 UI),도심권
1346,1_app_opened,app_opened,A(기존 UI),외곽 주거지(초월읍 등)
1347,1_app_opened,app_opened,A(기존 UI),외곽 주거지(초월읍 등)
1348,1_app_opened,app_opened,A(기존 UI),도심권
1349,1_app_opened,app_opened,B(개선 UI),도심권
1349,2_home_viewed,home_viewed,B(개선 UI),도심권
1349,3_cart_interacted,cart_interacted,B(개선 UI),도심권
1349,4_purchase_completed,purchase_completed,B(개선 UI),도심권
1350,1_app_opened,app_opened,A(기존 UI),외곽 주거지(초월읍 등)
1351,1_app_opened,app_opened,B(개선 UI),도심권
1352,1_app_opened,app_opened,B(개선 UI),도심권
1353,1_app_opened,app_opened,A(기존 UI),도심권
1354,1_app_opened,app_opened,B(개선 UI),도심권
1354,2_home_viewed,home_viewed,B(개선 UI),도심권
1355,1_app_opened,app_opened,A(기존 UI),외곽 주거지(초월읍 등)
1355,2_home_viewed,home_viewed,A(기존 UI),외곽 주거지(초월읍 등)
1356,1_app_opened,app_opened,B(개선 UI),도심권
1357,1_app_opened,app_opened,B(개선 UI),도심권
1358,1_app_opened,app_opened,A(기존 UI),외곽 주거지(초월읍 등)
1359,1_app_opened,app_opened,A(기존 UI),외곽 주거지(초월읍 등)
1359,2_home_viewed,home_viewed,A(기존 UI),외곽 주거지(초월읍 등)
1360,1_app_opened,app_opened,B(개선 UI),도심권
1361,1_app_opened,app_opened,B(개선 UI),외곽 주거지(초월읍 등)
1361,2_home_viewed,home_viewed,B(개선 UI),외곽 주거지(초월읍 등)
1362,1_app_opened,app_opened,A(기존 UI),도심권
1363,1_app_opened,app_opened,B(개선 UI),외곽 주거지(초월읍 등)
1363,2_home_viewed,home_viewed,B(개선 UI),외곽 주거지(초월읍 등)
1364,1_app_opened,app_opened,B(개선 UI),도심권
1364,2_home_viewed,home_viewed,B(개선 UI),도심권
1365,1_app_opened,app_opened,B(개선 UI),도심권
1366,1_app_opened,app_opened,A(기존 UI),외곽 주거지(초월읍 등)
1366,2_home_viewed,home_viewed,A(기존 UI),외곽 주거지(초월읍 등)
1367,1_app_opened,app_opened,B(개선 UI),도심권
1367,2_home_viewed,home_viewed,B(개선 UI),도심권
1367,3_cart_interacted,cart_interacted,B(개선 UI),도심권
1368,1_app_opened,app_opened,B(개선 UI),외곽 주거지(초월읍 등)
1368,2_home_viewed,home_viewed,B(개선 UI),외곽 주거지(초월읍 등)
1369,1_app_opened,app_opened,A(기존 UI),도심권
1370,1_app_opened,app_opened,A(기존 UI),외곽 주거지(초월읍 등)
1371,1_app_opened,app_opened,B(개선 UI),외곽 주거지(초월읍 등)
1371,2_home_viewed,home_viewed,B(개선 UI),외곽 주거지(초월읍 등)
1372,1_app_opened,app_opened,A(기존 UI),도심권
1373,1_app_opened,app_opened,B(개선 UI),외곽 주거지(초월읍 등)
1373,2_home_viewed,home_viewed,B(개선 UI),외곽 주거지(초월읍 등)
1374,1_app_opened,app_opened,A(기존 UI),도심권
1375,1_app_opened,app_opened,A(기존 UI),외곽 주거지(초월읍 등)
1375,2_home_viewed,home_viewed,A(기존 UI),외곽 주거지(초월읍 등)
1376,1_app_opened,app_opened,B(개선 UI),도심권
1376,2_home_viewed,home_viewed,B(개선 UI),도심권
1377,1_app_opened,app_opened,A(기존 UI),외곽 주거지(초월읍 등)
1378,1_app_opened,app_opened,B(개선 UI),도심권
1378,2_home_viewed,home_viewed,B(개선 UI),도심권
1379,1_app_opened,app_opened,A(기존 UI),도심권
1380,1_app_opened,app_opened,B(개선 UI),도심권
1380,2_home_viewed,home_viewed,B(개선 UI),도심권
1380,3_cart_interacted,cart_interacted,B(개선 UI),도심권
1380,4_purchase_completed,purchase_completed,B(개선 UI),도심권
1381,1_app_opened,app_opened,A(기존 UI),도심권
1382,1_app_opened,app_opened,A(기존 UI),외곽 주거지(초월읍 등)
1383,1_app_opened,app_opened,B(개선 UI),도심권
1383,2_home_viewed,home_viewed,B(개선 UI),도심권
1383,3_cart_interacted,cart_interacted,B(개선 UI),도심권
1383,4_purchase_completed,purchase_completed,B(개선 UI),도심권
1384,1_app_opened,app_opened,A(기존 UI),도심권
1385,1_app_opened,app_opened,B(개선 UI),도심권
1386,1_app_opened,app_opened,A(기존 UI),도심권
1387,1_app_opened,app_opened,B(개선 UI),도심권
1388,1_app_opened,app_opened,A(기존 UI),외곽 주거지(초월읍 등)
1389,1_app_opened,app_opened,B(개선 UI),외곽 주거지(초월읍 등)
1389,2_home_viewed,home_viewed,B(개선 UI),외곽 주거지(초월읍 등)
1390,1_app_opened,app_opened,A(기존 UI),도심권
1391,1_app_opened,app_opened,A(기존 UI),도심권
1392,1_app_opened,app_opened,A(기존 UI),도심권
1393,1_app_opened,app_opened,A(기존 UI),도심권
1393,2_home_viewed,home_viewed,A(기존 UI),도심권
1394,1_app_opened,app_opened,B(개선 UI),도심권
1394,2_home_viewed,home_viewed,B(개선 UI),도심권
1395,1_app_opened,app_opened,A(기존 UI),외곽 주거지(초월읍 등)
1396,1_app_opened,app_opened,B(개선 UI),도심권
1397,1_app_opened,app_opened,A(기존 UI),외곽 주거지(초월읍 등)
1398,1_app_opened,app_opened,A(기존 UI),도심권
1399,1_app_opened,app_opened,B(개선 UI),도심권
1399,2_home_viewed,home_viewed,B(개선 UI),도심권
1399,3_cart_interacted,cart_interacted,B(개선 UI),도심권
1400,1_app_opened,app_opened,B(개선 UI),도심권
1401,1_app_opened,app_opened,A(기존 UI),도심권
1402,1_app_opened,app_opened,A(기존 UI),도심권
1403,1_app_opened,app_opened,A(기존 UI),외곽 주거지(초월읍 등)
1404,1_app_opened,app_opened,B(개선 UI),도심권
1405,1_app_opened,app_opened,B(개선 UI),외곽 주거지(초월읍 등)
1405,2_home_viewed,home_viewed,B(개선 UI),외곽 주거지(초월읍 등)
1406,1_app_opened,app_opened,A(기존 UI),도심권
1406,2_home_viewed,home_viewed,A(기존 UI),도심권
1407,1_app_opened,app_opened,B(개선 UI),도심권
1407,2_home_viewed,home_viewed,B(개선 UI),도심권
1408,1_app_opened,app_opened,B(개선 UI),도심권
1409,1_app_opened,app_opened,B(개선 UI),도심권
1410,1_app_opened,app_opened,B(개선 UI),도심권
1410,2_home_viewed,home_viewed,B(개선 UI),도심권
1411,1_app_opened,app_opened,A(기존 UI),도심권
1411,2_home_viewed,home_viewed,A(기존 UI),도심권
1412,1_app_opened,app_opened,A(기존 UI),도심권
1412,2_home_viewed,home_viewed,A(기존 UI),도심권
1413,1_app_opened,app_opened,A(기존 UI),도심권
1414,1_app_opened,app_opened,A(기존 UI),도심권
1415,1_app_opened,app_opened,B(개선 UI),도심권
1415,2_home_viewed,home_viewed,B(개선 UI),도심권
1416,1_app_opened,app_opened,B(개선 UI),도심권
1417,1_app_opened,app_opened,A(기존 UI),외곽 주거지(초월읍 등)
1418,1_app_opened,app_opened,A(기존 UI),도심권
1419,1_app_opened,app_opened,A(기존 UI),외곽 주거지(초월읍 등)
1419,2_home_viewed,home_viewed,A(기존 UI),외곽 주거지(초월읍 등)
1420,1_app_opened,app_opened,B(개선 UI),도심권
1420,2_home_viewed,home_viewed,B(개선 UI),도심권
1420,3_cart_interacted,cart_interacted,B(개선 UI),도심권
1421,1_app_opened,app_opened,A(기존 UI),외곽 주거지(초월읍 등)
1422,1_app_opened,app_opened,B(개선 UI),도심권
1422,2_home_viewed,home_viewed,B(개선 UI),도심권
1423,1_app_opened,app_opened,A(기존 UI),외곽 주거지(초월읍 등)
1424,1_app_opened,app_opened,A(기존 UI),도심권
1425,1_app_opened,app_opened,B(개선 UI),외곽 주거지(초월읍 등)
1425,2_home_viewed,home_viewed,B(개선 UI),외곽 주거지(초월읍 등)
1426,1_app_opened,app_opened,B(개선 UI),도심권
1426,2_home_viewed,home_viewed,B(개선 UI),도심권
1427,1_app_opened,app_opened,A(기존 UI),도심권
1428,1_app_opened,app_opened,B(개선 UI),도심권
1429,1_app_opened,app_opened,B(개선 UI),도심권
1430,1_app_opened,app_opened,B(개선 UI),도심권
1431,1_app_opened,app_opened,A(기존 UI),도심권
1431,2_home_viewed,home_viewed,A(기존 UI),도심권
1432,1_app_opened,app_opened,B(개선 UI),도심권
1432,2_home_viewed,home_viewed,B(개선 UI),도심권
1432,3_cart_interacted,cart_interacted,B(개선 UI),도심권
1432,4_purchase_completed,purchase_completed,B(개선 UI),도심권
1433,1_app_opened,app_opened,A(기존 UI),외곽 주거지(초월읍 등)
1433,2_home_viewed,home_viewed,A(기존 UI),외곽 주거지(초월읍 등)
1434,1_app_opened,app_opened,B(개선 UI),도심권
1434,2_home_viewed,home_viewed,B(개선 UI),도심권
1435,1_app_opened,app_opened,A(기존 UI),외곽 주거지(초월읍 등)
1436,1_app_opened,app_opened,A(기존 UI),도심권
1437,1_app_opened,app_opened,A(기존 UI),도심권
1437,2_home_viewed,home_viewed,A(기존 UI),도심권
1438,1_app_opened,app_opened,B(개선 UI),외곽 주거지(초월읍 등)
1438,2_home_viewed,home_viewed,B(개선 UI),외곽 주거지(초월읍 등)
1438,3_cart_interacted,cart_interacted,B(개선 UI),외곽 주거지(초월읍 등)
1439,1_app_opened,app_opened,A(기존 UI),외곽 주거지(초월읍 등)
1440,1_app_opened,app_opened,B(개선 UI),외곽 주거지(초월읍 등)
1440,2_home_viewed,home_viewed,B(개선 UI),외곽 주거지(초월읍 등)
1440,3_cart_interacted,cart_interacted,B(개선 UI),외곽 주거지(초월읍 등)
1440,4_purchase_completed,purchase_completed,B(개선 UI),외곽 주거지(초월읍 등)
1441,1_app_opened,app_opened,B(개선 UI),도심권
1442,1_app_opened,app_opened,A(기존 UI),도심권
1443,1_app_opened,app_opened,B(개선 UI),도심권
1443,2_home_viewed,home_viewed,B(개선 UI),도심권
1443,3_cart_interacted,cart_interacted,B(개선 UI),도심권
1444,1_app_opened,app_opened,A(기존 UI),도심권
1445,1_app_opened,app_opened,B(개선 UI),도심권
1446,1_app_opened,app_opened,A(기존 UI),외곽 주거지(초월읍 등)
1447,1_app_opened,app_opened,B(개선 UI),외곽 주거지(초월읍 등)
1448,1_app_opened,app_opened,B(개선 UI),도심권
1449,1_app_opened,app_opened,B(개선 UI),도심권
1449,2_home_viewed,home_viewed,B(개선 UI),도심권
1449,3_cart_interacted,cart_interacted,B(개선 UI),도심권
1449,4_purchase_completed,purchase_completed,B(개선 UI),도심권
1450,1_app_opened,app_opened,B(개선 UI),외곽 주거지(초월읍 등)
1450,2_home_viewed,home_viewed,B(개선 UI),외곽 주거지(초월읍 등)
1451,1_app_opened,app_opened,A(기존 UI),도심권
1452,1_app_opened,app_opened,B(개선 UI),도심권
1453,1_app_opened,app_opened,B(개선 UI),도심권
1453,2_home_viewed,home_viewed,B(개선 UI),도심권
1454,1_app_opened,app_opened,B(개선 UI),도심권
1454,2_home_viewed,home_viewed,B(개선 UI),도심권
1455,1_app_opened,app_opened,A(기존 UI),외곽 주거지(초월읍 등)
1456,1_app_opened,app_opened,B(개선 UI),도심권
1456,2_home_viewed,home_viewed,B(개선 UI),도심권
1457,1_app_opened,app_opened,B(개선 UI),도심권
1457,2_home_viewed,home_viewed,B(개선 UI),도심권
1458,1_app_opened,app_opened,B(개선 UI),도심권
1459,1_app_opened,app_opened,A(기존 UI),외곽 주거지(초월읍 등)
1460,1_app_opened,app_opened,B(개선 UI),외곽 주거지(초월읍 등)
1461,1_app_opened,app_opened,A(기존 UI),도심권
1462,1_app_opened,app_opened,B(개선 UI),도심권
1462,2_home_viewed,home_viewed,B(개선 UI),도심권
1463,1_app_opened,app_opened,A(기존 UI),도심권
1463,2_home_viewed,home_viewed,A(기존 UI),도심권
1464,1_app_opened,app_opened,B(개선 UI),도심권
1465,1_app_opened,app_opened,B(개선 UI),도심권
1465,2_home_viewed,home_viewed,B(개선 UI),도심권
1465,3_cart_interacted,cart_interacted,B(개선 UI),도심권
1466,1_app_opened,app_opened,A(기존 UI),도심권
1467,1_app_opened,app_opened,B(개선 UI),도심권
1468,1_app_opened,app_opened,A(기존 UI),도심권
1469,1_app_opened,app_opened,B(개선 UI),도심권
1469,2_home_viewed,home_viewed,B(개선 UI),도심권
1470,1_app_opened,app_opened,B(개선 UI),외곽 주거지(초월읍 등)
1471,1_app_opened,app_opened,B(개선 UI),도심권
1472,1_app_opened,app_opened,B(개선 UI),도심권
1472,2_home_viewed,home_viewed,B(개선 UI),도심권
1472,3_cart_interacted,cart_interacted,B(개선 UI),도심권
1473,1_app_opened,app_opened,B(개선 UI),외곽 주거지(초월읍 등)
1474,1_app_opened,app_opened,A(기존 UI),도심권
1475,1_app_opened,app_opened,A(기존 UI),외곽 주거지(초월읍 등)
1476,1_app_opened,app_opened,B(개선 UI),도심권
1476,2_home_viewed,home_viewed,B(개선 UI),도심권
1476,3_cart_interacted,cart_interacted,B(개선 UI),도심권
1476,4_purchase_completed,purchase_completed,B(개선 UI),도심권
1477,1_app_opened,app_opened,B(개선 UI),도심권
1477,2_home_viewed,home_viewed,B(개선 UI),도심권
1477,3_cart_interacted,cart_interacted,B(개선 UI),도심권
1477,4_purchase_completed,purchase_completed,B(개선 UI),도심권
1478,1_app_opened,app_opened,B(개선 UI),외곽 주거지(초월읍 등)
1478,2_home_viewed,home_viewed,B(개선 UI),외곽 주거지(초월읍 등)
1479,1_app_opened,app_opened,B(개선 UI),도심권
1479,2_home_viewed,home_viewed,B(개선 UI),도심권
1480,1_app_opened,app_opened,A(기존 UI),외곽 주거지(초월읍 등)
1480,2_home_viewed,home_viewed,A(기존 UI),외곽 주거지(초월읍 등)
1481,1_app_opened,app_opened,B(개선 UI),도심권
1481,2_home_viewed,home_viewed,B(개선 UI),도심권
1482,1_app_opened,app_opened,A(기존 UI),도심권
1483,1_app_opened,app_opened,B(개선 UI),도심권
1483,2_home_viewed,home_viewed,B(개선 UI),도심권
1483,3_cart_interacted,cart_interacted,B(개선 UI),도심권
1483,4_purchase_completed,purchase_completed,B(개선 UI),도심권
1484,1_app_opened,app_opened,A(기존 UI),도심권
1484,2_home_viewed,home_viewed,A(기존 UI),도심권
1485,1_app_opened,app_opened,A(기존 UI),도심권
1486,1_app_opened,app_opened,A(기존 UI),도심권
1487,1_app_opened,app_opened,A(기존 UI),도심권
1488,1_app_opened,app_opened,B(개선 UI),도심권
1488,2_home_viewed,home_viewed,B(개선 UI),도심권
1489,1_app_opened,app_opened,A(기존 UI),외곽 주거지(초월읍 등)
1489,2_home_viewed,home_viewed,A(기존 UI),외곽 주거지(초월읍 등)
1490,1_app_opened,app_opened,A(기존 UI),도심권
1491,1_app_opened,app_opened,A(기존 UI),외곽 주거지(초월읍 등)
1491,2_home_viewed,home_viewed,A(기존 UI),외곽 주거지(초월읍 등)
1492,1_app_opened,app_opened,A(기존 UI),도심권
1493,1_app_opened,app_opened,A(기존 UI),도심권
1494,1_app_opened,app_opened,A(기존 UI),외곽 주거지(초월읍 등)
1494,2_home_viewed,home_viewed,A(기존 UI),외곽 주거지(초월읍 등)
1495,1_app_opened,app_opened,B(개선 UI),도심권
1495,2_home_viewed,home_viewed,B(개선 UI),도심권
1496,1_app_opened,app_opened,B(개선 UI),도심권
1496,2_home_viewed,home_viewed,B(개선 UI),도심권
1496,3_cart_interacted,cart_interacted,B(개선 UI),도심권
1496,4_purchase_completed,purchase_completed,B(개선 UI),도심권
1497,1_app_opened,app_opened,B(개선 UI),도심권
1497,2_home_viewed,home_viewed,B(개선 UI),도심권
1498,1_app_opened,app_opened,A(기존 UI),도심권
1499,1_app_opened,app_opened,A(기존 UI),도심권
1500,1_app_opened,app_opened,B(개선 UI),외곽 주거지(초월읍 등)
1501,1_app_opened,app_opened,B(개선 UI),도심권
1501,2_home_viewed,home_viewed,B(개선 UI),도심권
1501,3_cart_interacted,cart_interacted,B(개선 UI),도심권
1502,1_app_opened,app_opened,A(기존 UI),외곽 주거지(초월읍 등)
1503,1_app_opened,app_opened,A(기존 UI),도심권
1504,1_app_opened,app_opened,A(기존 UI),도심권
1504,2_home_viewed,home_viewed,A(기존 UI),도심권
1505,1_app_opened,app_opened,A(기존 UI),도심권
1506,1_app_opened,app_opened,A(기존 UI),외곽 주거지(초월읍 등)
1507,1_app_opened,app_opened,B(개선 UI),외곽 주거지(초월읍 등)
1507,2_home_viewed,home_viewed,B(개선 UI),외곽 주거지(초월읍 등)
1508,1_app_opened,app_opened,B(개선 UI),도심권
1509,1_app_opened,app_opened,B(개선 UI),도심권
1509,2_home_viewed,home_viewed,B(개선 UI),도심권
1510,1_app_opened,app_opened,B(개선 UI),도심권
1510,2_home_viewed,home_viewed,B(개선 UI),도심권
1511,1_app_opened,app_opened,B(개선 UI),도심권
1511,2_home_viewed,home_viewed,B(개선 UI),도심권
1511,3_cart_interacted,cart_interacted,B(개선 UI),도심권
1512,1_app_opened,app_opened,B(개선 UI),도심권
1512,2_home_viewed,home_viewed,B(개선 UI),도심권
1512,3_cart_interacted,cart_interacted,B(개선 UI),도심권
1513,1_app_opened,app_opened,B(개선 UI),외곽 주거지(초월읍 등)
1513,2_home_viewed,home_viewed,B(개선 UI),외곽 주거지(초월읍 등)
1514,1_app_opened,app_opened,A(기존 UI),도심권
1515,1_app_opened,app_opened,A(기존 UI),외곽 주거지(초월읍 등)
1516,1_app_opened,app_opened,A(기존 UI),도심권
1517,1_app_opened,app_opened,B(개선 UI),도심권
1517,2_home_viewed,home_viewed,B(개선 UI),도심권
1518,1_app_opened,app_opened,B(개선 UI),도심권
1518,2_home_viewed,home_viewed,B(개선 UI),도심권
1518,3_cart_interacted,cart_interacted,B(개선 UI),도심권
1519,1_app_opened,app_opened,A(기존 UI),외곽 주거지(초월읍 등)
1520,1_app_opened,app_opened,B(개선 UI),외곽 주거지(초월읍 등)
1521,1_app_opened,app_opened,A(기존 UI),도심권
1522,1_app_opened,app_opened,B(개선 UI),도심권
1522,2_home_viewed,home_viewed,B(개선 UI),도심권
1523,1_app_opened,app_opened,A(기존 UI),도심권
1524,1_app_opened,app_opened,A(기존 UI),도심권
1525,1_app_opened,app_opened,A(기존 UI),도심권
1526,1_app_opened,app_opened,A(기존 UI),외곽 주거지(초월읍 등)
1527,1_app_opened,app_opened,A(기존 UI),도심권
1527,2_home_viewed,home_viewed,A(기존 UI),도심권
1528,1_app_opened,app_opened,A(기존 UI),외곽 주거지(초월읍 등)
1529,1_app_opened,app_opened,B(개선 UI),도심권
1529,2_home_viewed,home_viewed,B(개선 UI),도심권
1530,1_app_opened,app_opened,B(개선 UI),도심권
1531,1_app_opened,app_opened,A(기존 UI),외곽 주거지(초월읍 등)
1532,1_app_opened,app_opened,B(개선 UI),도심권
1532,2_home_viewed,home_viewed,B(개선 UI),도심권
1533,1_app_opened,app_opened,B(개선 UI),외곽 주거지(초월읍 등)
1533,2_home_viewed,home_viewed,B(개선 UI),외곽 주거지(초월읍 등)
1534,1_app_opened,app_opened,A(기존 UI),도심권
1535,1_app_opened,app_opened,A(기존 UI),도심권
1536,1_app_opened,app_opened,A(기존 UI),외곽 주거지(초월읍 등)
1536,2_home_viewed,home_viewed,A(기존 UI),외곽 주거지(초월읍 등)
1537,1_app_opened,app_opened,A(기존 UI),외곽 주거지(초월읍 등)
1538,1_app_opened,app_opened,B(개선 UI),도심권
1538,2_home_viewed,home_viewed,B(개선 UI),도심권
1539,1_app_opened,app_opened,A(기존 UI),도심권
1539,2_home_viewed,home_viewed,A(기존 UI),도심권
1540,1_app_opened,app_opened,B(개선 UI),외곽 주거지(초월읍 등)
1541,1_app_opened,app_opened,B(개선 UI),외곽 주거지(초월읍 등)
1541,2_home_viewed,home_viewed,B(개선 UI),외곽 주거지(초월읍 등)
1542,1_app_opened,app_opened,A(기존 UI),도심권
1543,1_app_opened,app_opened,B(개선 UI),외곽 주거지(초월읍 등)
1543,2_home_viewed,home_viewed,B(개선 UI),외곽 주거지(초월읍 등)
1543,3_cart_interacted,cart_interacted,B(개선 UI),외곽 주거지(초월읍 등)
1543,4_purchase_completed,purchase_completed,B(개선 UI),외곽 주거지(초월읍 등)
1544,1_app_opened,app_opened,A(기존 UI),도심권
1545,1_app_opened,app_opened,B(개선 UI),도심권
1545,2_home_viewed,home_viewed,B(개선 UI),도심권
1546,1_app_opened,app_opened,A(기존 UI),도심권
1547,1_app_opened,app_opened,B(개선 UI),도심권
1547,2_home_viewed,home_viewed,B(개선 UI),도심권
1548,1_app_opened,app_opened,B(개선 UI),외곽 주거지(초월읍 등)
1549,1_app_opened,app_opened,A(기존 UI),도심권
1550,1_app_opened,app_opened,B(개선 UI),외곽 주거지(초월읍 등)
1550,2_home_viewed,home_viewed,B(개선 UI),외곽 주거지(초월읍 등)
1551,1_app_opened,app_opened,B(개선 UI),도심권
1551,2_home_viewed,home_viewed,B(개선 UI),도심권
1551,3_cart_interacted,cart_interacted,B(개선 UI),도심권
1551,4_purchase_completed,purchase_completed,B(개선 UI),도심권
1552,1_app_opened,app_opened,B(개선 UI),외곽 주거지(초월읍 등)
1553,1_app_opened,app_opened,B(개선 UI),외곽 주거지(초월읍 등)
1553,2_home_viewed,home_viewed,B(개선 UI),외곽 주거지(초월읍 등)
1554,1_app_opened,app_opened,B(개선 UI),도심권
1554,2_home_viewed,home_viewed,B(개선 UI),도심권
1554,3_cart_interacted,cart_interacted,B(개선 UI),도심권
1555,1_app_opened,app_opened,A(기존 UI),도심권
1556,1_app_opened,app_opened,A(기존 UI),도심권
1557,1_app_opened,app_opened,B(개선 UI),외곽 주거지(초월읍 등)
1557,2_home_viewed,home_viewed,B(개선 UI),외곽 주거지(초월읍 등)
1558,1_app_opened,app_opened,A(기존 UI),외곽 주거지(초월읍 등)
1559,1_app_opened,app_opened,B(개선 UI),도심권
1559,2_home_viewed,home_viewed,B(개선 UI),도심권
1559,3_cart_interacted,cart_interacted,B(개선 UI),도심권
1560,1_app_opened,app_opened,B(개선 UI),외곽 주거지(초월읍 등)
1560,2_home_viewed,home_viewed,B(개선 UI),외곽 주거지(초월읍 등)
1561,1_app_opened,app_opened,A(기존 UI),도심권
1562,1_app_opened,app_opened,A(기존 UI),도심권
1563,1_app_opened,app_opened,B(개선 UI),외곽 주거지(초월읍 등)
1563,2_home_viewed,home_viewed,B(개선 UI),외곽 주거지(초월읍 등)
1564,1_app_opened,app_opened,A(기존 UI),도심권
1565,1_app_opened,app_opened,B(개선 UI),외곽 주거지(초월읍 등)
1565,2_home_viewed,home_viewed,B(개선 UI),외곽 주거지(초월읍 등)
1565,3_cart_interacted,cart_interacted,B(개선 UI),외곽 주거지(초월읍 등)
1566,1_app_opened,app_opened,A(기존 UI),도심권
1567,1_app_opened,app_opened,B(개선 UI),도심권
1567,2_home_viewed,home_viewed,B(개선 UI),도심권
1568,1_app_opened,app_opened,A(기존 UI),도심권
1568,2_home_viewed,home_viewed,A(기존 UI),도심권
1569,1_app_opened,app_opened,B(개선 UI),도심권
1569,2_home_viewed,home_viewed,B(개선 UI),도심권
1569,3_cart_interacted,cart_interacted,B(개선 UI),도심권
1570,1_app_opened,app_opened,A(기존 UI),외곽 주거지(초월읍 등)
1570,2_home_viewed,home_viewed,A(기존 UI),외곽 주거지(초월읍 등)
1571,1_app_opened,app_opened,B(개선 UI),도심권
1571,2_home_viewed,home_viewed,B(개선 UI),도심권
1572,1_app_opened,app_opened,A(기존 UI),도심권
1573,1_app_opened,app_opened,B(개선 UI),도심권
1574,1_app_opened,app_opened,B(개선 UI),도심권
1575,1_app_opened,app_opened,A(기존 UI),외곽 주거지(초월읍 등)
1575,2_home_viewed,home_viewed,A(기존 UI),외곽 주거지(초월읍 등)
1576,1_app_opened,app_opened,A(기존 UI),도심권
1577,1_app_opened,app_opened,A(기존 UI),도심권
1577,2_home_viewed,home_viewed,A(기존 UI),도심권
1578,1_app_opened,app_opened,B(개선 UI),외곽 주거지(초월읍 등)
1578,2_home_viewed,home_viewed,B(개선 UI),외곽 주거지(초월읍 등)
1578,3_cart_interacted,cart_interacted,B(개선 UI),외곽 주거지(초월읍 등)
1579,1_app_opened,app_opened,B(개선 UI),도심권
1579,2_home_viewed,home_viewed,B(개선 UI),도심권
1580,1_app_opened,app_opened,B(개선 UI),외곽 주거지(초월읍 등)
1580,2_home_viewed,home_viewed,B(개선 UI),외곽 주거지(초월읍 등)
1581,1_app_opened,app_opened,A(기존 UI),도심권
1582,1_app_opened,app_opened,A(기존 UI),도심권
1583,1_app_opened,app_opened,B(개선 UI),외곽 주거지(초월읍 등)
1584,1_app_opened,app_opened,A(기존 UI),외곽 주거지(초월읍 등)
1585,1_app_opened,app_opened,B(개선 UI),도심권
1586,1_app_opened,app_opened,A(기존 UI),도심권
1587,1_app_opened,app_opened,B(개선 UI),도심권
1587,2_home_viewed,home_viewed,B(개선 UI),도심권
1588,1_app_opened,app_opened,A(기존 UI),도심권
1588,2_home_viewed,home_viewed,A(기존 UI),도심권
1588,3_cart_interacted,cart_interacted,A(기존 UI),도심권
1588,4_purchase_completed,purchase_completed,A(기존 UI),도심권
1589,1_app_opened,app_opened,A(기존 UI),외곽 주거지(초월읍 등)
1590,1_app_opened,app_opened,B(개선 UI),도심권
1590,2_home_viewed,home_viewed,B(개선 UI),도심권
1591,1_app_opened,app_opened,B(개선 UI),도심권
1591,2_home_viewed,home_viewed,B(개선 UI),도심권
1592,1_app_opened,app_opened,B(개선 UI),외곽 주거지(초월읍 등)
1592,2_home_viewed,home_viewed,B(개선 UI),외곽 주거지(초월읍 등)
1593,1_app_opened,app_opened,A(기존 UI),도심권
1593,2_home_viewed,home_viewed,A(기존 UI),도심권
1594,1_app_opened,app_opened,A(기존 UI),도심권
1595,1_app_opened,app_opened,B(개선 UI),외곽 주거지(초월읍 등)
1596,1_app_opened,app_opened,B(개선 UI),외곽 주거지(초월읍 등)
1597,1_app_opened,app_opened,A(기존 UI),도심권
1598,1_app_opened,app_opened,A(기존 UI),도심권
1599,1_app_opened,app_opened,A(기존 UI),도심권
1599,2_home_viewed,home_viewed,A(기존 UI),도심권
1600,1_app_opened,app_opened,B(개선 UI),도심권
1600,2_home_viewed,home_viewed,B(개선 UI),도심권
1600,3_cart_interacted,cart_interacted,B(개선 UI),도심권
1600,4_purchase_completed,purchase_completed,B(개선 UI),도심권
1601,1_app_opened,app_opened,A(기존 UI),도심권
1601,2_home_viewed,home_viewed,A(기존 UI),도심권
1601,3_cart_interacted,cart_interacted,A(기존 UI),도심권
1602,1_app_opened,app_opened,A(기존 UI),외곽 주거지(초월읍 등)
1603,1_app_opened,app_opened,A(기존 UI),외곽 주거지(초월읍 등)
1604,1_app_opened,app_opened,A(기존 UI),외곽 주거지(초월읍 등)
1605,1_app_opened,app_opened,A(기존 UI),도심권
1606,1_app_opened,app_opened,B(개선 UI),외곽 주거지(초월읍 등)
1606,2_home_viewed,home_viewed,B(개선 UI),외곽 주거지(초월읍 등)
1607,1_app_opened,app_opened,A(기존 UI),도심권
1608,1_app_opened,app_opened,B(개선 UI),도심권
1608,2_home_viewed,home_viewed,B(개선 UI),도심권
1608,3_cart_interacted,cart_interacted,B(개선 UI),도심권
1609,1_app_opened,app_opened,A(기존 UI),도심권
1610,1_app_opened,app_opened,B(개선 UI),도심권
1610,2_home_viewed,home_viewed,B(개선 UI),도심권
1611,1_app_opened,app_opened,B(개선 UI),외곽 주거지(초월읍 등)
1611,2_home_viewed,home_viewed,B(개선 UI),외곽 주거지(초월읍 등)
1612,1_app_opened,app_opened,B(개선 UI),도심권
1613,1_app_opened,app_opened,B(개선 UI),도심권
1614,1_app_opened,app_opened,A(기존 UI),외곽 주거지(초월읍 등)
1615,1_app_opened,app_opened,A(기존 UI),도심권
1615,2_home_viewed,home_viewed,A(기존 UI),도심권
1615,3_cart_interacted,cart_interacted,A(기존 UI),도심권
1616,1_app_opened,app_opened,B(개선 UI),외곽 주거지(초월읍 등)
1617,1_app_opened,app_opened,B(개선 UI),도심권
1617,2_home_viewed,home_viewed,B(개선 UI),도심권
1618,1_app_opened,app_opened,B(개선 UI),도심권
1618,2_home_viewed,home_viewed,B(개선 UI),도심권
1619,1_app_opened,app_opened,B(개선 UI),외곽 주거지(초월읍 등)
1619,2_home_viewed,home_viewed,B(개선 UI),외곽 주거지(초월읍 등)
1620,1_app_opened,app_opened,B(개선 UI),도심권
1620,2_home_viewed,home_viewed,B(개선 UI),도심권
1621,1_app_opened,app_opened,A(기존 UI),도심권
1622,1_app_opened,app_opened,A(기존 UI),도심권
1623,1_app_opened,app_opened,B(개선 UI),도심권
1624,1_app_opened,app_opened,B(개선 UI),도심권
1624,2_home_viewed,home_viewed,B(개선 UI),도심권
1624,3_cart_interacted,cart_interacted,B(개선 UI),도심권
1625,1_app_opened,app_opened,A(기존 UI),도심권
1626,1_app_opened,app_opened,B(개선 UI),도심권
1627,1_app_opened,app_opened,A(기존 UI),외곽 주거지(초월읍 등)
1628,1_app_opened,app_opened,B(개선 UI),도심권
1628,2_home_viewed,home_viewed,B(개선 UI),도심권
1629,1_app_opened,app_opened,A(기존 UI),도심권
1630,1_app_opened,app_opened,A(기존 UI),도심권
1631,1_app_opened,app_opened,B(개선 UI),외곽 주거지(초월읍 등)
1632,1_app_opened,app_opened,A(기존 UI),외곽 주거지(초월읍 등)
1633,1_app_opened,app_opened,B(개선 UI),외곽 주거지(초월읍 등)
1633,2_home_viewed,home_viewed,B(개선 UI),외곽 주거지(초월읍 등)
1633,3_cart_interacted,cart_interacted,B(개선 UI),외곽 주거지(초월읍 등)
1633,4_purchase_completed,purchase_completed,B(개선 UI),외곽 주거지(초월읍 등)
1634,1_app_opened,app_opened,B(개선 UI),외곽 주거지(초월읍 등)
1634,2_home_viewed,home_viewed,B(개선 UI),외곽 주거지(초월읍 등)
1634,3_cart_interacted,cart_interacted,B(개선 UI),외곽 주거지(초월읍 등)
1635,1_app_opened,app_opened,B(개선 UI),도심권
1635,2_home_viewed,home_viewed,B(개선 UI),도심권
1636,1_app_opened,app_opened,A(기존 UI),도심권
1637,1_app_opened,app_opened,A(기존 UI),도심권
1638,1_app_opened,app_opened,A(기존 UI),도심권
1639,1_app_opened,app_opened,B(개선 UI),도심권
1639,2_home_viewed,home_viewed,B(개선 UI),도심권
1640,1_app_opened,app_opened,B(개선 UI),도심권
1641,1_app_opened,app_opened,B(개선 UI),외곽 주거지(초월읍 등)
1642,1_app_opened,app_opened,B(개선 UI),외곽 주거지(초월읍 등)
1642,2_home_viewed,home_viewed,B(개선 UI),외곽 주거지(초월읍 등)
1643,1_app_opened,app_opened,B(개선 UI),도심권
1644,1_app_opened,app_opened,B(개선 UI),외곽 주거지(초월읍 등)
1645,1_app_opened,app_opened,A(기존 UI),도심권
1646,1_app_opened,app_opened,B(개선 UI),도심권
1647,1_app_opened,app_opened,A(기존 UI),도심권
1647,2_home_viewed,home_viewed,A(기존 UI),도심권
1648,1_app_opened,app_opened,B(개선 UI),도심권
1648,2_home_viewed,home_viewed,B(개선 UI),도심권
1649,1_app_opened,app_opened,B(개선 UI),도심권
1650,1_app_opened,app_opened,B(개선 UI),외곽 주거지(초월읍 등)
1651,1_app_opened,app_opened,A(기존 UI),도심권
1652,1_app_opened,app_opened,A(기존 UI),도심권
1653,1_app_opened,app_opened,A(기존 UI),도심권
1654,1_app_opened,app_opened,A(기존 UI),도심권
1655,1_app_opened,app_opened,A(기존 UI),외곽 주거지(초월읍 등)
1656,1_app_opened,app_opened,B(개선 UI),도심권
1656,2_home_viewed,home_viewed,B(개선 UI),도심권
1657,1_app_opened,app_opened,B(개선 UI),외곽 주거지(초월읍 등)
1658,1_app_opened,app_opened,A(기존 UI),외곽 주거지(초월읍 등)
1658,2_home_viewed,home_viewed,A(기존 UI),외곽 주거지(초월읍 등)
1659,1_app_opened,app_opened,A(기존 UI),도심권
1660,1_app_opened,app_opened,A(기존 UI),도심권
1661,1_app_opened,app_opened,B(개선 UI),외곽 주거지(초월읍 등)
1661,2_home_viewed,home_viewed,B(개선 UI),외곽 주거지(초월읍 등)
1662,1_app_opened,app_opened,B(개선 UI),외곽 주거지(초월읍 등)
1662,2_home_viewed,home_viewed,B(개선 UI),외곽 주거지(초월읍 등)
1662,3_cart_interacted,cart_interacted,B(개선 UI),외곽 주거지(초월읍 등)
1663,1_app_opened,app_opened,B(개선 UI),도심권
1664,1_app_opened,app_opened,A(기존 UI),외곽 주거지(초월읍 등)
1665,1_app_opened,app_opened,B(개선 UI),외곽 주거지(초월읍 등)
1665,2_home_viewed,home_viewed,B(개선 UI),외곽 주거지(초월읍 등)
1666,1_app_opened,app_opened,B(개선 UI),도심권
1666,2_home_viewed,home_viewed,B(개선 UI),도심권
1666,3_cart_interacted,cart_interacted,B(개선 UI),도심권
1667,1_app_opened,app_opened,A(기존 UI),도심권
1668,1_app_opened,app_opened,B(개선 UI),외곽 주거지(초월읍 등)
1668,2_home_viewed,home_viewed,B(개선 UI),외곽 주거지(초월읍 등)
1668,3_cart_interacted,cart_interacted,B(개선 UI),외곽 주거지(초월읍 등)
1668,4_purchase_completed,purchase_completed,B(개선 UI),외곽 주거지(초월읍 등)
1669,1_app_opened,app_opened,A(기존 UI),도심권
1670,1_app_opened,app_opened,B(개선 UI),도심권
1670,2_home_viewed,home_viewed,B(개선 UI),도심권
1671,1_app_opened,app_opened,A(기존 UI),도심권
1672,1_app_opened,app_opened,B(개선 UI),도심권
1672,2_home_viewed,home_viewed,B(개선 UI),도심권
1672,3_cart_interacted,cart_interacted,B(개선 UI),도심권
1673,1_app_opened,app_opened,B(개선 UI),도심권
1673,2_home_viewed,home_viewed,B(개선 UI),도심권
1673,3_cart_interacted,cart_interacted,B(개선 UI),도심권
1674,1_app_opened,app_opened,B(개선 UI),외곽 주거지(초월읍 등)
1674,2_home_viewed,home_viewed,B(개선 UI),외곽 주거지(초월읍 등)
1674,3_cart_interacted,cart_interacted,B(개선 UI),외곽 주거지(초월읍 등)
1675,1_app_opened,app_opened,B(개선 UI),도심권
1675,2_home_viewed,home_viewed,B(개선 UI),도심권
1675,3_cart_interacted,cart_interacted,B(개선 UI),도심권
1676,1_app_opened,app_opened,A(기존 UI),도심권
1677,1_app_opened,app_opened,A(기존 UI),도심권
1678,1_app_opened,app_opened,A(기존 UI),도심권
1678,2_home_viewed,home_viewed,A(기존 UI),도심권
1679,1_app_opened,app_opened,A(기존 UI),도심권
1679,2_home_viewed,home_viewed,A(기존 UI),도심권
1680,1_app_opened,app_opened,B(개선 UI),도심권
1680,2_home_viewed,home_viewed,B(개선 UI),도심권
1681,1_app_opened,app_opened,A(기존 UI),도심권
1682,1_app_opened,app_opened,B(개선 UI),도심권
1682,2_home_viewed,home_viewed,B(개선 UI),도심권
1683,1_app_opened,app_opened,B(개선 UI),도심권
1683,2_home_viewed,home_viewed,B(개선 UI),도심권
1684,1_app_opened,app_opened,B(개선 UI),도심권
1684,2_home_viewed,home_viewed,B(개선 UI),도심권
1685,1_app_opened,app_opened,A(기존 UI),외곽 주거지(초월읍 등)
1686,1_app_opened,app_opened,B(개선 UI),도심권
1687,1_app_opened,app_opened,B(개선 UI),도심권
1688,1_app_opened,app_opened,A(기존 UI),외곽 주거지(초월읍 등)
1688,2_home_viewed,home_viewed,A(기존 UI),외곽 주거지(초월읍 등)
1689,1_app_opened,app_opened,B(개선 UI),도심권
1689,2_home_viewed,home_viewed,B(개선 UI),도심권
1689,3_cart_interacted,cart_interacted,B(개선 UI),도심권
1690,1_app_opened,app_opened,B(개선 UI),도심권
1690,2_home_viewed,home_viewed,B(개선 UI),도심권
1691,1_app_opened,app_opened,A(기존 UI),도심권
1692,1_app_opened,app_opened,B(개선 UI),도심권
1693,1_app_opened,app_opened,A(기존 UI),외곽 주거지(초월읍 등)
1694,1_app_opened,app_opened,A(기존 UI),외곽 주거지(초월읍 등)
1694,2_home_viewed,home_viewed,A(기존 UI),외곽 주거지(초월읍 등)
1694,3_cart_interacted,cart_interacted,A(기존 UI),외곽 주거지(초월읍 등)
1695,1_app_opened,app_opened,A(기존 UI),도심권
1696,1_app_opened,app_opened,A(기존 UI),도심권
1696,2_home_viewed,home_viewed,A(기존 UI),도심권
1697,1_app_opened,app_opened,A(기존 UI),도심권
1698,1_app_opened,app_opened,A(기존 UI),외곽 주거지(초월읍 등)
1698,2_home_viewed,home_viewed,A(기존 UI),외곽 주거지(초월읍 등)
1699,1_app_opened,app_opened,B(개선 UI),외곽 주거지(초월읍 등)
1700,1_app_opened,app_opened,B(개선 UI),도심권
1700,2_home_viewed,home_viewed,B(개선 UI),도심권
1701,1_app_opened,app_opened,B(개선 UI),도심권
1701,2_home_viewed,home_viewed,B(개선 UI),도심권
1702,1_app_opened,app_opened,A(기존 UI),도심권
1702,2_home_viewed,home_viewed,A(기존 UI),도심권
1703,1_app_opened,app_opened,A(기존 UI),도심권
1704,1_app_opened,app_opened,B(개선 UI),도심권
1705,1_app_opened,app_opened,A(기존 UI),도심권
1706,1_app_opened,app_opened,A(기존 UI),도심권
1706,2_home_viewed,home_viewed,A(기존 UI),도심권
1707,1_app_opened,app_opened,B(개선 UI),외곽 주거지(초월읍 등)
1708,1_app_opened,app_opened,A(기존 UI),외곽 주거지(초월읍 등)
1709,1_app_opened,app_opened,B(개선 UI),도심권
1709,2_home_viewed,home_viewed,B(개선 UI),도심권
1709,3_cart_interacted,cart_interacted,B(개선 UI),도심권
1710,1_app_opened,app_opened,B(개선 UI),도심권
1710,2_home_viewed,home_viewed,B(개선 UI),도심권
1711,1_app_opened,app_opened,A(기존 UI),외곽 주거지(초월읍 등)
1712,1_app_opened,app_opened,A(기존 UI),도심권
1713,1_app_opened,app_opened,B(개선 UI),도심권
1713,2_home_viewed,home_viewed,B(개선 UI),도심권
1713,3_cart_interacted,cart_interacted,B(개선 UI),도심권
1713,4_purchase_completed,purchase_completed,B(개선 UI),도심권
1714,1_app_opened,app_opened,A(기존 UI),도심권
1715,1_app_opened,app_opened,A(기존 UI),도심권
1716,1_app_opened,app_opened,B(개선 UI),도심권
1717,1_app_opened,app_opened,A(기존 UI),도심권
1718,1_app_opened,app_opened,B(개선 UI),도심권
1719,1_app_opened,app_opened,B(개선 UI),도심권
1720,1_app_opened,app_opened,A(기존 UI),도심권
1721,1_app_opened,app_opened,A(기존 UI),도심권
1722,1_app_opened,app_opened,A(기존 UI),외곽 주거지(초월읍 등)
1723,1_app_opened,app_opened,A(기존 UI),도심권
1724,1_app_opened,app_opened,A(기존 UI),도심권
1725,1_app_opened,app_opened,B(개선 UI),도심권
1725,2_home_viewed,home_viewed,B(개선 UI),도심권
1725,3_cart_interacted,cart_interacted,B(개선 UI),도심권
1726,1_app_opened,app_opened,A(기존 UI),도심권
1727,1_app_opened,app_opened,B(개선 UI),도심권
1727,2_home_viewed,home_viewed,B(개선 UI),도심권
1727,3_cart_interacted,cart_interacted,B(개선 UI),도심권
1728,1_app_opened,app_opened,B(개선 UI),외곽 주거지(초월읍 등)
1728,2_home_viewed,home_viewed,B(개선 UI),외곽 주거지(초월읍 등)
1729,1_app_opened,app_opened,B(개선 UI),도심권
1730,1_app_opened,app_opened,B(개선 UI),도심권
1731,1_app_opened,app_opened,A(기존 UI),외곽 주거지(초월읍 등)
1732,1_app_opened,app_opened,B(개선 UI),도심권
1732,2_home_viewed,home_viewed,B(개선 UI),도심권
1733,1_app_opened,app_opened,B(개선 UI),도심권
1733,2_home_viewed,home_viewed,B(개선 UI),도심권
1733,3_cart_interacted,cart_interacted,B(개선 UI),도심권
1734,1_app_opened,app_opened,A(기존 UI),도심권
1735,1_app_opened,app_opened,A(기존 UI),도심권
1736,1_app_opened,app_opened,B(개선 UI),외곽 주거지(초월읍 등)
1737,1_app_opened,app_opened,A(기존 UI),도심권
1737,2_home_viewed,home_viewed,A(기존 UI),도심권
1737,3_cart_interacted,cart_interacted,A(기존 UI),도심권
1737,4_purchase_completed,purchase_completed,A(기존 UI),도심권
1738,1_app_opened,app_opened,A(기존 UI),도심권
1738,2_home_viewed,home_viewed,A(기존 UI),도심권
1738,3_cart_interacted,cart_interacted,A(기존 UI),도심권
1739,1_app_opened,app_opened,A(기존 UI),외곽 주거지(초월읍 등)
1740,1_app_opened,app_opened,A(기존 UI),도심권
1741,1_app_opened,app_opened,B(개선 UI),도심권
1741,2_home_viewed,home_viewed,B(개선 UI),도심권
1742,1_app_opened,app_opened,B(개선 UI),도심권
1743,1_app_opened,app_opened,B(개선 UI),도심권
1743,2_home_viewed,home_viewed,B(개선 UI),도심권
1744,1_app_opened,app_opened,A(기존 UI),외곽 주거지(초월읍 등)
1745,1_app_opened,app_opened,A(기존 UI),외곽 주거지(초월읍 등)
1746,1_app_opened,app_opened,A(기존 UI),도심권
1747,1_app_opened,app_opened,A(기존 UI),도심권
1748,1_app_opened,app_opened,A(기존 UI),도심권
1749,1_app_opened,app_opened,B(개선 UI),도심권
1750,1_app_opened,app_opened,A(기존 UI),도심권
1751,1_app_opened,app_opened,B(개선 UI),도심권
1751,2_home_viewed,home_viewed,B(개선 UI),도심권
1752,1_app_opened,app_opened,A(기존 UI),외곽 주거지(초월읍 등)
1753,1_app_opened,app_opened,A(기존 UI),외곽 주거지(초월읍 등)
1754,1_app_opened,app_opened,A(기존 UI),도심권
1754,2_home_viewed,home_viewed,A(기존 UI),도심권
1755,1_app_opened,app_opened,B(개선 UI),도심권
1756,1_app_opened,app_opened,B(개선 UI),도심권
1757,1_app_opened,app_opened,B(개선 UI),외곽 주거지(초월읍 등)
1757,2_home_viewed,home_viewed,B(개선 UI),외곽 주거지(초월읍 등)
1757,3_cart_interacted,cart_interacted,B(개선 UI),외곽 주거지(초월읍 등)
1758,1_app_opened,app_opened,A(기존 UI),외곽 주거지(초월읍 등)
1759,1_app_opened,app_opened,A(기존 UI),외곽 주거지(초월읍 등)
1760,1_app_opened,app_opened,B(개선 UI),도심권
1760,2_home_viewed,home_viewed,B(개선 UI),도심권
1761,1_app_opened,app_opened,A(기존 UI),도심권
1762,1_app_opened,app_opened,B(개선 UI),도심권
1762,2_home_viewed,home_viewed,B(개선 UI),도심권
1763,1_app_opened,app_opened,A(기존 UI),도심권
1764,1_app_opened,app_opened,A(기존 UI),도심권
1764,2_home_viewed,home_viewed,A(기존 UI),도심권
1765,1_app_opened,app_opened,A(기존 UI),도심권
1766,1_app_opened,app_opened,A(기존 UI),도심권
1767,1_app_opened,app_opened,B(개선 UI),도심권
1768,1_app_opened,app_opened,A(기존 UI),도심권
1768,2_home_viewed,home_viewed,A(기존 UI),도심권
1768,3_cart_interacted,cart_interacted,A(기존 UI),도심권
1769,1_app_opened,app_opened,A(기존 UI),도심권
1770,1_app_opened,app_opened,A(기존 UI),도심권
1771,1_app_opened,app_opened,A(기존 UI),도심권
1772,1_app_opened,app_opened,B(개선 UI),도심권
1772,2_home_viewed,home_viewed,B(개선 UI),도심권
1773,1_app_opened,app_opened,B(개선 UI),도심권
1773,2_home_viewed,home_viewed,B(개선 UI),도심권
1773,3_cart_interacted,cart_interacted,B(개선 UI),도심권
1774,1_app_opened,app_opened,B(개선 UI),도심권
1774,2_home_viewed,home_viewed,B(개선 UI),도심권
1774,3_cart_interacted,cart_interacted,B(개선 UI),도심권
1775,1_app_opened,app_opened,B(개선 UI),외곽 주거지(초월읍 등)
1775,2_home_viewed,home_viewed,B(개선 UI),외곽 주거지(초월읍 등)
1776,1_app_opened,app_opened,A(기존 UI),도심권
1777,1_app_opened,app_opened,B(개선 UI),도심권
1777,2_home_viewed,home_viewed,B(개선 UI),도심권
1777,3_cart_interacted,cart_interacted,B(개선 UI),도심권
1777,4_purchase_completed,purchase_completed,B(개선 UI),도심권
1778,1_app_opened,app_opened,A(기존 UI),도심권
1779,1_app_opened,app_opened,A(기존 UI),외곽 주거지(초월읍 등)
1780,1_app_opened,app_opened,B(개선 UI),도심권
1780,2_home_viewed,home_viewed,B(개선 UI),도심권
1781,1_app_opened,app_opened,A(기존 UI),도심권
1781,2_home_viewed,home_viewed,A(기존 UI),도심권
1782,1_app_opened,app_opened,B(개선 UI),도심권
1782,2_home_viewed,home_viewed,B(개선 UI),도심권
1783,1_app_opened,app_opened,A(기존 UI),외곽 주거지(초월읍 등)
1784,1_app_opened,app_opened,B(개선 UI),외곽 주거지(초월읍 등)
1784,2_home_viewed,home_viewed,B(개선 UI),외곽 주거지(초월읍 등)
1785,1_app_opened,app_opened,B(개선 UI),도심권
1786,1_app_opened,app_opened,B(개선 UI),외곽 주거지(초월읍 등)
1786,2_home_viewed,home_viewed,B(개선 UI),외곽 주거지(초월읍 등)
1787,1_app_opened,app_opened,B(개선 UI),외곽 주거지(초월읍 등)
1788,1_app_opened,app_opened,B(개선 UI),도심권
1788,2_home_viewed,home_viewed,B(개선 UI),도심권
1788,3_cart_interacted,cart_interacted,B(개선 UI),도심권
1788,4_purchase_completed,purchase_completed,B(개선 UI),도심권
1789,1_app_opened,app_opened,A(기존 UI),도심권
1790,1_app_opened,app_opened,B(개선 UI),도심권
1790,2_home_viewed,home_viewed,B(개선 UI),도심권
1790,3_cart_interacted,cart_interacted,B(개선 UI),도심권
1790,4_purchase_completed,purchase_completed,B(개선 UI),도심권
1791,1_app_opened,app_opened,A(기존 UI),외곽 주거지(초월읍 등)
1792,1_app_opened,app_opened,B(개선 UI),도심권
1793,1_app_opened,app_opened,B(개선 UI),외곽 주거지(초월읍 등)
1793,2_home_viewed,home_viewed,B(개선 UI),외곽 주거지(초월읍 등)
1794,1_app_opened,app_opened,B(개선 UI),도심권
1795,1_app_opened,app_opened,A(기존 UI),도심권
1796,1_app_opened,app_opened,A(기존 UI),외곽 주거지(초월읍 등)
1796,2_home_viewed,home_viewed,A(기존 UI),외곽 주거지(초월읍 등)
1797,1_app_opened,app_opened,B(개선 UI),도심권
1797,2_home_viewed,home_viewed,B(개선 UI),도심권
1798,1_app_opened,app_opened,A(기존 UI),도심권
1799,1_app_opened,app_opened,A(기존 UI),도심권
1800,1_app_opened,app_opened,A(기존 UI),도심권
1800,2_home_viewed,home_viewed,A(기존 UI),도심권
1801,1_app_opened,app_opened,B(개선 UI),도심권
1801,2_home_viewed,home_viewed,B(개선 UI),도심권
1801,3_cart_interacted,cart_interacted,B(개선 UI),도심권
1802,1_app_opened,app_opened,B(개선 UI),도심권
1802,2_home_viewed,home_viewed,B(개선 UI),도심권
1803,1_app_opened,app_opened,A(기존 UI),도심권
1804,1_app_opened,app_opened,A(기존 UI),외곽 주거지(초월읍 등)
1805,1_app_opened,app_opened,A(기존 UI),외곽 주거지(초월읍 등)
1805,2_home_viewed,home_viewed,A(기존 UI),외곽 주거지(초월읍 등)
1806,1_app_opened,app_opened,B(개선 UI),도심권
1807,1_app_opened,app_opened,B(개선 UI),외곽 주거지(초월읍 등)
1807,2_home_viewed,home_viewed,B(개선 UI),외곽 주거지(초월읍 등)
1807,3_cart_interacted,cart_interacted,B(개선 UI),외곽 주거지(초월읍 등)
1808,1_app_opened,app_opened,A(기존 UI),도심권
1809,1_app_opened,app_opened,A(기존 UI),도심권
1810,1_app_opened,app_opened,A(기존 UI),도심권
1811,1_app_opened,app_opened,B(개선 UI),외곽 주거지(초월읍 등)
1812,1_app_opened,app_opened,B(개선 UI),외곽 주거지(초월읍 등)
1813,1_app_opened,app_opened,A(기존 UI),도심권
1813,2_home_viewed,home_viewed,A(기존 UI),도심권
1814,1_app_opened,app_opened,A(기존 UI),도심권
1815,1_app_opened,app_opened,A(기존 UI),도심권
1816,1_app_opened,app_opened,B(개선 UI),도심권
1816,2_home_viewed,home_viewed,B(개선 UI),도심권
1817,1_app_opened,app_opened,A(기존 UI),도심권
1818,1_app_opened,app_opened,B(개선 UI),도심권
1818,2_home_viewed,home_viewed,B(개선 UI),도심권
1818,3_cart_interacted,cart_interacted,B(개선 UI),도심권
1819,1_app_opened,app_opened,B(개선 UI),외곽 주거지(초월읍 등)
1820,1_app_opened,app_opened,A(기존 UI),도심권
1820,2_home_viewed,home_viewed,A(기존 UI),도심권
1821,1_app_opened,app_opened,A(기존 UI),외곽 주거지(초월읍 등)
1822,1_app_opened,app_opened,A(기존 UI),도심권
1823,1_app_opened,app_opened,B(개선 UI),도심권
1824,1_app_opened,app_opened,B(개선 UI),외곽 주거지(초월읍 등)
1824,2_home_viewed,home_viewed,B(개선 UI),외곽 주거지(초월읍 등)
1825,1_app_opened,app_opened,B(개선 UI),외곽 주거지(초월읍 등)
1825,2_home_viewed,home_viewed,B(개선 UI),외곽 주거지(초월읍 등)
1825,3_cart_interacted,cart_interacted,B(개선 UI),외곽 주거지(초월읍 등)
1825,4_purchase_completed,purchase_completed,B(개선 UI),외곽 주거지(초월읍 등)
1826,1_app_opened,app_opened,B(개선 UI),도심권
1827,1_app_opened,app_opened,A(기존 UI),도심권
1827,2_home_viewed,home_viewed,A(기존 UI),도심권
1828,1_app_opened,app_opened,B(개선 UI),외곽 주거지(초월읍 등)
1828,2_home_viewed,home_viewed,B(개선 UI),외곽 주거지(초월읍 등)
1829,1_app_opened,app_opened,B(개선 UI),도심권
1829,2_home_viewed,home_viewed,B(개선 UI),도심권
1829,3_cart_interacted,cart_interacted,B(개선 UI),도심권
1829,4_purchase_completed,purchase_completed,B(개선 UI),도심권
1830,1_app_opened,app_opened,A(기존 UI),도심권
1831,1_app_opened,app_opened,B(개선 UI),도심권
1832,1_app_opened,app_opened,B(개선 UI),외곽 주거지(초월읍 등)
1833,1_app_opened,app_opened,B(개선 UI),외곽 주거지(초월읍 등)
1833,2_home_viewed,home_viewed,B(개선 UI),외곽 주거지(초월읍 등)
1833,3_cart_interacted,cart_interacted,B(개선 UI),외곽 주거지(초월읍 등)
1833,4_purchase_completed,purchase_completed,B(개선 UI),외곽 주거지(초월읍 등)
1834,1_app_opened,app_opened,B(개선 UI),외곽 주거지(초월읍 등)
1834,2_home_viewed,home_viewed,B(개선 UI),외곽 주거지(초월읍 등)
1835,1_app_opened,app_opened,B(개선 UI),도심권
1835,2_home_viewed,home_viewed,B(개선 UI),도심권
1835,3_cart_interacted,cart_interacted,B(개선 UI),도심권
1835,4_purchase_completed,purchase_completed,B(개선 UI),도심권
1836,1_app_opened,app_opened,B(개선 UI),도심권
1836,2_home_viewed,home_viewed,B(개선 UI),도심권
1837,1_app_opened,app_opened,A(기존 UI),도심권
1838,1_app_opened,app_opened,A(기존 UI),외곽 주거지(초월읍 등)
1839,1_app_opened,app_opened,B(개선 UI),도심권
1839,2_home_viewed,home_viewed,B(개선 UI),도심권
1839,3_cart_interacted,cart_interacted,B(개선 UI),도심권
1839,4_purchase_completed,purchase_completed,B(개선 UI),도심권
1840,1_app_opened,app_opened,A(기존 UI),도심권
1840,2_home_viewed,home_viewed,A(기존 UI),도심권
1840,3_cart_interacted,cart_interacted,A(기존 UI),도심권
1841,1_app_opened,app_opened,A(기존 UI),도심권
1842,1_app_opened,app_opened,A(기존 UI),도심권
1843,1_app_opened,app_opened,A(기존 UI),외곽 주거지(초월읍 등)
1843,2_home_viewed,home_viewed,A(기존 UI),외곽 주거지(초월읍 등)
1844,1_app_opened,app_opened,B(개선 UI),도심권
1844,2_home_viewed,home_viewed,B(개선 UI),도심권
1844,3_cart_interacted,cart_interacted,B(개선 UI),도심권
1844,4_purchase_completed,purchase_completed,B(개선 UI),도심권
1845,1_app_opened,app_opened,B(개선 UI),외곽 주거지(초월읍 등)
1845,2_home_viewed,home_viewed,B(개선 UI),외곽 주거지(초월읍 등)
1846,1_app_opened,app_opened,A(기존 UI),도심권
1847,1_app_opened,app_opened,A(기존 UI),외곽 주거지(초월읍 등)
1848,1_app_opened,app_opened,A(기존 UI),외곽 주거지(초월읍 등)
1849,1_app_opened,app_opened,B(개선 UI),도심권
1849,2_home_viewed,home_viewed,B(개선 UI),도심권
1850,1_app_opened,app_opened,B(개선 UI),외곽 주거지(초월읍 등)
1850,2_home_viewed,home_viewed,B(개선 UI),외곽 주거지(초월읍 등)
1851,1_app_opened,app_opened,A(기존 UI),도심권
1852,1_app_opened,app_opened,B(개선 UI),외곽 주거지(초월읍 등)
1852,2_home_viewed,home_viewed,B(개선 UI),외곽 주거지(초월읍 등)
1853,1_app_opened,app_opened,B(개선 UI),외곽 주거지(초월읍 등)
1853,2_home_viewed,home_viewed,B(개선 UI),외곽 주거지(초월읍 등)
1853,3_cart_interacted,cart_interacted,B(개선 UI),외곽 주거지(초월읍 등)
1854,1_app_opened,app_opened,B(개선 UI),외곽 주거지(초월읍 등)
1855,1_app_opened,app_opened,B(개선 UI),도심권
1855,2_home_viewed,home_viewed,B(개선 UI),도심권
1856,1_app_opened,app_opened,A(기존 UI),도심권
1857,1_app_opened,app_opened,B(개선 UI),도심권
1858,1_app_opened,app_opened,A(기존 UI),도심권
1859,1_app_opened,app_opened,B(개선 UI),외곽 주거지(초월읍 등)
1859,2_home_viewed,home_viewed,B(개선 UI),외곽 주거지(초월읍 등)
1859,3_cart_interacted,cart_interacted,B(개선 UI),외곽 주거지(초월읍 등)
1860,1_app_opened,app_opened,B(개선 UI),외곽 주거지(초월읍 등)
1860,2_home_viewed,home_viewed,B(개선 UI),외곽 주거지(초월읍 등)
1860,3_cart_interacted,cart_interacted,B(개선 UI),외곽 주거지(초월읍 등)
1861,1_app_opened,app_opened,B(개선 UI),외곽 주거지(초월읍 등)
1861,2_home_viewed,home_viewed,B(개선 UI),외곽 주거지(초월읍 등)
1861,3_cart_interacted,cart_interacted,B(개선 UI),외곽 주거지(초월읍 등)
1862,1_app_opened,app_opened,B(개선 UI),도심권
1863,1_app_opened,app_opened,A(기존 UI),외곽 주거지(초월읍 등)
1864,1_app_opened,app_opened,B(개선 UI),외곽 주거지(초월읍 등)
1864,2_home_viewed,home_viewed,B(개선 UI),외곽 주거지(초월읍 등)
1865,1_app_opened,app_opened,B(개선 UI),외곽 주거지(초월읍 등)
1865,2_home_viewed,home_viewed,B(개선 UI),외곽 주거지(초월읍 등)
1866,1_app_opened,app_opened,B(개선 UI),도심권
1867,1_app_opened,app_opened,A(기존 UI),도심권
1868,1_app_opened,app_opened,A(기존 UI),도심권
1868,2_home_viewed,home_viewed,A(기존 UI),도심권
1869,1_app_opened,app_opened,A(기존 UI),도심권
1869,2_home_viewed,home_viewed,A(기존 UI),도심권
1870,1_app_opened,app_opened,B(개선 UI),도심권
1870,2_home_viewed,home_viewed,B(개선 UI),도심권
1870,3_cart_interacted,cart_interacted,B(개선 UI),도심권
1871,1_app_opened,app_opened,B(개선 UI),외곽 주거지(초월읍 등)
1871,2_home_viewed,home_viewed,B(개선 UI),외곽 주거지(초월읍 등)
1872,1_app_opened,app_opened,A(기존 UI),도심권
1873,1_app_opened,app_opened,B(개선 UI),도심권
1873,2_home_viewed,home_viewed,B(개선 UI),도심권
1874,1_app_opened,app_opened,B(개선 UI),도심권
1874,2_home_viewed,home_viewed,B(개선 UI),도심권
1874,3_cart_interacted,cart_interacted,B(개선 UI),도심권
1874,4_purchase_completed,purchase_completed,B(개선 UI),도심권
1875,1_app_opened,app_opened,B(개선 UI),외곽 주거지(초월읍 등)
1875,2_home_viewed,home_viewed,B(개선 UI),외곽 주거지(초월읍 등)
1875,3_cart_interacted,cart_interacted,B(개선 UI),외곽 주거지(초월읍 등)
1876,1_app_opened,app_opened,B(개선 UI),외곽 주거지(초월읍 등)
1876,2_home_viewed,home_viewed,B(개선 UI),외곽 주거지(초월읍 등)
1877,1_app_opened,app_opened,B(개선 UI),외곽 주거지(초월읍 등)
1878,1_app_opened,app_opened,B(개선 UI),도심권
1879,1_app_opened,app_opened,A(기존 UI),도심권
1880,1_app_opened,app_opened,B(개선 UI),외곽 주거지(초월읍 등)
1881,1_app_opened,app_opened,B(개선 UI),도심권
1881,2_home_viewed,home_viewed,B(개선 UI),도심권
1882,1_app_opened,app_opened,B(개선 UI),도심권
1882,2_home_viewed,home_viewed,B(개선 UI),도심권
1883,1_app_opened,app_opened,B(개선 UI),도심권
1883,2_home_viewed,home_viewed,B(개선 UI),도심권
1884,1_app_opened,app_opened,B(개선 UI),도심권
1884,2_home_viewed,home_viewed,B(개선 UI),도심권
1884,3_cart_interacted,cart_interacted,B(개선 UI),도심권
1884,4_purchase_completed,purchase_completed,B(개선 UI),도심권
1885,1_app_opened,app_opened,A(기존 UI),외곽 주거지(초월읍 등)
1886,1_app_opened,app_opened,A(기존 UI),도심권
1887,1_app_opened,app_opened,A(기존 UI),도심권
1887,2_home_viewed,home_viewed,A(기존 UI),도심권
1888,1_app_opened,app_opened,A(기존 UI),도심권
1889,1_app_opened,app_opened,B(개선 UI),도심권
1890,1_app_opened,app_opened,B(개선 UI),도심권
1891,1_app_opened,app_opened,A(기존 UI),도심권
1892,1_app_opened,app_opened,A(기존 UI),도심권
1892,2_home_viewed,home_viewed,A(기존 UI),도심권
1893,1_app_opened,app_opened,B(개선 UI),도심권
1893,2_home_viewed,home_viewed,B(개선 UI),도심권
1894,1_app_opened,app_opened,A(기존 UI),도심권
1895,1_app_opened,app_opened,B(개선 UI),도심권
1895,2_home_viewed,home_viewed,B(개선 UI),도심권
1896,1_app_opened,app_opened,B(개선 UI),도심권
1896,2_home_viewed,home_viewed,B(개선 UI),도심권
1897,1_app_opened,app_opened,B(개선 UI),도심권
1898,1_app_opened,app_opened,A(기존 UI),외곽 주거지(초월읍 등)
1899,1_app_opened,app_opened,A(기존 UI),도심권
1900,1_app_opened,app_opened,B(개선 UI),도심권
1901,1_app_opened,app_opened,B(개선 UI),도심권
1901,2_home_viewed,home_viewed,B(개선 UI),도심권
1902,1_app_opened,app_opened,A(기존 UI),외곽 주거지(초월읍 등)
1903,1_app_opened,app_opened,B(개선 UI),도심권
1904,1_app_opened,app_opened,A(기존 UI),도심권
1905,1_app_opened,app_opened,B(개선 UI),외곽 주거지(초월읍 등)
1905,2_home_viewed,home_viewed,B(개선 UI),외곽 주거지(초월읍 등)
1906,1_app_opened,app_opened,A(기존 UI),외곽 주거지(초월읍 등)
1907,1_app_opened,app_opened,B(개선 UI),외곽 주거지(초월읍 등)
1907,2_home_viewed,home_viewed,B(개선 UI),외곽 주거지(초월읍 등)
1908,1_app_opened,app_opened,A(기존 UI),도심권
1908,2_home_viewed,home_viewed,A(기존 UI),도심권
1909,1_app_opened,app_opened,A(기존 UI),도심권
1910,1_app_opened,app_opened,A(기존 UI),도심권
1911,1_app_opened,app_opened,A(기존 UI),외곽 주거지(초월읍 등)
1912,1_app_opened,app_opened,B(개선 UI),도심권
1912,2_home_viewed,home_viewed,B(개선 UI),도심권
1912,3_cart_interacted,cart_interacted,B(개선 UI),도심권
1912,4_purchase_completed,purchase_completed,B(개선 UI),도심권
1913,1_app_opened,app_opened,B(개선 UI),도심권
1913,2_home_viewed,home_viewed,B(개선 UI),도심권
1914,1_app_opened,app_opened,A(기존 UI),외곽 주거지(초월읍 등)
1914,2_home_viewed,home_viewed,A(기존 UI),외곽 주거지(초월읍 등)
1915,1_app_opened,app_opened,A(기존 UI),외곽 주거지(초월읍 등)
1916,1_app_opened,app_opened,B(개선 UI),외곽 주거지(초월읍 등)
1916,2_home_viewed,home_viewed,B(개선 UI),외곽 주거지(초월읍 등)
1917,1_app_opened,app_opened,B(개선 UI),외곽 주거지(초월읍 등)
1918,1_app_opened,app_opened,B(개선 UI),외곽 주거지(초월읍 등)
1919,1_app_opened,app_opened,A(기존 UI),도심권
1920,1_app_opened,app_opened,A(기존 UI),외곽 주거지(초월읍 등)
1920,2_home_viewed,home_viewed,A(기존 UI),외곽 주거지(초월읍 등)
1921,1_app_opened,app_opened,B(개선 UI),외곽 주거지(초월읍 등)
1922,1_app_opened,app_opened,A(기존 UI),도심권
1923,1_app_opened,app_opened,B(개선 UI),도심권
1924,1_app_opened,app_opened,A(기존 UI),외곽 주거지(초월읍 등)
1925,1_app_opened,app_opened,B(개선 UI),도심권
1926,1_app_opened,app_opened,A(기존 UI),외곽 주거지(초월읍 등)
1927,1_app_opened,app_opened,B(개선 UI),도심권
1928,1_app_opened,app_opened,A(기존 UI),도심권
1929,1_app_opened,app_opened,B(개선 UI),도심권
1929,2_home_viewed,home_viewed,B(개선 UI),도심권
1929,3_cart_interacted,cart_interacted,B(개선 UI),도심권
1929,4_purchase_completed,purchase_completed,B(개선 UI),도심권
1930,1_app_opened,app_opened,A(기존 UI),도심권
1930,2_home_viewed,home_viewed,A(기존 UI),도심권
1931,1_app_opened,app_opened,B(개선 UI),도심권
1932,1_app_opened,app_opened,B(개선 UI),도심권
1933,1_app_opened,app_opened,B(개선 UI),도심권
1934,1_app_opened,app_opened,B(개선 UI),도심권
1934,2_home_viewed,home_viewed,B(개선 UI),도심권
1935,1_app_opened,app_opened,B(개선 UI),도심권
1936,1_app_opened,app_opened,B(개선 UI),도심권
1937,1_app_opened,app_opened,A(기존 UI),외곽 주거지(초월읍 등)
1938,1_app_opened,app_opened,B(개선 UI),도심권
1938,2_home_viewed,home_viewed,B(개선 UI),도심권
1939,1_app_opened,app_opened,A(기존 UI),도심권
1939,2_home_viewed,home_viewed,A(기존 UI),도심권
1940,1_app_opened,app_opened,A(기존 UI),도심권
1941,1_app_opened,app_opened,A(기존 UI),도심권
1941,2_home_viewed,home_viewed,A(기존 UI),도심권
1942,1_app_opened,app_opened,A(기존 UI),도심권
1943,1_app_opened,app_opened,B(개선 UI),도심권
1944,1_app_opened,app_opened,B(개선 UI),외곽 주거지(초월읍 등)
1944,2_home_viewed,home_viewed,B(개선 UI),외곽 주거지(초월읍 등)
1945,1_app_opened,app_opened,B(개선 UI),외곽 주거지(초월읍 등)
1946,1_app_opened,app_opened,B(개선 UI),외곽 주거지(초월읍 등)
1946,2_home_viewed,home_viewed,B(개선 UI),외곽 주거지(초월읍 등)
1947,1_app_opened,app_opened,A(기존 UI),도심권
1948,1_app_opened,app_opened,A(기존 UI),도심권
1949,1_app_opened,app_opened,A(기존 UI),도심권
1950,1_app_opened,app_opened,A(기존 UI),외곽 주거지(초월읍 등)
1951,1_app_opened,app_opened,A(기존 UI),외곽 주거지(초월읍 등)
1952,1_app_opened,app_opened,A(기존 UI),도심권
1952,2_home_viewed,home_viewed,A(기존 UI),도심권
1953,1_app_opened,app_opened,B(개선 UI),도심권
1953,2_home_viewed,home_viewed,B(개선 UI),도심권
1954,1_app_opened,app_opened,B(개선 UI),도심권
1954,2_home_viewed,home_viewed,B(개선 UI),도심권
1955,1_app_opened,app_opened,B(개선 UI),외곽 주거지(초월읍 등)
1955,2_home_viewed,home_viewed,B(개선 UI),외곽 주거지(초월읍 등)
1956,1_app_opened,app_opened,B(개선 UI),외곽 주거지(초월읍 등)
1957,1_app_opened,app_opened,B(개선 UI),도심권
1958,1_app_opened,app_opened,A(기존 UI),외곽 주거지(초월읍 등)
1959,1_app_opened,app_opened,B(개선 UI),도심권
1959,2_home_viewed,home_viewed,B(개선 UI),도심권
1959,3_cart_interacted,cart_interacted,B(개선 UI),도심권
1959,4_purchase_completed,purchase_completed,B(개선 UI),도심권
1960,1_app_opened,app_opened,B(개선 UI),외곽 주거지(초월읍 등)
1960,2_home_viewed,home_viewed,B(개선 UI),외곽 주거지(초월읍 등)
1960,3_cart_interacted,cart_interacted,B(개선 UI),외곽 주거지(초월읍 등)
1960,4_purchase_completed,purchase_completed,B(개선 UI),외곽 주거지(초월읍 등)
1961,1_app_opened,app_opened,A(기존 UI),외곽 주거지(초월읍 등)
1962,1_app_opened,app_opened,A(기존 UI),외곽 주거지(초월읍 등)
1963,1_app_opened,app_opened,B(개선 UI),도심권
1964,1_app_opened,app_opened,A(기존 UI),도심권
1965,1_app_opened,app_opened,B(개선 UI),도심권
1965,2_home_viewed,home_viewed,B(개선 UI),도심권
1965,3_cart_interacted,cart_interacted,B(개선 UI),도심권
1966,1_app_opened,app_opened,B(개선 UI),도심권
1966,2_home_viewed,home_viewed,B(개선 UI),도심권
1967,1_app_opened,app_opened,A(기존 UI),외곽 주거지(초월읍 등)
1968,1_app_opened,app_opened,A(기존 UI),도심권
1969,1_app_opened,app_opened,A(기존 UI),도심권
1970,1_app_opened,app_opened,A(기존 UI),외곽 주거지(초월읍 등)
1970,2_home_viewed,home_viewed,A(기존 UI),외곽 주거지(초월읍 등)
1970,3_cart_interacted,cart_interacted,A(기존 UI),외곽 주거지(초월읍 등)
1971,1_app_opened,app_opened,A(기존 UI),도심권
1972,1_app_opened,app_opened,B(개선 UI),도심권
1972,2_home_viewed,home_viewed,B(개선 UI),도심권
1973,1_app_opened,app_opened,A(기존 UI),도심권
1973,2_home_viewed,home_viewed,A(기존 UI),도심권
1974,1_app_opened,app_opened,B(개선 UI),도심권
1974,2_home_viewed,home_viewed,B(개선 UI),도심권
1975,1_app_opened,app_opened,A(기존 UI),도심권
1976,1_app_opened,app_opened,B(개선 UI),외곽 주거지(초월읍 등)
1977,1_app_opened,app_opened,A(기존 UI),도심권
1977,2_home_viewed,home_viewed,A(기존 UI),도심권
1978,1_app_opened,app_opened,A(기존 UI),외곽 주거지(초월읍 등)
1979,1_app_opened,app_opened,B(개선 UI),도심권
1979,2_home_viewed,home_viewed,B(개선 UI),도심권
1979,3_cart_interacted,cart_interacted,B(개선 UI),도심권
1980,1_app_opened,app_opened,B(개선 UI),도심권
1980,2_home_viewed,home_viewed,B(개선 UI),도심권
1981,1_app_opened,app_opened,A(기존 UI),도심권
1981,2_home_viewed,home_viewed,A(기존 UI),도심권
1981,3_cart_interacted,cart_interacted,A(기존 UI),도심권
1981,4_purchase_completed,purchase_completed,A(기존 UI),도심권
1982,1_app_opened,app_opened,B(개선 UI),도심권
1982,2_home_viewed,home_viewed,B(개선 UI),도심권
1983,1_app_opened,app_opened,A(기존 UI),도심권
1984,1_app_opened,app_opened,A(기존 UI),도심권
1985,1_app_opened,app_opened,A(기존 UI),도심권
1986,1_app_opened,app_opened,A(기존 UI),도심권
1987,1_app_opened,app_opened,B(개선 UI),도심권
1987,2_home_viewed,home_viewed,B(개선 UI),도심권
1987,3_cart_interacted,cart_interacted,B(개선 UI),도심권
1988,1_app_opened,app_opened,A(기존 UI),도심권
1989,1_app_opened,app_opened,A(기존 UI),외곽 주거지(초월읍 등)
1989,2_home_viewed,home_viewed,A(기존 UI),외곽 주거지(초월읍 등)
1990,1_app_opened,app_opened,B(개선 UI),외곽 주거지(초월읍 등)
1990,2_home_viewed,home_viewed,B(개선 UI),외곽 주거지(초월읍 등)
1990,3_cart_interacted,cart_interacted,B(개선 UI),외곽 주거지(초월읍 등)
1991,1_app_opened,app_opened,B(개선 UI),도심권
1992,1_app_opened,app_opened,A(기존 UI),도심권
1992,2_home_viewed,home_viewed,A(기존 UI),도심권
1992,3_cart_interacted,cart_interacted,A(기존 UI),도심권
1992,4_purchase_completed,purchase_completed,A(기존 UI),도심권
1993,1_app_opened,app_opened,B(개선 UI),외곽 주거지(초월읍 등)
1993,2_home_viewed,home_viewed,B(개선 UI),외곽 주거지(초월읍 등)
1993,3_cart_interacted,cart_interacted,B(개선 UI),외곽 주거지(초월읍 등)
1994,1_app_opened,app_opened,A(기존 UI),도심권
1995,1_app_opened,app_opened,B(개선 UI),외곽 주거지(초월읍 등)
1995,2_home_viewed,home_viewed,B(개선 UI),외곽 주거지(초월읍 등)
1996,1_app_opened,app_opened,B(개선 UI),도심권
1997,1_app_opened,app_opened,B(개선 UI),외곽 주거지(초월읍 등)
1997,2_home_viewed,home_viewed,B(개선 UI),외곽 주거지(초월읍 등)
1998,1_app_opened,app_opened,A(기존 UI),도심권
1998,2_home_viewed,home_viewed,A(기존 UI),도심권
1999,1_app_opened,app_opened,A(기존 UI),외곽 주거지(초월읍 등)
2000,1_app_opened,app_opened,A(기존 UI),도심권
2001,1_app_opened,app_opened,A(기존 UI),도심권
2002,1_app_opened,app_opened,A(기존 UI),도심권
2003,1_app_opened,app_opened,B(개선 UI),도심권
2003,2_home_viewed,home_viewed,B(개선 UI),도심권
2003,3_cart_interacted,cart_interacted,B(개선 UI),도심권
2003,4_purchase_completed,purchase_completed,B(개선 UI),도심권
2004,1_app_opened,app_opened,A(기존 UI),외곽 주거지(초월읍 등)
2005,1_app_opened,app_opened,A(기존 UI),도심권
2006,1_app_opened,app_opened,B(개선 UI),외곽 주거지(초월읍 등)
2006,2_home_viewed,home_viewed,B(개선 UI),외곽 주거지(초월읍 등)
2007,1_app_opened,app_opened,A(기존 UI),도심권
2008,1_app_opened,app_opened,B(개선 UI),외곽 주거지(초월읍 등)
2009,1_app_opened,app_opened,A(기존 UI),도심권
2010,1_app_opened,app_opened,A(기존 UI),외곽 주거지(초월읍 등)
2011,1_app_opened,app_opened,A(기존 UI),외곽 주거지(초월읍 등)
2012,1_app_opened,app_opened,A(기존 UI),도심권
2013,1_app_opened,app_opened,B(개선 UI),외곽 주거지(초월읍 등)
2013,2_home_viewed,home_viewed,B(개선 UI),외곽 주거지(초월읍 등)
2014,1_app_opened,app_opened,A(기존 UI),외곽 주거지(초월읍 등)
2015,1_app_opened,app_opened,B(개선 UI),도심권
2015,2_home_viewed,home_viewed,B(개선 UI),도심권
2016,1_app_opened,app_opened,A(기존 UI),도심권
2017,1_app_opened,app_opened,A(기존 UI),도심권
2017,2_home_viewed,home_viewed,A(기존 UI),도심권
2018,1_app_opened,app_opened,B(개선 UI),외곽 주거지(초월읍 등)
2019,1_app_opened,app_opened,A(기존 UI),도심권
2020,1_app_opened,app_opened,B(개선 UI),도심권
2021,1_app_opened,app_opened,B(개선 UI),도심권
2022,1_app_opened,app_opened,B(개선 UI),도심권
2023,1_app_opened,app_opened,B(개선 UI),외곽 주거지(초월읍 등)
2024,1_app_opened,app_opened,A(기존 UI),외곽 주거지(초월읍 등)
2024,2_home_viewed,home_viewed,A(기존 UI),외곽 주거지(초월읍 등)
2025,1_app_opened,app_opened,A(기존 UI),도심권
2025,2_home_viewed,home_viewed,A(기존 UI),도심권
2026,1_app_opened,app_opened,A(기존 UI),도심권
2027,1_app_opened,app_opened,B(개선 UI),외곽 주거지(초월읍 등)
2028,1_app_opened,app_opened,B(개선 UI),도심권
2028,2_home_viewed,home_viewed,B(개선 UI),도심권
2029,1_app_opened,app_opened,A(기존 UI),도심권
2030,1_app_opened,app_opened,B(개선 UI),도심권
2030,2_home_viewed,home_viewed,B(개선 UI),도심권
2031,1_app_opened,app_opened,A(기존 UI),도심권
2032,1_app_opened,app_opened,B(개선 UI),도심권
2033,1_app_opened,app_opened,A(기존 UI),외곽 주거지(초월읍 등)
2034,1_app_opened,app_opened,B(개선 UI),도심권
2035,1_app_opened,app_opened,B(개선 UI),외곽 주거지(초월읍 등)
2036,1_app_opened,app_opened,A(기존 UI),도심권
2036,2_home_viewed,home_viewed,A(기존 UI),도심권
2037,1_app_opened,app_opened,A(기존 UI),도심권
2038,1_app_opened,app_opened,A(기존 UI),외곽 주거지(초월읍 등)
2039,1_app_opened,app_opened,A(기존 UI),도심권
2040,1_app_opened,app_opened,A(기존 UI),도심권
2041,1_app_opened,app_opened,B(개선 UI),도심권
2042,1_app_opened,app_opened,B(개선 UI),도심권
2043,1_app_opened,app_opened,B(개선 UI),외곽 주거지(초월읍 등)
2044,1_app_opened,app_opened,A(기존 UI),도심권
2045,1_app_opened,app_opened,B(개선 UI),외곽 주거지(초월읍 등)
2045,2_home_viewed,home_viewed,B(개선 UI),외곽 주거지(초월읍 등)
2046,1_app_opened,app_opened,B(개선 UI),도심권
2046,2_home_viewed,home_viewed,B(개선 UI),도심권
2047,1_app_opened,app_opened,A(기존 UI),도심권
2048,1_app_opened,app_opened,B(개선 UI),외곽 주거지(초월읍 등)
2049,1_app_opened,app_opened,B(개선 UI),외곽 주거지(초월읍 등)
2050,1_app_opened,app_opened,A(기존 UI),도심권
2051,1_app_opened,app_opened,A(기존 UI),도심권
2051,2_home_viewed,home_viewed,A(기존 UI),도심권
2052,1_app_opened,app_opened,A(기존 UI),도심권
2053,1_app_opened,app_opened,A(기존 UI),도심권
2054,1_app_opened,app_opened,B(개선 UI),외곽 주거지(초월읍 등)
2054,2_home_viewed,home_viewed,B(개선 UI),외곽 주거지(초월읍 등)
2055,1_app_opened,app_opened,B(개선 UI),외곽 주거지(초월읍 등)
2055,2_home_viewed,home_viewed,B(개선 UI),외곽 주거지(초월읍 등)
2056,1_app_opened,app_opened,B(개선 UI),도심권
2056,2_home_viewed,home_viewed,B(개선 UI),도심권
2056,3_cart_interacted,cart_interacted,B(개선 UI),도심권
2056,4_purchase_completed,purchase_completed,B(개선 UI),도심권
2057,1_app_opened,app_opened,A(기존 UI),외곽 주거지(초월읍 등)
2058,1_app_opened,app_opened,A(기존 UI),도심권
2059,1_app_opened,app_opened,B(개선 UI),도심권
2059,2_home_viewed,home_viewed,B(개선 UI),도심권
2060,1_app_opened,app_opened,B(개선 UI),도심권
2060,2_home_viewed,home_viewed,B(개선 UI),도심권
2060,3_cart_interacted,cart_interacted,B(개선 UI),도심권
2061,1_app_opened,app_opened,A(기존 UI),외곽 주거지(초월읍 등)
2062,1_app_opened,app_opened,B(개선 UI),외곽 주거지(초월읍 등)
2063,1_app_opened,app_opened,B(개선 UI),도심권
2063,2_home_viewed,home_viewed,B(개선 UI),도심권
2064,1_app_opened,app_opened,A(기존 UI),도심권
2065,1_app_opened,app_opened,A(기존 UI),외곽 주거지(초월읍 등)
2066,1_app_opened,app_opened,B(개선 UI),도심권
2066,2_home_viewed,home_viewed,B(개선 UI),도심권
2067,1_app_opened,app_opened,A(기존 UI),도심권
2067,2_home_viewed,home_viewed,A(기존 UI),도심권
2068,1_app_opened,app_opened,A(기존 UI),외곽 주거지(초월읍 등)
2068,2_home_viewed,home_viewed,A(기존 UI),외곽 주거지(초월읍 등)
2069,1_app_opened,app_opened,A(기존 UI),외곽 주거지(초월읍 등)
2070,1_app_opened,app_opened,A(기존 UI),도심권
2071,1_app_opened,app_opened,B(개선 UI),도심권
2071,2_home_viewed,home_viewed,B(개선 UI),도심권
2072,1_app_opened,app_opened,B(개선 UI),도심권
2073,1_app_opened,app_opened,A(기존 UI),도심권
2073,2_home_viewed,home_viewed,A(기존 UI),도심권
2074,1_app_opened,app_opened,B(개선 UI),외곽 주거지(초월읍 등)
2075,1_app_opened,app_opened,B(개선 UI),도심권
2076,1_app_opened,app_opened,B(개선 UI),외곽 주거지(초월읍 등)
2077,1_app_opened,app_opened,A(기존 UI),도심권
2078,1_app_opened,app_opened,A(기존 UI),도심권
2079,1_app_opened,app_opened,B(개선 UI),도심권
2079,2_home_viewed,home_viewed,B(개선 UI),도심권
2079,3_cart_interacted,cart_interacted,B(개선 UI),도심권
2079,4_purchase_completed,purchase_completed,B(개선 UI),도심권
2080,1_app_opened,app_opened,B(개선 UI),외곽 주거지(초월읍 등)
2080,2_home_viewed,home_viewed,B(개선 UI),외곽 주거지(초월읍 등)
2080,3_cart_interacted,cart_interacted,B(개선 UI),외곽 주거지(초월읍 등)
2081,1_app_opened,app_opened,A(기존 UI),도심권
2082,1_app_opened,app_opened,A(기존 UI),도심권
2082,2_home_viewed,home_viewed,A(기존 UI),도심권
2083,1_app_opened,app_opened,A(기존 UI),도심권
2084,1_app_opened,app_opened,B(개선 UI),도심권
2085,1_app_opened,app_opened,B(개선 UI),도심권
2085,2_home_viewed,home_viewed,B(개선 UI),도심권
2086,1_app_opened,app_opened,A(기존 UI),도심권
2087,1_app_opened,app_opened,A(기존 UI),도심권
2088,1_app_opened,app_opened,B(개선 UI),도심권
2088,2_home_viewed,home_viewed,B(개선 UI),도심권
2089,1_app_opened,app_opened,B(개선 UI),도심권
2089,2_home_viewed,home_viewed,B(개선 UI),도심권
2090,1_app_opened,app_opened,A(기존 UI),도심권
2090,2_home_viewed,home_viewed,A(기존 UI),도심권
2090,3_cart_interacted,cart_interacted,A(기존 UI),도심권
2090,4_purchase_completed,purchase_completed,A(기존 UI),도심권
2091,1_app_opened,app_opened,B(개선 UI),도심권
2091,2_home_viewed,home_viewed,B(개선 UI),도심권
2091,3_cart_interacted,cart_interacted,B(개선 UI),도심권
2092,1_app_opened,app_opened,B(개선 UI),도심권
2092,2_home_viewed,home_viewed,B(개선 UI),도심권
2092,3_cart_interacted,cart_interacted,B(개선 UI),도심권
2092,4_purchase_completed,purchase_completed,B(개선 UI),도심권
2093,1_app_opened,app_opened,A(기존 UI),도심권
2094,1_app_opened,app_opened,B(개선 UI),외곽 주거지(초월읍 등)
2095,1_app_opened,app_opened,A(기존 UI),도심권
2096,1_app_opened,app_opened,B(개선 UI),도심권
2096,2_home_viewed,home_viewed,B(개선 UI),도심권
2097,1_app_opened,app_opened,B(개선 UI),도심권
2097,2_home_viewed,home_viewed,B(개선 UI),도심권
2098,1_app_opened,app_opened,B(개선 UI),외곽 주거지(초월읍 등)
2099,1_app_opened,app_opened,B(개선 UI),외곽 주거지(초월읍 등)
2100,1_app_opened,app_opened,A(기존 UI),도심권
2101,1_app_opened,app_opened,B(개선 UI),도심권
2102,1_app_opened,app_opened,B(개선 UI),도심권
2102,2_home_viewed,home_viewed,B(개선 UI),도심권
2103,1_app_opened,app_opened,A(기존 UI),외곽 주거지(초월읍 등)
2103,2_home_viewed,home_viewed,A(기존 UI),외곽 주거지(초월읍 등)
2104,1_app_opened,app_opened,B(개선 UI),외곽 주거지(초월읍 등)
2105,1_app_opened,app_opened,B(개선 UI),도심권
2105,2_home_viewed,home_viewed,B(개선 UI),도심권
2106,1_app_opened,app_opened,A(기존 UI),외곽 주거지(초월읍 등)
2107,1_app_opened,app_opened,B(개선 UI),외곽 주거지(초월읍 등)
2108,1_app_opened,app_opened,B(개선 UI),도심권
2108,2_home_viewed,home_viewed,B(개선 UI),도심권
2108,3_cart_interacted,cart_interacted,B(개선 UI),도심권
2109,1_app_opened,app_opened,A(기존 UI),도심권
2110,1_app_opened,app_opened,B(개선 UI),도심권
2111,1_app_opened,app_opened,A(기존 UI),도심권
2112,1_app_opened,app_opened,A(기존 UI),외곽 주거지(초월읍 등)
2113,1_app_opened,app_opened,A(기존 UI),도심권
2114,1_app_opened,app_opened,B(개선 UI),외곽 주거지(초월읍 등)
2114,2_home_viewed,home_viewed,B(개선 UI),외곽 주거지(초월읍 등)
2114,3_cart_interacted,cart_interacted,B(개선 UI),외곽 주거지(초월읍 등)
2115,1_app_opened,app_opened,B(개선 UI),외곽 주거지(초월읍 등)
2116,1_app_opened,app_opened,A(기존 UI),도심권
2117,1_app_opened,app_opened,A(기존 UI),도심권
2118,1_app_opened,app_opened,B(개선 UI),외곽 주거지(초월읍 등)
2118,2_home_viewed,home_viewed,B(개선 UI),외곽 주거지(초월읍 등)
2119,1_app_opened,app_opened,A(기존 UI),외곽 주거지(초월읍 등)
2120,1_app_opened,app_opened,B(개선 UI),외곽 주거지(초월읍 등)
2121,1_app_opened,app_opened,B(개선 UI),도심권
2121,2_home_viewed,home_viewed,B(개선 UI),도심권
2122,1_app_opened,app_opened,B(개선 UI),도심권
2123,1_app_opened,app_opened,B(개선 UI),도심권
2123,2_home_viewed,home_viewed,B(개선 UI),도심권
2123,3_cart_interacted,cart_interacted,B(개선 UI),도심권
2123,4_purchase_completed,purchase_completed,B(개선 UI),도심권
2124,1_app_opened,app_opened,A(기존 UI),외곽 주거지(초월읍 등)
2125,1_app_opened,app_opened,B(개선 UI),도심권
2126,1_app_opened,app_opened,B(개선 UI),외곽 주거지(초월읍 등)
2127,1_app_opened,app_opened,B(개선 UI),도심권
2127,2_home_viewed,home_viewed,B(개선 UI),도심권
2128,1_app_opened,app_opened,A(기존 UI),외곽 주거지(초월읍 등)
2129,1_app_opened,app_opened,B(개선 UI),도심권
2129,2_home_viewed,home_viewed,B(개선 UI),도심권
2129,3_cart_interacted,cart_interacted,B(개선 UI),도심권
2130,1_app_opened,app_opened,A(기존 UI),도심권
2131,1_app_opened,app_opened,A(기존 UI),도심권
2132,1_app_opened,app_opened,A(기존 UI),도심권
2133,1_app_opened,app_opened,B(개선 UI),도심권
2134,1_app_opened,app_opened,B(개선 UI),도심권
2135,1_app_opened,app_opened,B(개선 UI),도심권
2136,1_app_opened,app_opened,B(개선 UI),도심권
2137,1_app_opened,app_opened,A(기존 UI),외곽 주거지(초월읍 등)
2138,1_app_opened,app_opened,B(개선 UI),도심권
2139,1_app_opened,app_opened,A(기존 UI),도심권
2140,1_app_opened,app_opened,B(개선 UI),외곽 주거지(초월읍 등)
2140,2_home_viewed,home_viewed,B(개선 UI),외곽 주거지(초월읍 등)
2141,1_app_opened,app_opened,B(개선 UI),도심권
2141,2_home_viewed,home_viewed,B(개선 UI),도심권
2142,1_app_opened,app_opened,B(개선 UI),외곽 주거지(초월읍 등)
2142,2_home_viewed,home_viewed,B(개선 UI),외곽 주거지(초월읍 등)
2142,3_cart_interacted,cart_interacted,B(개선 UI),외곽 주거지(초월읍 등)
2143,1_app_opened,app_opened,B(개선 UI),도심권
2143,2_home_viewed,home_viewed,B(개선 UI),도심권
2144,1_app_opened,app_opened,A(기존 UI),도심권
2145,1_app_opened,app_opened,A(기존 UI),도심권
2146,1_app_opened,app_opened,B(개선 UI),도심권
2147,1_app_opened,app_opened,A(기존 UI),도심권
2148,1_app_opened,app_opened,A(기존 UI),도심권
2149,1_app_opened,app_opened,A(기존 UI),도심권
2150,1_app_opened,app_opened,B(개선 UI),도심권
2151,1_app_opened,app_opened,A(기존 UI),도심권
2151,2_home_viewed,home_viewed,A(기존 UI),도심권
2151,3_cart_interacted,cart_interacted,A(기존 UI),도심권
2151,4_purchase_completed,purchase_completed,A(기존 UI),도심권
2152,1_app_opened,app_opened,A(기존 UI),도심권
2153,1_app_opened,app_opened,B(개선 UI),도심권
2154,1_app_opened,app_opened,B(개선 UI),도심권
2155,1_app_opened,app_opened,A(기존 UI),도심권
2155,2_home_viewed,home_viewed,A(기존 UI),도심권
2156,1_app_opened,app_opened,A(기존 UI),도심권
2157,1_app_opened,app_opened,A(기존 UI),도심권
2157,2_home_viewed,home_viewed,A(기존 UI),도심권
2158,1_app_opened,app_opened,A(기존 UI),도심권
2159,1_app_opened,app_opened,A(기존 UI),도심권
2160,1_app_opened,app_opened,B(개선 UI),도심권
2161,1_app_opened,app_opened,B(개선 UI),도심권
2161,2_home_viewed,home_viewed,B(개선 UI),도심권
2161,3_cart_interacted,cart_interacted,B(개선 UI),도심권
2161,4_purchase_completed,purchase_completed,B(개선 UI),도심권
2162,1_app_opened,app_opened,B(개선 UI),도심권
2163,1_app_opened,app_opened,A(기존 UI),도심권
2164,1_app_opened,app_opened,B(개선 UI),도심권
2165,1_app_opened,app_opened,A(기존 UI),도심권
2166,1_app_opened,app_opened,B(개선 UI),도심권
2167,1_app_opened,app_opened,B(개선 UI),외곽 주거지(초월읍 등)
2167,2_home_viewed,home_viewed,B(개선 UI),외곽 주거지(초월읍 등)
2168,1_app_opened,app_opened,A(기존 UI),외곽 주거지(초월읍 등)
2169,1_app_opened,app_opened,B(개선 UI),도심권
2170,1_app_opened,app_opened,A(기존 UI),도심권
2171,1_app_opened,app_opened,B(개선 UI),도심권
2171,2_home_viewed,home_viewed,B(개선 UI),도심권
2171,3_cart_interacted,cart_interacted,B(개선 UI),도심권
2172,1_app_opened,app_opened,A(기존 UI),외곽 주거지(초월읍 등)
2172,2_home_viewed,home_viewed,A(기존 UI),외곽 주거지(초월읍 등)
2173,1_app_opened,app_opened,A(기존 UI),도심권
2174,1_app_opened,app_opened,B(개선 UI),외곽 주거지(초월읍 등)
2174,2_home_viewed,home_viewed,B(개선 UI),외곽 주거지(초월읍 등)
2175,1_app_opened,app_opened,A(기존 UI),도심권
2176,1_app_opened,app_opened,B(개선 UI),도심권
2176,2_home_viewed,home_viewed,B(개선 UI),도심권
2177,1_app_opened,app_opened,A(기존 UI),도심권
2178,1_app_opened,app_opened,B(개선 UI),도심권
2178,2_home_viewed,home_viewed,B(개선 UI),도심권
2179,1_app_opened,app_opened,B(개선 UI),도심권
2179,2_home_viewed,home_viewed,B(개선 UI),도심권
2180,1_app_opened,app_opened,B(개선 UI),도심권
2180,2_home_viewed,home_viewed,B(개선 UI),도심권
2180,3_cart_interacted,cart_interacted,B(개선 UI),도심권
2181,1_app_opened,app_opened,A(기존 UI),도심권
2181,2_home_viewed,home_viewed,A(기존 UI),도심권
2182,1_app_opened,app_opened,A(기존 UI),외곽 주거지(초월읍 등)
2183,1_app_opened,app_opened,A(기존 UI),도심권
2184,1_app_opened,app_opened,A(기존 UI),도심권
2184,2_home_viewed,home_viewed,A(기존 UI),도심권
2185,1_app_opened,app_opened,B(개선 UI),도심권
2186,1_app_opened,app_opened,B(개선 UI),외곽 주거지(초월읍 등)
2186,2_home_viewed,home_viewed,B(개선 UI),외곽 주거지(초월읍 등)
2187,1_app_opened,app_opened,B(개선 UI),외곽 주거지(초월읍 등)
2187,2_home_viewed,home_viewed,B(개선 UI),외곽 주거지(초월읍 등)
2187,3_cart_interacted,cart_interacted,B(개선 UI),외곽 주거지(초월읍 등)
2187,4_purchase_completed,purchase_completed,B(개선 UI),외곽 주거지(초월읍 등)
2188,1_app_opened,app_opened,B(개선 UI),도심권
2188,2_home_viewed,home_viewed,B(개선 UI),도심권
2188,3_cart_interacted,cart_interacted,B(개선 UI),도심권
2188,4_purchase_completed,purchase_completed,B(개선 UI),도심권
2189,1_app_opened,app_opened,B(개선 UI),도심권
2190,1_app_opened,app_opened,B(개선 UI),도심권
2190,2_home_viewed,home_viewed,B(개선 UI),도심권
2191,1_app_opened,app_opened,A(기존 UI),도심권
2192,1_app_opened,app_opened,B(개선 UI),도심권
2192,2_home_viewed,home_viewed,B(개선 UI),도심권
2193,1_app_opened,app_opened,B(개선 UI),외곽 주거지(초월읍 등)
2193,2_home_viewed,home_viewed,B(개선 UI),외곽 주거지(초월읍 등)
2193,3_cart_interacted,cart_interacted,B(개선 UI),외곽 주거지(초월읍 등)
2194,1_app_opened,app_opened,B(개선 UI),도심권
2194,2_home_viewed,home_viewed,B(개선 UI),도심권
2194,3_cart_interacted,cart_interacted,B(개선 UI),도심권
2195,1_app_opened,app_opened,A(기존 UI),도심권
2196,1_app_opened,app_opened,A(기존 UI),도심권
2197,1_app_opened,app_opened,A(기존 UI),외곽 주거지(초월읍 등)
2198,1_app_opened,app_opened,B(개선 UI),도심권
2198,2_home_viewed,home_viewed,B(개선 UI),도심권
2198,3_cart_interacted,cart_interacted,B(개선 UI),도심권
2199,1_app_opened,app_opened,B(개선 UI),도심권
2200,1_app_opened,app_opened,A(기존 UI),도심권
2201,1_app_opened,app_opened,B(개선 UI),도심권
2202,1_app_opened,app_opened,A(기존 UI),외곽 주거지(초월읍 등)
2203,1_app_opened,app_opened,A(기존 UI),도심권
2203,2_home_viewed,home_viewed,A(기존 UI),도심권
2204,1_app_opened,app_opened,A(기존 UI),외곽 주거지(초월읍 등)
2205,1_app_opened,app_opened,B(개선 UI),도심권
2205,2_home_viewed,home_viewed,B(개선 UI),도심권
2205,3_cart_interacted,cart_interacted,B(개선 UI),도심권
2206,1_app_opened,app_opened,B(개선 UI),도심권
2206,2_home_viewed,home_viewed,B(개선 UI),도심권
2207,1_app_opened,app_opened,A(기존 UI),외곽 주거지(초월읍 등)
2208,1_app_opened,app_opened,B(개선 UI),도심권
2208,2_home_viewed,home_viewed,B(개선 UI),도심권
2208,3_cart_interacted,cart_interacted,B(개선 UI),도심권
2209,1_app_opened,app_opened,A(기존 UI),도심권
2209,2_home_viewed,home_viewed,A(기존 UI),도심권
2210,1_app_opened,app_opened,B(개선 UI),도심권
2210,2_home_viewed,home_viewed,B(개선 UI),도심권
2211,1_app_opened,app_opened,B(개선 UI),도심권
2211,2_home_viewed,home_viewed,B(개선 UI),도심권
2212,1_app_opened,app_opened,B(개선 UI),도심권
2213,1_app_opened,app_opened,A(기존 UI),외곽 주거지(초월읍 등)
2214,1_app_opened,app_opened,B(개선 UI),외곽 주거지(초월읍 등)
2214,2_home_viewed,home_viewed,B(개선 UI),외곽 주거지(초월읍 등)
2215,1_app_opened,app_opened,B(개선 UI),도심권
2215,2_home_viewed,home_viewed,B(개선 UI),도심권
2216,1_app_opened,app_opened,A(기존 UI),도심권
2217,1_app_opened,app_opened,B(개선 UI),도심권
2217,2_home_viewed,home_viewed,B(개선 UI),도심권
2217,3_cart_interacted,cart_interacted,B(개선 UI),도심권
2218,1_app_opened,app_opened,A(기존 UI),도심권
2219,1_app_opened,app_opened,B(개선 UI),도심권
2219,2_home_viewed,home_viewed,B(개선 UI),도심권
2220,1_app_opened,app_opened,A(기존 UI),도심권
2221,1_app_opened,app_opened,B(개선 UI),도심권
2221,2_home_viewed,home_viewed,B(개선 UI),도심권
2222,1_app_opened,app_opened,B(개선 UI),도심권
2222,2_home_viewed,home_viewed,B(개선 UI),도심권
2223,1_app_opened,app_opened,A(기존 UI),도심권
2223,2_home_viewed,home_viewed,A(기존 UI),도심권
2224,1_app_opened,app_opened,A(기존 UI),도심권
2224,2_home_viewed,home_viewed,A(기존 UI),도심권
2224,3_cart_interacted,cart_interacted,A(기존 UI),도심권
2224,4_purchase_completed,purchase_completed,A(기존 UI),도심권
2225,1_app_opened,app_opened,A(기존 UI),외곽 주거지(초월읍 등)
2225,2_home_viewed,home_viewed,A(기존 UI),외곽 주거지(초월읍 등)
2226,1_app_opened,app_opened,A(기존 UI),도심권
2227,1_app_opened,app_opened,A(기존 UI),도심권
2228,1_app_opened,app_opened,B(개선 UI),도심권
2228,2_home_viewed,home_viewed,B(개선 UI),도심권
2229,1_app_opened,app_opened,A(기존 UI),도심권
2230,1_app_opened,app_opened,A(기존 UI),도심권
2230,2_home_viewed,home_viewed,A(기존 UI),도심권
2231,1_app_opened,app_opened,B(개선 UI),도심권
2231,2_home_viewed,home_viewed,B(개선 UI),도심권
2232,1_app_opened,app_opened,A(기존 UI),외곽 주거지(초월읍 등)
2233,1_app_opened,app_opened,B(개선 UI),도심권
2233,2_home_viewed,home_viewed,B(개선 UI),도심권
2234,1_app_opened,app_opened,B(개선 UI),도심권
2235,1_app_opened,app_opened,B(개선 UI),도심권
2236,1_app_opened,app_opened,B(개선 UI),외곽 주거지(초월읍 등)
2237,1_app_opened,app_opened,B(개선 UI),외곽 주거지(초월읍 등)
2237,2_home_viewed,home_viewed,B(개선 UI),외곽 주거지(초월읍 등)
2237,3_cart_interacted,cart_interacted,B(개선 UI),외곽 주거지(초월읍 등)
2238,1_app_opened,app_opened,A(기존 UI),외곽 주거지(초월읍 등)
2239,1_app_opened,app_opened,A(기존 UI),도심권
2239,2_home_viewed,home_viewed,A(기존 UI),도심권
2240,1_app_opened,app_opened,A(기존 UI),외곽 주거지(초월읍 등)
2241,1_app_opened,app_opened,B(개선 UI),도심권
2242,1_app_opened,app_opened,A(기존 UI),도심권
2243,1_app_opened,app_opened,B(개선 UI),외곽 주거지(초월읍 등)
2243,2_home_viewed,home_viewed,B(개선 UI),외곽 주거지(초월읍 등)
2243,3_cart_interacted,cart_interacted,B(개선 UI),외곽 주거지(초월읍 등)
2243,4_purchase_completed,purchase_completed,B(개선 UI),외곽 주거지(초월읍 등)
2244,1_app_opened,app_opened,B(개선 UI),외곽 주거지(초월읍 등)
2244,2_home_viewed,home_viewed,B(개선 UI),외곽 주거지(초월읍 등)
2244,3_cart_interacted,cart_interacted,B(개선 UI),외곽 주거지(초월읍 등)
2245,1_app_opened,app_opened,B(개선 UI),도심권
2245,2_home_viewed,home_viewed,B(개선 UI),도심권
2246,1_app_opened,app_opened,B(개선 UI),도심권
2246,2_home_viewed,home_viewed,B(개선 UI),도심권
2247,1_app_opened,app_opened,A(기존 UI),도심권
2247,2_home_viewed,home_viewed,A(기존 UI),도심권
2248,1_app_opened,app_opened,B(개선 UI),도심권
2249,1_app_opened,app_opened,B(개선 UI),도심권
2249,2_home_viewed,home_viewed,B(개선 UI),도심권
2249,3_cart_interacted,cart_interacted,B(개선 UI),도심권
2249,4_purchase_completed,purchase_completed,B(개선 UI),도심권
2250,1_app_opened,app_opened,A(기존 UI),외곽 주거지(초월읍 등)
2251,1_app_opened,app_opened,A(기존 UI),도심권
2252,1_app_opened,app_opened,B(개선 UI),외곽 주거지(초월읍 등)
2252,2_home_viewed,home_viewed,B(개선 UI),외곽 주거지(초월읍 등)
2253,1_app_opened,app_opened,B(개선 UI),외곽 주거지(초월읍 등)
2253,2_home_viewed,home_viewed,B(개선 UI),외곽 주거지(초월읍 등)
2254,1_app_opened,app_opened,B(개선 UI),도심권
2255,1_app_opened,app_opened,B(개선 UI),외곽 주거지(초월읍 등)
2255,2_home_viewed,home_viewed,B(개선 UI),외곽 주거지(초월읍 등)
2256,1_app_opened,app_opened,B(개선 UI),도심권
2257,1_app_opened,app_opened,B(개선 UI),도심권
2258,1_app_opened,app_opened,A(기존 UI),도심권
2259,1_app_opened,app_opened,A(기존 UI),도심권
2260,1_app_opened,app_opened,A(기존 UI),외곽 주거지(초월읍 등)
2260,2_home_viewed,home_viewed,A(기존 UI),외곽 주거지(초월읍 등)
2261,1_app_opened,app_opened,B(개선 UI),외곽 주거지(초월읍 등)
2261,2_home_viewed,home_viewed,B(개선 UI),외곽 주거지(초월읍 등)
2262,1_app_opened,app_opened,B(개선 UI),도심권
2262,2_home_viewed,home_viewed,B(개선 UI),도심권
2263,1_app_opened,app_opened,B(개선 UI),외곽 주거지(초월읍 등)
2263,2_home_viewed,home_viewed,B(개선 UI),외곽 주거지(초월읍 등)
2264,1_app_opened,app_opened,A(기존 UI),도심권
2265,1_app_opened,app_opened,B(개선 UI),외곽 주거지(초월읍 등)
2265,2_home_viewed,home_viewed,B(개선 UI),외곽 주거지(초월읍 등)
2266,1_app_opened,app_opened,B(개선 UI),도심권
2266,2_home_viewed,home_viewed,B(개선 UI),도심권
2266,3_cart_interacted,cart_interacted,B(개선 UI),도심권
2267,1_app_opened,app_opened,B(개선 UI),도심권
2268,1_app_opened,app_opened,B(개선 UI),도심권
2269,1_app_opened,app_opened,A(기존 UI),도심권
2269,2_home_viewed,home_viewed,A(기존 UI),도심권
2270,1_app_opened,app_opened,B(개선 UI),도심권
2270,2_home_viewed,home_viewed,B(개선 UI),도심권
2271,1_app_opened,app_opened,A(기존 UI),외곽 주거지(초월읍 등)
2271,2_home_viewed,home_viewed,A(기존 UI),외곽 주거지(초월읍 등)
2272,1_app_opened,app_opened,A(기존 UI),도심권
2273,1_app_opened,app_opened,A(기존 UI),외곽 주거지(초월읍 등)
2274,1_app_opened,app_opened,B(개선 UI),외곽 주거지(초월읍 등)
2275,1_app_opened,app_opened,B(개선 UI),도심권
2276,1_app_opened,app_opened,B(개선 UI),도심권
2276,2_home_viewed,home_viewed,B(개선 UI),도심권
2277,1_app_opened,app_opened,B(개선 UI),외곽 주거지(초월읍 등)
2278,1_app_opened,app_opened,B(개선 UI),도심권
2279,1_app_opened,app_opened,B(개선 UI),도심권
2279,2_home_viewed,home_viewed,B(개선 UI),도심권
2280,1_app_opened,app_opened,A(기존 UI),도심권
2281,1_app_opened,app_opened,A(기존 UI),도심권
2281,2_home_viewed,home_viewed,A(기존 UI),도심권
2282,1_app_opened,app_opened,A(기존 UI),외곽 주거지(초월읍 등)
2283,1_app_opened,app_opened,A(기존 UI),도심권
2284,1_app_opened,app_opened,A(기존 UI),도심권
2285,1_app_opened,app_opened,A(기존 UI),도심권
2286,1_app_opened,app_opened,A(기존 UI),외곽 주거지(초월읍 등)
2287,1_app_opened,app_opened,B(개선 UI),외곽 주거지(초월읍 등)
2287,2_home_viewed,home_viewed,B(개선 UI),외곽 주거지(초월읍 등)
2288,1_app_opened,app_opened,A(기존 UI),도심권
2288,2_home_viewed,home_viewed,A(기존 UI),도심권
2289,1_app_opened,app_opened,A(기존 UI),도심권
2289,2_home_viewed,home_viewed,A(기존 UI),도심권
2290,1_app_opened,app_opened,A(기존 UI),도심권
2291,1_app_opened,app_opened,B(개선 UI),도심권
2292,1_app_opened,app_opened,A(기존 UI),도심권
2292,2_home_viewed,home_viewed,A(기존 UI),도심권
2293,1_app_opened,app_opened,A(기존 UI),외곽 주거지(초월읍 등)
2294,1_app_opened,app_opened,B(개선 UI),도심권
2295,1_app_opened,app_opened,A(기존 UI),도심권
2295,2_home_viewed,home_viewed,A(기존 UI),도심권
2296,1_app_opened,app_opened,A(기존 UI),외곽 주거지(초월읍 등)
2297,1_app_opened,app_opened,A(기존 UI),도심권
2298,1_app_opened,app_opened,A(기존 UI),도심권
2299,1_app_opened,app_opened,A(기존 UI),도심권
2300,1_app_opened,app_opened,A(기존 UI),도심권
2301,1_app_opened,app_opened,B(개선 UI),외곽 주거지(초월읍 등)
2301,2_home_viewed,home_viewed,B(개선 UI),외곽 주거지(초월읍 등)
2302,1_app_opened,app_opened,B(개선 UI),도심권
2302,2_home_viewed,home_viewed,B(개선 UI),도심권
2302,3_cart_interacted,cart_interacted,B(개선 UI),도심권
2303,1_app_opened,app_opened,B(개선 UI),도심권
2304,1_app_opened,app_opened,A(기존 UI),도심권
2304,2_home_viewed,home_viewed,A(기존 UI),도심권
2305,1_app_opened,app_opened,B(개선 UI),외곽 주거지(초월읍 등)
2305,2_home_viewed,home_viewed,B(개선 UI),외곽 주거지(초월읍 등)
2305,3_cart_interacted,cart_interacted,B(개선 UI),외곽 주거지(초월읍 등)
2305,4_purchase_completed,purchase_completed,B(개선 UI),외곽 주거지(초월읍 등)
2306,1_app_opened,app_opened,A(기존 UI),도심권
2307,1_app_opened,app_opened,A(기존 UI),도심권
2308,1_app_opened,app_opened,B(개선 UI),외곽 주거지(초월읍 등)
2308,2_home_viewed,home_viewed,B(개선 UI),외곽 주거지(초월읍 등)
2309,1_app_opened,app_opened,A(기존 UI),도심권
2310,1_app_opened,app_opened,A(기존 UI),외곽 주거지(초월읍 등)
2311,1_app_opened,app_opened,B(개선 UI),도심권
2312,1_app_opened,app_opened,B(개선 UI),도심권
2312,2_home_viewed,home_viewed,B(개선 UI),도심권
2312,3_cart_interacted,cart_interacted,B(개선 UI),도심권
2312,4_purchase_completed,purchase_completed,B(개선 UI),도심권
2313,1_app_opened,app_opened,A(기존 UI),도심권
2314,1_app_opened,app_opened,B(개선 UI),도심권
2314,2_home_viewed,home_viewed,B(개선 UI),도심권
2315,1_app_opened,app_opened,B(개선 UI),도심권
2315,2_home_viewed,home_viewed,B(개선 UI),도심권
2316,1_app_opened,app_opened,A(기존 UI),도심권
2317,1_app_opened,app_opened,A(기존 UI),도심권
2317,2_home_viewed,home_viewed,A(기존 UI),도심권
2318,1_app_opened,app_opened,A(기존 UI),도심권
2319,1_app_opened,app_opened,A(기존 UI),도심권
2320,1_app_opened,app_opened,A(기존 UI),외곽 주거지(초월읍 등)
2321,1_app_opened,app_opened,B(개선 UI),도심권
2322,1_app_opened,app_opened,B(개선 UI),외곽 주거지(초월읍 등)
2322,2_home_viewed,home_viewed,B(개선 UI),외곽 주거지(초월읍 등)
2323,1_app_opened,app_opened,B(개선 UI),도심권
2324,1_app_opened,app_opened,A(기존 UI),도심권
2324,2_home_viewed,home_viewed,A(기존 UI),도심권
2325,1_app_opened,app_opened,B(개선 UI),도심권
2325,2_home_viewed,home_viewed,B(개선 UI),도심권
2326,1_app_opened,app_opened,B(개선 UI),외곽 주거지(초월읍 등)
2327,1_app_opened,app_opened,B(개선 UI),외곽 주거지(초월읍 등)
2327,2_home_viewed,home_viewed,B(개선 UI),외곽 주거지(초월읍 등)
2328,1_app_opened,app_opened,A(기존 UI),도심권
2328,2_home_viewed,home_viewed,A(기존 UI),도심권
2329,1_app_opened,app_opened,B(개선 UI),외곽 주거지(초월읍 등)
2329,2_home_viewed,home_viewed,B(개선 UI),외곽 주거지(초월읍 등)
2330,1_app_opened,app_opened,A(기존 UI),도심권
2331,1_app_opened,app_opened,A(기존 UI),도심권
2332,1_app_opened,app_opened,A(기존 UI),외곽 주거지(초월읍 등)
2332,2_home_viewed,home_viewed,A(기존 UI),외곽 주거지(초월읍 등)
2333,1_app_opened,app_opened,B(개선 UI),외곽 주거지(초월읍 등)
2334,1_app_opened,app_opened,B(개선 UI),외곽 주거지(초월읍 등)
2335,1_app_opened,app_opened,A(기존 UI),도심권
2336,1_app_opened,app_opened,A(기존 UI),도심권
2337,1_app_opened,app_opened,A(기존 UI),도심권
2338,1_app_opened,app_opened,A(기존 UI),도심권
2339,1_app_opened,app_opened,A(기존 UI),외곽 주거지(초월읍 등)
2340,1_app_opened,app_opened,A(기존 UI),도심권
2340,2_home_viewed,home_viewed,A(기존 UI),도심권
2341,1_app_opened,app_opened,B(개선 UI),도심권
2341,2_home_viewed,home_viewed,B(개선 UI),도심권
2341,3_cart_interacted,cart_interacted,B(개선 UI),도심권
2342,1_app_opened,app_opened,A(기존 UI),도심권
2343,1_app_opened,app_opened,A(기존 UI),도심권
2344,1_app_opened,app_opened,A(기존 UI),도심권
2345,1_app_opened,app_opened,B(개선 UI),도심권
2346,1_app_opened,app_opened,B(개선 UI),외곽 주거지(초월읍 등)
2346,2_home_viewed,home_viewed,B(개선 UI),외곽 주거지(초월읍 등)
2347,1_app_opened,app_opened,B(개선 UI),도심권
2348,1_app_opened,app_opened,A(기존 UI),외곽 주거지(초월읍 등)
2348,2_home_viewed,home_viewed,A(기존 UI),외곽 주거지(초월읍 등)
2349,1_app_opened,app_opened,B(개선 UI),도심권
2350,1_app_opened,app_opened,A(기존 UI),도심권
2351,1_app_opened,app_opened,B(개선 UI),도심권
2351,2_home_viewed,home_viewed,B(개선 UI),도심권
2352,1_app_opened,app_opened,B(개선 UI),외곽 주거지(초월읍 등)
2353,1_app_opened,app_opened,B(개선 UI),도심권
2354,1_app_opened,app_opened,B(개선 UI),도심권
2355,1_app_opened,app_opened,B(개선 UI),도심권
2355,2_home_viewed,home_viewed,B(개선 UI),도심권
2356,1_app_opened,app_opened,A(기존 UI),도심권
2357,1_app_opened,app_opened,B(개선 UI),외곽 주거지(초월읍 등)
2357,2_home_viewed,home_viewed,B(개선 UI),외곽 주거지(초월읍 등)
2357,3_cart_interacted,cart_interacted,B(개선 UI),외곽 주거지(초월읍 등)
2358,1_app_opened,app_opened,A(기존 UI),외곽 주거지(초월읍 등)
2359,1_app_opened,app_opened,B(개선 UI),도심권
2360,1_app_opened,app_opened,A(기존 UI),도심권
2361,1_app_opened,app_opened,A(기존 UI),외곽 주거지(초월읍 등)
2362,1_app_opened,app_opened,A(기존 UI),도심권
2363,1_app_opened,app_opened,A(기존 UI),도심권
2364,1_app_opened,app_opened,A(기존 UI),도심권
2365,1_app_opened,app_opened,B(개선 UI),도심권
2366,1_app_opened,app_opened,A(기존 UI),도심권
2367,1_app_opened,app_opened,A(기존 UI),외곽 주거지(초월읍 등)
2368,1_app_opened,app_opened,B(개선 UI),도심권
2368,2_home_viewed,home_viewed,B(개선 UI),도심권
2368,3_cart_interacted,cart_interacted,B(개선 UI),도심권
2369,1_app_opened,app_opened,A(기존 UI),도심권
2370,1_app_opened,app_opened,B(개선 UI),외곽 주거지(초월읍 등)
2371,1_app_opened,app_opened,B(개선 UI),도심권
2372,1_app_opened,app_opened,B(개선 UI),도심권
2372,2_home_viewed,home_viewed,B(개선 UI),도심권
2373,1_app_opened,app_opened,B(개선 UI),도심권
2373,2_home_viewed,home_viewed,B(개선 UI),도심권
2373,3_cart_interacted,cart_interacted,B(개선 UI),도심권
2373,4_purchase_completed,purchase_completed,B(개선 UI),도심권
2374,1_app_opened,app_opened,A(기존 UI),도심권
2375,1_app_opened,app_opened,B(개선 UI),외곽 주거지(초월읍 등)
2375,2_home_viewed,home_viewed,B(개선 UI),외곽 주거지(초월읍 등)
2376,1_app_opened,app_opened,A(기존 UI),외곽 주거지(초월읍 등)
2377,1_app_opened,app_opened,A(기존 UI),도심권
2378,1_app_opened,app_opened,B(개선 UI),외곽 주거지(초월읍 등)
2379,1_app_opened,app_opened,A(기존 UI),도심권
2380,1_app_opened,app_opened,B(개선 UI),외곽 주거지(초월읍 등)
2381,1_app_opened,app_opened,B(개선 UI),도심권
2382,1_app_opened,app_opened,B(개선 UI),도심권
2382,2_home_viewed,home_viewed,B(개선 UI),도심권
2382,3_cart_interacted,cart_interacted,B(개선 UI),도심권
2382,4_purchase_completed,purchase_completed,B(개선 UI),도심권
2383,1_app_opened,app_opened,B(개선 UI),도심권
2384,1_app_opened,app_opened,A(기존 UI),도심권
2384,2_home_viewed,home_viewed,A(기존 UI),도심권
2385,1_app_opened,app_opened,A(기존 UI),도심권
2385,2_home_viewed,home_viewed,A(기존 UI),도심권
2386,1_app_opened,app_opened,B(개선 UI),도심권
2386,2_home_viewed,home_viewed,B(개선 UI),도심권
2387,1_app_opened,app_opened,A(기존 UI),외곽 주거지(초월읍 등)
2388,1_app_opened,app_opened,B(개선 UI),도심권
2388,2_home_viewed,home_viewed,B(개선 UI),도심권
2389,1_app_opened,app_opened,B(개선 UI),외곽 주거지(초월읍 등)
2389,2_home_viewed,home_viewed,B(개선 UI),외곽 주거지(초월읍 등)
2390,1_app_opened,app_opened,B(개선 UI),도심권
2390,2_home_viewed,home_viewed,B(개선 UI),도심권
2391,1_app_opened,app_opened,A(기존 UI),도심권
2392,1_app_opened,app_opened,A(기존 UI),외곽 주거지(초월읍 등)
2393,1_app_opened,app_opened,A(기존 UI),도심권
2394,1_app_opened,app_opened,A(기존 UI),외곽 주거지(초월읍 등)
2395,1_app_opened,app_opened,B(개선 UI),외곽 주거지(초월읍 등)
2395,2_home_viewed,home_viewed,B(개선 UI),외곽 주거지(초월읍 등)
2396,1_app_opened,app_opened,A(기존 UI),도심권
2397,1_app_opened,app_opened,A(기존 UI),도심권
2398,1_app_opened,app_opened,A(기존 UI),도심권
2399,1_app_opened,app_opened,B(개선 UI),도심권
2400,1_app_opened,app_opened,B(개선 UI),도심권
2400,2_home_viewed,home_viewed,B(개선 UI),도심권
2401,1_app_opened,app_opened,A(기존 UI),외곽 주거지(초월읍 등)
2402,1_app_opened,app_opened,A(기존 UI),도심권
2403,1_app_opened,app_opened,A(기존 UI),도심권
2404,1_app_opened,app_opened,A(기존 UI),도심권
2404,2_home_viewed,home_viewed,A(기존 UI),도심권
2405,1_app_opened,app_opened,B(개선 UI),외곽 주거지(초월읍 등)
2406,1_app_opened,app_opened,B(개선 UI),도심권
2407,1_app_opened,app_opened,A(기존 UI),도심권
2408,1_app_opened,app_opened,A(기존 UI),도심권
2409,1_app_opened,app_opened,B(개선 UI),외곽 주거지(초월읍 등)
2410,1_app_opened,app_opened,A(기존 UI),외곽 주거지(초월읍 등)
2411,1_app_opened,app_opened,B(개선 UI),도심권
2412,1_app_opened,app_opened,A(기존 UI),외곽 주거지(초월읍 등)
2413,1_app_opened,app_opened,A(기존 UI),도심권
2414,1_app_opened,app_opened,A(기존 UI),외곽 주거지(초월읍 등)
2415,1_app_opened,app_opened,B(개선 UI),도심권
2416,1_app_opened,app_opened,B(개선 UI),도심권
2417,1_app_opened,app_opened,A(기존 UI),도심권
2418,1_app_opened,app_opened,A(기존 UI),도심권
2418,2_home_viewed,home_viewed,A(기존 UI),도심권
2419,1_app_opened,app_opened,A(기존 UI),외곽 주거지(초월읍 등)
2419,2_home_viewed,home_viewed,A(기존 UI),외곽 주거지(초월읍 등)
2420,1_app_opened,app_opened,A(기존 UI),도심권
2421,1_app_opened,app_opened,A(기존 UI),외곽 주거지(초월읍 등)
2422,1_app_opened,app_opened,A(기존 UI),도심권
2423,1_app_opened,app_opened,B(개선 UI),도심권
2423,2_home_viewed,home_viewed,B(개선 UI),도심권
2423,3_cart_interacted,cart_interacted,B(개선 UI),도심권
2424,1_app_opened,app_opened,A(기존 UI),도심권
2425,1_app_opened,app_opened,A(기존 UI),도심권
2426,1_app_opened,app_opened,B(개선 UI),외곽 주거지(초월읍 등)
2427,1_app_opened,app_opened,A(기존 UI),도심권
2427,2_home_viewed,home_viewed,A(기존 UI),도심권
2427,3_cart_interacted,cart_interacted,A(기존 UI),도심권
2427,4_purchase_completed,purchase_completed,A(기존 UI),도심권
2428,1_app_opened,app_opened,B(개선 UI),도심권
2428,2_home_viewed,home_viewed,B(개선 UI),도심권
2429,1_app_opened,app_opened,A(기존 UI),도심권
2430,1_app_opened,app_opened,B(개선 UI),도심권
2431,1_app_opened,app_opened,B(개선 UI),외곽 주거지(초월읍 등)
2431,2_home_viewed,home_viewed,B(개선 UI),외곽 주거지(초월읍 등)
2432,1_app_opened,app_opened,B(개선 UI),도심권
2432,2_home_viewed,home_viewed,B(개선 UI),도심권
2433,1_app_opened,app_opened,B(개선 UI),외곽 주거지(초월읍 등)
2433,2_home_viewed,home_viewed,B(개선 UI),외곽 주거지(초월읍 등)
2433,3_cart_interacted,cart_interacted,B(개선 UI),외곽 주거지(초월읍 등)
2433,4_purchase_completed,purchase_completed,B(개선 UI),외곽 주거지(초월읍 등)
2434,1_app_opened,app_opened,A(기존 UI),도심권
2434,2_home_viewed,home_viewed,A(기존 UI),도심권
2435,1_app_opened,app_opened,B(개선 UI),도심권
2435,2_home_viewed,home_viewed,B(개선 UI),도심권
2436,1_app_opened,app_opened,A(기존 UI),외곽 주거지(초월읍 등)
2436,2_home_viewed,home_viewed,A(기존 UI),외곽 주거지(초월읍 등)
2437,1_app_opened,app_opened,A(기존 UI),도심권
2438,1_app_opened,app_opened,A(기존 UI),도심권
2439,1_app_opened,app_opened,B(개선 UI),도심권
2439,2_home_viewed,home_viewed,B(개선 UI),도심권
2439,3_cart_interacted,cart_interacted,B(개선 UI),도심권
2440,1_app_opened,app_opened,A(기존 UI),도심권
2441,1_app_opened,app_opened,B(개선 UI),외곽 주거지(초월읍 등)
2442,1_app_opened,app_opened,B(개선 UI),도심권
2443,1_app_opened,app_opened,B(개선 UI),외곽 주거지(초월읍 등)
2444,1_app_opened,app_opened,B(개선 UI),도심권
2444,2_home_viewed,home_viewed,B(개선 UI),도심권
2445,1_app_opened,app_opened,A(기존 UI),도심권
2446,1_app_opened,app_opened,A(기존 UI),도심권
2447,1_app_opened,app_opened,A(기존 UI),도심권
2448,1_app_opened,app_opened,A(기존 UI),외곽 주거지(초월읍 등)
2449,1_app_opened,app_opened,A(기존 UI),도심권
2450,1_app_opened,app_opened,A(기존 UI),도심권
2451,1_app_opened,app_opened,A(기존 UI),외곽 주거지(초월읍 등)
2452,1_app_opened,app_opened,B(개선 UI),외곽 주거지(초월읍 등)
2453,1_app_opened,app_opened,B(개선 UI),도심권
2454,1_app_opened,app_opened,A(기존 UI),외곽 주거지(초월읍 등)
2455,1_app_opened,app_opened,B(개선 UI),도심권
2455,2_home_viewed,home_viewed,B(개선 UI),도심권
2455,3_cart_interacted,cart_interacted,B(개선 UI),도심권
2456,1_app_opened,app_opened,A(기존 UI),도심권
2457,1_app_opened,app_opened,A(기존 UI),도심권
2458,1_app_opened,app_opened,B(개선 UI),도심권
2459,1_app_opened,app_opened,A(기존 UI),도심권
2460,1_app_opened,app_opened,A(기존 UI),도심권
2460,2_home_viewed,home_viewed,A(기존 UI),도심권
2461,1_app_opened,app_opened,B(개선 UI),도심권
2461,2_home_viewed,home_viewed,B(개선 UI),도심권
2462,1_app_opened,app_opened,B(개선 UI),외곽 주거지(초월읍 등)
2463,1_app_opened,app_opened,B(개선 UI),외곽 주거지(초월읍 등)
2463,2_home_viewed,home_viewed,B(개선 UI),외곽 주거지(초월읍 등)
2464,1_app_opened,app_opened,B(개선 UI),외곽 주거지(초월읍 등)
2464,2_home_viewed,home_viewed,B(개선 UI),외곽 주거지(초월읍 등)
2464,3_cart_interacted,cart_interacted,B(개선 UI),외곽 주거지(초월읍 등)
2464,4_purchase_completed,purchase_completed,B(개선 UI),외곽 주거지(초월읍 등)
2465,1_app_opened,app_opened,B(개선 UI),도심권
2466,1_app_opened,app_opened,A(기존 UI),도심권
2467,1_app_opened,app_opened,A(기존 UI),도심권
2468,1_app_opened,app_opened,A(기존 UI),도심권
2469,1_app_opened,app_opened,A(기존 UI),도심권
2469,2_home_viewed,home_viewed,A(기존 UI),도심권
2470,1_app_opened,app_opened,B(개선 UI),도심권
2471,1_app_opened,app_opened,A(기존 UI),외곽 주거지(초월읍 등)
2472,1_app_opened,app_opened,B(개선 UI),도심권
2473,1_app_opened,app_opened,B(개선 UI),도심권
2474,1_app_opened,app_opened,B(개선 UI),도심권
2475,1_app_opened,app_opened,B(개선 UI),도심권
2476,1_app_opened,app_opened,B(개선 UI),도심권
2476,2_home_viewed,home_viewed,B(개선 UI),도심권
2477,1_app_opened,app_opened,A(기존 UI),도심권
2478,1_app_opened,app_opened,B(개선 UI),도심권
2478,2_home_viewed,home_viewed,B(개선 UI),도심권
2478,3_cart_interacted,cart_interacted,B(개선 UI),도심권
2479,1_app_opened,app_opened,A(기존 UI),도심권
2480,1_app_opened,app_opened,B(개선 UI),도심권
2480,2_home_viewed,home_viewed,B(개선 UI),도심권
2480,3_cart_interacted,cart_interacted,B(개선 UI),도심권
2480,4_purchase_completed,purchase_completed,B(개선 UI),도심권
2481,1_app_opened,app_opened,A(기존 UI),외곽 주거지(초월읍 등)
2482,1_app_opened,app_opened,B(개선 UI),외곽 주거지(초월읍 등)
2483,1_app_opened,app_opened,B(개선 UI),도심권
2483,2_home_viewed,home_viewed,B(개선 UI),도심권
2483,3_cart_interacted,cart_interacted,B(개선 UI),도심권
2484,1_app_opened,app_opened,A(기존 UI),도심권
2485,1_app_opened,app_opened,A(기존 UI),외곽 주거지(초월읍 등)
2486,1_app_opened,app_opened,B(개선 UI),도심권
2487,1_app_opened,app_opened,A(기존 UI),도심권
2488,1_app_opened,app_opened,B(개선 UI),도심권
2488,2_home_viewed,home_viewed,B(개선 UI),도심권
2489,1_app_opened,app_opened,B(개선 UI),도심권
2489,2_home_viewed,home_viewed,B(개선 UI),도심권
2490,1_app_opened,app_opened,A(기존 UI),외곽 주거지(초월읍 등)
2490,2_home_viewed,home_viewed,A(기존 UI),외곽 주거지(초월읍 등)
2491,1_app_opened,app_opened,A(기존 UI),외곽 주거지(초월읍 등)
2492,1_app_opened,app_opened,A(기존 UI),도심권
2492,2_home_viewed,home_viewed,A(기존 UI),도심권
2493,1_app_opened,app_opened,B(개선 UI),도심권
2493,2_home_viewed,home_viewed,B(개선 UI),도심권
2494,1_app_opened,app_opened,A(기존 UI),도심권
2495,1_app_opened,app_opened,B(개선 UI),도심권
2495,2_home_viewed,home_viewed,B(개선 UI),도심권
2496,1_app_opened,app_opened,A(기존 UI),외곽 주거지(초월읍 등)
2496,2_home_viewed,home_viewed,A(기존 UI),외곽 주거지(초월읍 등)
2497,1_app_opened,app_opened,B(개선 UI),도심권
2498,1_app_opened,app_opened,B(개선 UI),도심권
2498,2_home_viewed,home_viewed,B(개선 UI),도심권
2499,1_app_opened,app_opened,B(개선 UI),외곽 주거지(초월읍 등)
2499,2_home_viewed,home_viewed,B(개선 UI),외곽 주거지(초월읍 등)
2500,1_app_opened,app_opened,A(기존 UI),외곽 주거지(초월읍 등)
2501,1_app_opened,app_opened,B(개선 UI),외곽 주거지(초월읍 등)
2502,1_app_opened,app_opened,B(개선 UI),도심권
2503,1_app_opened,app_opened,B(개선 UI),도심권
2503,2_home_viewed,home_viewed,B(개선 UI),도심권
2504,1_app_opened,app_opened,B(개선 UI),도심권
2504,2_home_viewed,home_viewed,B(개선 UI),도심권
2505,1_app_opened,app_opened,A(기존 UI),도심권
2505,2_home_viewed,home_viewed,A(기존 UI),도심권
2505,3_cart_interacted,cart_interacted,A(기존 UI),도심권
2506,1_app_opened,app_opened,A(기존 UI),외곽 주거지(초월읍 등)
2507,1_app_opened,app_opened,B(개선 UI),도심권
2508,1_app_opened,app_opened,A(기존 UI),외곽 주거지(초월읍 등)
2509,1_app_opened,app_opened,B(개선 UI),도심권
2510,1_app_opened,app_opened,B(개선 UI),외곽 주거지(초월읍 등)
2511,1_app_opened,app_opened,A(기존 UI),도심권
2512,1_app_opened,app_opened,B(개선 UI),외곽 주거지(초월읍 등)
2512,2_home_viewed,home_viewed,B(개선 UI),외곽 주거지(초월읍 등)
2513,1_app_opened,app_opened,A(기존 UI),도심권
2514,1_app_opened,app_opened,B(개선 UI),도심권
2514,2_home_viewed,home_viewed,B(개선 UI),도심권
2514,3_cart_interacted,cart_interacted,B(개선 UI),도심권
2515,1_app_opened,app_opened,B(개선 UI),외곽 주거지(초월읍 등)
2515,2_home_viewed,home_viewed,B(개선 UI),외곽 주거지(초월읍 등)
2515,3_cart_interacted,cart_interacted,B(개선 UI),외곽 주거지(초월읍 등)
2516,1_app_opened,app_opened,B(개선 UI),도심권
2517,1_app_opened,app_opened,A(기존 UI),도심권
2518,1_app_opened,app_opened,A(기존 UI),외곽 주거지(초월읍 등)
2519,1_app_opened,app_opened,B(개선 UI),도심권
2520,1_app_opened,app_opened,B(개선 UI),도심권
2520,2_home_viewed,home_viewed,B(개선 UI),도심권
2521,1_app_opened,app_opened,B(개선 UI),도심권
2521,2_home_viewed,home_viewed,B(개선 UI),도심권
2521,3_cart_interacted,cart_interacted,B(개선 UI),도심권
2521,4_purchase_completed,purchase_completed,B(개선 UI),도심권
2522,1_app_opened,app_opened,A(기존 UI),외곽 주거지(초월읍 등)
2523,1_app_opened,app_opened,A(기존 UI),도심권
2524,1_app_opened,app_opened,A(기존 UI),도심권
2525,1_app_opened,app_opened,B(개선 UI),도심권
2525,2_home_viewed,home_viewed,B(개선 UI),도심권
2526,1_app_opened,app_opened,A(기존 UI),도심권
2526,2_home_viewed,home_viewed,A(기존 UI),도심권
2527,1_app_opened,app_opened,A(기존 UI),도심권
2528,1_app_opened,app_opened,B(개선 UI),도심권
2528,2_home_viewed,home_viewed,B(개선 UI),도심권
2529,1_app_opened,app_opened,A(기존 UI),도심권
2530,1_app_opened,app_opened,B(개선 UI),도심권
2530,2_home_viewed,home_viewed,B(개선 UI),도심권
2531,1_app_opened,app_opened,B(개선 UI),도심권
2531,2_home_viewed,home_viewed,B(개선 UI),도심권
2531,3_cart_interacted,cart_interacted,B(개선 UI),도심권
2531,4_purchase_completed,purchase_completed,B(개선 UI),도심권
2532,1_app_opened,app_opened,B(개선 UI),도심권
2532,2_home_viewed,home_viewed,B(개선 UI),도심권
2532,3_cart_interacted,cart_interacted,B(개선 UI),도심권
2532,4_purchase_completed,purchase_completed,B(개선 UI),도심권
2533,1_app_opened,app_opened,A(기존 UI),도심권
2534,1_app_opened,app_opened,A(기존 UI),도심권
2535,1_app_opened,app_opened,B(개선 UI),도심권
2535,2_home_viewed,home_viewed,B(개선 UI),도심권
2536,1_app_opened,app_opened,B(개선 UI),도심권
2536,2_home_viewed,home_viewed,B(개선 UI),도심권
2537,1_app_opened,app_opened,B(개선 UI),도심권
2538,1_app_opened,app_opened,A(기존 UI),외곽 주거지(초월읍 등)
2539,1_app_opened,app_opened,B(개선 UI),도심권
2539,2_home_viewed,home_viewed,B(개선 UI),도심권
2539,3_cart_interacted,cart_interacted,B(개선 UI),도심권
2540,1_app_opened,app_opened,B(개선 UI),도심권
2540,2_home_viewed,home_viewed,B(개선 UI),도심권
2541,1_app_opened,app_opened,B(개선 UI),도심권
2542,1_app_opened,app_opened,B(개선 UI),도심권
2543,1_app_opened,app_opened,B(개선 UI),외곽 주거지(초월읍 등)
2543,2_home_viewed,home_viewed,B(개선 UI),외곽 주거지(초월읍 등)
2544,1_app_opened,app_opened,B(개선 UI),도심권
2544,2_home_viewed,home_viewed,B(개선 UI),도심권
2545,1_app_opened,app_opened,A(기존 UI),도심권
2545,2_home_viewed,home_viewed,A(기존 UI),도심권
2545,3_cart_interacted,cart_interacted,A(기존 UI),도심권
2545,4_purchase_completed,purchase_completed,A(기존 UI),도심권
2546,1_app_opened,app_opened,A(기존 UI),도심권
2547,1_app_opened,app_opened,A(기존 UI),도심권
2547,2_home_viewed,home_viewed,A(기존 UI),도심권
2548,1_app_opened,app_opened,A(기존 UI),도심권
2549,1_app_opened,app_opened,A(기존 UI),도심권
2550,1_app_opened,app_opened,A(기존 UI),외곽 주거지(초월읍 등)
2551,1_app_opened,app_opened,A(기존 UI),도심권
2552,1_app_opened,app_opened,A(기존 UI),도심권
2553,1_app_opened,app_opened,B(개선 UI),도심권
2554,1_app_opened,app_opened,B(개선 UI),도심권
2554,2_home_viewed,home_viewed,B(개선 UI),도심권
2555,1_app_opened,app_opened,A(기존 UI),도심권
2556,1_app_opened,app_opened,B(개선 UI),도심권
2556,2_home_viewed,home_viewed,B(개선 UI),도심권
2557,1_app_opened,app_opened,B(개선 UI),도심권
2558,1_app_opened,app_opened,A(기존 UI),도심권
2559,1_app_opened,app_opened,A(기존 UI),외곽 주거지(초월읍 등)
2560,1_app_opened,app_opened,B(개선 UI),도심권
2560,2_home_viewed,home_viewed,B(개선 UI),도심권
2561,1_app_opened,app_opened,B(개선 UI),외곽 주거지(초월읍 등)
2561,2_home_viewed,home_viewed,B(개선 UI),외곽 주거지(초월읍 등)
2562,1_app_opened,app_opened,B(개선 UI),도심권
2563,1_app_opened,app_opened,A(기존 UI),도심권
2564,1_app_opened,app_opened,A(기존 UI),외곽 주거지(초월읍 등)
2565,1_app_opened,app_opened,A(기존 UI),도심권
2565,2_home_viewed,home_viewed,A(기존 UI),도심권
2566,1_app_opened,app_opened,A(기존 UI),외곽 주거지(초월읍 등)
2567,1_app_opened,app_opened,A(기존 UI),외곽 주거지(초월읍 등)
2567,2_home_viewed,home_viewed,A(기존 UI),외곽 주거지(초월읍 등)
2568,1_app_opened,app_opened,A(기존 UI),도심권
2569,1_app_opened,app_opened,B(개선 UI),도심권
2570,1_app_opened,app_opened,B(개선 UI),도심권
2571,1_app_opened,app_opened,A(기존 UI),외곽 주거지(초월읍 등)
2572,1_app_opened,app_opened,B(개선 UI),외곽 주거지(초월읍 등)
2572,2_home_viewed,home_viewed,B(개선 UI),외곽 주거지(초월읍 등)
2572,3_cart_interacted,cart_interacted,B(개선 UI),외곽 주거지(초월읍 등)
2573,1_app_opened,app_opened,A(기존 UI),도심권
2573,2_home_viewed,home_viewed,A(기존 UI),도심권
2574,1_app_opened,app_opened,A(기존 UI),도심권
2574,2_home_viewed,home_viewed,A(기존 UI),도심권
2575,1_app_opened,app_opened,A(기존 UI),도심권
2576,1_app_opened,app_opened,B(개선 UI),도심권
2576,2_home_viewed,home_viewed,B(개선 UI),도심권
2577,1_app_opened,app_opened,B(개선 UI),도심권
2577,2_home_viewed,home_viewed,B(개선 UI),도심권
2577,3_cart_interacted,cart_interacted,B(개선 UI),도심권
2578,1_app_opened,app_opened,B(개선 UI),도심권
2578,2_home_viewed,home_viewed,B(개선 UI),도심권
2579,1_app_opened,app_opened,A(기존 UI),도심권
2580,1_app_opened,app_opened,B(개선 UI),도심권
2581,1_app_opened,app_opened,A(기존 UI),외곽 주거지(초월읍 등)
2582,1_app_opened,app_opened,B(개선 UI),외곽 주거지(초월읍 등)
2582,2_home_viewed,home_viewed,B(개선 UI),외곽 주거지(초월읍 등)
2583,1_app_opened,app_opened,B(개선 UI),외곽 주거지(초월읍 등)
2583,2_home_viewed,home_viewed,B(개선 UI),외곽 주거지(초월읍 등)
2584,1_app_opened,app_opened,A(기존 UI),외곽 주거지(초월읍 등)
2585,1_app_opened,app_opened,B(개선 UI),도심권
2586,1_app_opened,app_opened,B(개선 UI),도심권
2587,1_app_opened,app_opened,A(기존 UI),도심권
2588,1_app_opened,app_opened,B(개선 UI),외곽 주거지(초월읍 등)
2588,2_home_viewed,home_viewed,B(개선 UI),외곽 주거지(초월읍 등)
2589,1_app_opened,app_opened,A(기존 UI),외곽 주거지(초월읍 등)
2590,1_app_opened,app_opened,B(개선 UI),외곽 주거지(초월읍 등)
2590,2_home_viewed,home_viewed,B(개선 UI),외곽 주거지(초월읍 등)
2591,1_app_opened,app_opened,B(개선 UI),외곽 주거지(초월읍 등)
2591,2_home_viewed,home_viewed,B(개선 UI),외곽 주거지(초월읍 등)
2592,1_app_opened,app_opened,B(개선 UI),도심권
2593,1_app_opened,app_opened,B(개선 UI),도심권
2593,2_home_viewed,home_viewed,B(개선 UI),도심권
2593,3_cart_interacted,cart_interacted,B(개선 UI),도심권
2593,4_purchase_completed,purchase_completed,B(개선 UI),도심권
2594,1_app_opened,app_opened,B(개선 UI),도심권
2594,2_home_viewed,home_viewed,B(개선 UI),도심권
2595,1_app_opened,app_opened,A(기존 UI),도심권
2596,1_app_opened,app_opened,B(개선 UI),도심권
2596,2_home_viewed,home_viewed,B(개선 UI),도심권
2596,3_cart_interacted,cart_interacted,B(개선 UI),도심권
2597,1_app_opened,app_opened,A(기존 UI),도심권
2597,2_home_viewed,home_viewed,A(기존 UI),도심권
2598,1_app_opened,app_opened,A(기존 UI),도심권
2599,1_app_opened,app_opened,A(기존 UI),도심권
2600,1_app_opened,app_opened,A(기존 UI),도심권
2601,1_app_opened,app_opened,B(개선 UI),도심권
2601,2_home_viewed,home_viewed,B(개선 UI),도심권
2601,3_cart_interacted,cart_interacted,B(개선 UI),도심권
2601,4_purchase_completed,purchase_completed,B(개선 UI),도심권
2602,1_app_opened,app_opened,A(기존 UI),도심권
2603,1_app_opened,app_opened,B(개선 UI),도심권
2603,2_home_viewed,home_viewed,B(개선 UI),도심권
2603,3_cart_interacted,cart_interacted,B(개선 UI),도심권
2604,1_app_opened,app_opened,A(기존 UI),도심권
2604,2_home_viewed,home_viewed,A(기존 UI),도심권
2605,1_app_opened,app_opened,A(기존 UI),외곽 주거지(초월읍 등)
2605,2_home_viewed,home_viewed,A(기존 UI),외곽 주거지(초월읍 등)
2606,1_app_opened,app_opened,B(개선 UI),도심권
2606,2_home_viewed,home_viewed,B(개선 UI),도심권
2606,3_cart_interacted,cart_interacted,B(개선 UI),도심권
2606,4_purchase_completed,purchase_completed,B(개선 UI),도심권
2607,1_app_opened,app_opened,A(기존 UI),도심권
2608,1_app_opened,app_opened,A(기존 UI),외곽 주거지(초월읍 등)
2609,1_app_opened,app_opened,B(개선 UI),외곽 주거지(초월읍 등)
2609,2_home_viewed,home_viewed,B(개선 UI),외곽 주거지(초월읍 등)
2609,3_cart_interacted,cart_interacted,B(개선 UI),외곽 주거지(초월읍 등)
2610,1_app_opened,app_opened,A(기존 UI),외곽 주거지(초월읍 등)
2611,1_app_opened,app_opened,B(개선 UI),도심권
2611,2_home_viewed,home_viewed,B(개선 UI),도심권
2611,3_cart_interacted,cart_interacted,B(개선 UI),도심권
2611,4_purchase_completed,purchase_completed,B(개선 UI),도심권
2612,1_app_opened,app_opened,A(기존 UI),도심권
2613,1_app_opened,app_opened,A(기존 UI),도심권
2614,1_app_opened,app_opened,B(개선 UI),도심권
2614,2_home_viewed,home_viewed,B(개선 UI),도심권
2615,1_app_opened,app_opened,A(기존 UI),외곽 주거지(초월읍 등)
2616,1_app_opened,app_opened,A(기존 UI),도심권
2617,1_app_opened,app_opened,A(기존 UI),도심권
2618,1_app_opened,app_opened,A(기존 UI),도심권
2618,2_home_viewed,home_viewed,A(기존 UI),도심권
2619,1_app_opened,app_opened,B(개선 UI),도심권
2619,2_home_viewed,home_viewed,B(개선 UI),도심권
2620,1_app_opened,app_opened,A(기존 UI),도심권
2621,1_app_opened,app_opened,B(개선 UI),외곽 주거지(초월읍 등)
2621,2_home_viewed,home_viewed,B(개선 UI),외곽 주거지(초월읍 등)
2622,1_app_opened,app_opened,B(개선 UI),외곽 주거지(초월읍 등)
2622,2_home_viewed,home_viewed,B(개선 UI),외곽 주거지(초월읍 등)
2623,1_app_opened,app_opened,A(기존 UI),외곽 주거지(초월읍 등)
2623,2_home_viewed,home_viewed,A(기존 UI),외곽 주거지(초월읍 등)
2624,1_app_opened,app_opened,B(개선 UI),도심권
2625,1_app_opened,app_opened,A(기존 UI),도심권
2626,1_app_opened,app_opened,B(개선 UI),도심권
2626,2_home_viewed,home_viewed,B(개선 UI),도심권
2626,3_cart_interacted,cart_interacted,B(개선 UI),도심권
2626,4_purchase_completed,purchase_completed,B(개선 UI),도심권
2627,1_app_opened,app_opened,A(기존 UI),도심권
2628,1_app_opened,app_opened,B(개선 UI),외곽 주거지(초월읍 등)
2629,1_app_opened,app_opened,A(기존 UI),도심권
2629,2_home_viewed,home_viewed,A(기존 UI),도심권
2630,1_app_opened,app_opened,A(기존 UI),외곽 주거지(초월읍 등)
2631,1_app_opened,app_opened,B(개선 UI),도심권
2631,2_home_viewed,home_viewed,B(개선 UI),도심권
2632,1_app_opened,app_opened,B(개선 UI),도심권
2632,2_home_viewed,home_viewed,B(개선 UI),도심권
2633,1_app_opened,app_opened,A(기존 UI),도심권
2634,1_app_opened,app_opened,A(기존 UI),도심권
2635,1_app_opened,app_opened,B(개선 UI),외곽 주거지(초월읍 등)
2636,1_app_opened,app_opened,B(개선 UI),도심권
2637,1_app_opened,app_opened,B(개선 UI),외곽 주거지(초월읍 등)
2637,2_home_viewed,home_viewed,B(개선 UI),외곽 주거지(초월읍 등)
2638,1_app_opened,app_opened,B(개선 UI),외곽 주거지(초월읍 등)
2638,2_home_viewed,home_viewed,B(개선 UI),외곽 주거지(초월읍 등)
2639,1_app_opened,app_opened,B(개선 UI),도심권
2639,2_home_viewed,home_viewed,B(개선 UI),도심권
2640,1_app_opened,app_opened,B(개선 UI),외곽 주거지(초월읍 등)
2641,1_app_opened,app_opened,A(기존 UI),도심권
2642,1_app_opened,app_opened,A(기존 UI),도심권
2643,1_app_opened,app_opened,B(개선 UI),외곽 주거지(초월읍 등)
2644,1_app_opened,app_opened,B(개선 UI),외곽 주거지(초월읍 등)
2645,1_app_opened,app_opened,A(기존 UI),도심권
2646,1_app_opened,app_opened,A(기존 UI),도심권
2646,2_home_viewed,home_viewed,A(기존 UI),도심권
2646,3_cart_interacted,cart_interacted,A(기존 UI),도심권
2647,1_app_opened,app_opened,B(개선 UI),도심권
2647,2_home_viewed,home_viewed,B(개선 UI),도심권
2648,1_app_opened,app_opened,B(개선 UI),도심권
2648,2_home_viewed,home_viewed,B(개선 UI),도심권
2649,1_app_opened,app_opened,A(기존 UI),도심권
2650,1_app_opened,app_opened,A(기존 UI),외곽 주거지(초월읍 등)
2650,2_home_viewed,home_viewed,A(기존 UI),외곽 주거지(초월읍 등)
2651,1_app_opened,app_opened,A(기존 UI),도심권
2652,1_app_opened,app_opened,A(기존 UI),도심권
2653,1_app_opened,app_opened,A(기존 UI),도심권
2653,2_home_viewed,home_viewed,A(기존 UI),도심권
2653,3_cart_interacted,cart_interacted,A(기존 UI),도심권
2654,1_app_opened,app_opened,A(기존 UI),도심권
2655,1_app_opened,app_opened,B(개선 UI),도심권
2655,2_home_viewed,home_viewed,B(개선 UI),도심권
2655,3_cart_interacted,cart_interacted,B(개선 UI),도심권
2655,4_purchase_completed,purchase_completed,B(개선 UI),도심권
2656,1_app_opened,app_opened,A(기존 UI),도심권
2657,1_app_opened,app_opened,B(개선 UI),외곽 주거지(초월읍 등)
2657,2_home_viewed,home_viewed,B(개선 UI),외곽 주거지(초월읍 등)
2658,1_app_opened,app_opened,B(개선 UI),도심권
2658,2_home_viewed,home_viewed,B(개선 UI),도심권
2658,3_cart_interacted,cart_interacted,B(개선 UI),도심권
2658,4_purchase_completed,purchase_completed,B(개선 UI),도심권
2659,1_app_opened,app_opened,A(기존 UI),도심권
2660,1_app_opened,app_opened,B(개선 UI),외곽 주거지(초월읍 등)
2661,1_app_opened,app_opened,A(기존 UI),도심권
2662,1_app_opened,app_opened,B(개선 UI),도심권
2663,1_app_opened,app_opened,A(기존 UI),도심권
2664,1_app_opened,app_opened,B(개선 UI),도심권
2664,2_home_viewed,home_viewed,B(개선 UI),도심권
2665,1_app_opened,app_opened,B(개선 UI),도심권
2665,2_home_viewed,home_viewed,B(개선 UI),도심권
2665,3_cart_interacted,cart_interacted,B(개선 UI),도심권
2665,4_purchase_completed,purchase_completed,B(개선 UI),도심권
2666,1_app_opened,app_opened,A(기존 UI),도심권
2667,1_app_opened,app_opened,A(기존 UI),외곽 주거지(초월읍 등)
2668,1_app_opened,app_opened,B(개선 UI),외곽 주거지(초월읍 등)
2669,1_app_opened,app_opened,B(개선 UI),도심권
2670,1_app_opened,app_opened,A(기존 UI),도심권
2671,1_app_opened,app_opened,B(개선 UI),도심권
2671,2_home_viewed,home_viewed,B(개선 UI),도심권
2672,1_app_opened,app_opened,A(기존 UI),도심권
2672,2_home_viewed,home_viewed,A(기존 UI),도심권
2673,1_app_opened,app_opened,B(개선 UI),도심권
2673,2_home_viewed,home_viewed,B(개선 UI),도심권
2673,3_cart_interacted,cart_interacted,B(개선 UI),도심권
2674,1_app_opened,app_opened,A(기존 UI),도심권
2675,1_app_opened,app_opened,B(개선 UI),도심권
2676,1_app_opened,app_opened,A(기존 UI),외곽 주거지(초월읍 등)
2676,2_home_viewed,home_viewed,A(기존 UI),외곽 주거지(초월읍 등)
2677,1_app_opened,app_opened,A(기존 UI),도심권
2677,2_home_viewed,home_viewed,A(기존 UI),도심권
2677,3_cart_interacted,cart_interacted,A(기존 UI),도심권
2677,4_purchase_completed,purchase_completed,A(기존 UI),도심권
2678,1_app_opened,app_opened,A(기존 UI),외곽 주거지(초월읍 등)
2679,1_app_opened,app_opened,A(기존 UI),외곽 주거지(초월읍 등)
2680,1_app_opened,app_opened,B(개선 UI),도심권
2680,2_home_viewed,home_viewed,B(개선 UI),도심권
2680,3_cart_interacted,cart_interacted,B(개선 UI),도심권
2680,4_purchase_completed,purchase_completed,B(개선 UI),도심권
2681,1_app_opened,app_opened,A(기존 UI),외곽 주거지(초월읍 등)
2681,2_home_viewed,home_viewed,A(기존 UI),외곽 주거지(초월읍 등)
2682,1_app_opened,app_opened,B(개선 UI),외곽 주거지(초월읍 등)
2683,1_app_opened,app_opened,A(기존 UI),도심권
2684,1_app_opened,app_opened,A(기존 UI),도심권
2685,1_app_opened,app_opened,A(기존 UI),도심권
2686,1_app_opened,app_opened,A(기존 UI),외곽 주거지(초월읍 등)
2687,1_app_opened,app_opened,A(기존 UI),도심권
2688,1_app_opened,app_opened,A(기존 UI),도심권
2689,1_app_opened,app_opened,A(기존 UI),도심권
2690,1_app_opened,app_opened,A(기존 UI),도심권
2691,1_app_opened,app_opened,B(개선 UI),도심권
2691,2_home_viewed,home_viewed,B(개선 UI),도심권
2692,1_app_opened,app_opened,B(개선 UI),외곽 주거지(초월읍 등)
2693,1_app_opened,app_opened,A(기존 UI),도심권
2694,1_app_opened,app_opened,A(기존 UI),외곽 주거지(초월읍 등)
2694,2_home_viewed,home_viewed,A(기존 UI),외곽 주거지(초월읍 등)
2695,1_app_opened,app_opened,B(개선 UI),외곽 주거지(초월읍 등)
2695,2_home_viewed,home_viewed,B(개선 UI),외곽 주거지(초월읍 등)
2695,3_cart_interacted,cart_interacted,B(개선 UI),외곽 주거지(초월읍 등)
2695,4_purchase_completed,purchase_completed,B(개선 UI),외곽 주거지(초월읍 등)
2696,1_app_opened,app_opened,B(개선 UI),도심권
2696,2_home_viewed,home_viewed,B(개선 UI),도심권
2696,3_cart_interacted,cart_interacted,B(개선 UI),도심권
2696,4_purchase_completed,purchase_completed,B(개선 UI),도심권
2697,1_app_opened,app_opened,B(개선 UI),도심권
2697,2_home_viewed,home_viewed,B(개선 UI),도심권
2698,1_app_opened,app_opened,A(기존 UI),외곽 주거지(초월읍 등)
2699,1_app_opened,app_opened,B(개선 UI),외곽 주거지(초월읍 등)
2699,2_home_viewed,home_viewed,B(개선 UI),외곽 주거지(초월읍 등)
2700,1_app_opened,app_opened,B(개선 UI),도심권
2700,2_home_viewed,home_viewed,B(개선 UI),도심권
2701,1_app_opened,app_opened,B(개선 UI),도심권
2702,1_app_opened,app_opened,B(개선 UI),도심권
2702,2_home_viewed,home_viewed,B(개선 UI),도심권
2702,3_cart_interacted,cart_interacted,B(개선 UI),도심권
2702,4_purchase_completed,purchase_completed,B(개선 UI),도심권
2703,1_app_opened,app_opened,A(기존 UI),외곽 주거지(초월읍 등)
2704,1_app_opened,app_opened,A(기존 UI),외곽 주거지(초월읍 등)
2705,1_app_opened,app_opened,B(개선 UI),도심권
2705,2_home_viewed,home_viewed,B(개선 UI),도심권
2706,1_app_opened,app_opened,B(개선 UI),외곽 주거지(초월읍 등)
2706,2_home_viewed,home_viewed,B(개선 UI),외곽 주거지(초월읍 등)
2707,1_app_opened,app_opened,A(기존 UI),도심권
2707,2_home_viewed,home_viewed,A(기존 UI),도심권
2708,1_app_opened,app_opened,A(기존 UI),외곽 주거지(초월읍 등)
2709,1_app_opened,app_opened,A(기존 UI),도심권
2710,1_app_opened,app_opened,A(기존 UI),도심권
2711,1_app_opened,app_opened,B(개선 UI),도심권
2711,2_home_viewed,home_viewed,B(개선 UI),도심권
2711,3_cart_interacted,cart_interacted,B(개선 UI),도심권
2711,4_purchase_completed,purchase_completed,B(개선 UI),도심권
2712,1_app_opened,app_opened,B(개선 UI),도심권
2713,1_app_opened,app_opened,A(기존 UI),도심권
2714,1_app_opened,app_opened,A(기존 UI),도심권
2715,1_app_opened,app_opened,A(기존 UI),도심권
2716,1_app_opened,app_opened,A(기존 UI),도심권
2717,1_app_opened,app_opened,B(개선 UI),도심권
2717,2_home_viewed,home_viewed,B(개선 UI),도심권
2718,1_app_opened,app_opened,B(개선 UI),외곽 주거지(초월읍 등)
2719,1_app_opened,app_opened,B(개선 UI),외곽 주거지(초월읍 등)
2719,2_home_viewed,home_viewed,B(개선 UI),외곽 주거지(초월읍 등)
2720,1_app_opened,app_opened,A(기존 UI),도심권
2721,1_app_opened,app_opened,B(개선 UI),도심권
2722,1_app_opened,app_opened,B(개선 UI),도심권
2722,2_home_viewed,home_viewed,B(개선 UI),도심권
2723,1_app_opened,app_opened,B(개선 UI),외곽 주거지(초월읍 등)
2723,2_home_viewed,home_viewed,B(개선 UI),외곽 주거지(초월읍 등)
2723,3_cart_interacted,cart_interacted,B(개선 UI),외곽 주거지(초월읍 등)
2723,4_purchase_completed,purchase_completed,B(개선 UI),외곽 주거지(초월읍 등)
2724,1_app_opened,app_opened,A(기존 UI),외곽 주거지(초월읍 등)
2724,2_home_viewed,home_viewed,A(기존 UI),외곽 주거지(초월읍 등)
2725,1_app_opened,app_opened,A(기존 UI),도심권
2726,1_app_opened,app_opened,A(기존 UI),외곽 주거지(초월읍 등)
2727,1_app_opened,app_opened,A(기존 UI),외곽 주거지(초월읍 등)
2728,1_app_opened,app_opened,A(기존 UI),외곽 주거지(초월읍 등)
2729,1_app_opened,app_opened,A(기존 UI),도심권
2730,1_app_opened,app_opened,A(기존 UI),도심권
2731,1_app_opened,app_opened,B(개선 UI),도심권
2731,2_home_viewed,home_viewed,B(개선 UI),도심권
2732,1_app_opened,app_opened,A(기존 UI),도심권
2733,1_app_opened,app_opened,A(기존 UI),도심권
2733,2_home_viewed,home_viewed,A(기존 UI),도심권
2734,1_app_opened,app_opened,B(개선 UI),도심권
2735,1_app_opened,app_opened,B(개선 UI),도심권
2735,2_home_viewed,home_viewed,B(개선 UI),도심권
2736,1_app_opened,app_opened,B(개선 UI),도심권
2736,2_home_viewed,home_viewed,B(개선 UI),도심권
2736,3_cart_interacted,cart_interacted,B(개선 UI),도심권
2737,1_app_opened,app_opened,B(개선 UI),도심권
2737,2_home_viewed,home_viewed,B(개선 UI),도심권
2738,1_app_opened,app_opened,B(개선 UI),도심권
2739,1_app_opened,app_opened,B(개선 UI),외곽 주거지(초월읍 등)
2740,1_app_opened,app_opened,A(기존 UI),외곽 주거지(초월읍 등)
2741,1_app_opened,app_opened,A(기존 UI),도심권
2741,2_home_viewed,home_viewed,A(기존 UI),도심권
2742,1_app_opened,app_opened,A(기존 UI),도심권
2743,1_app_opened,app_opened,A(기존 UI),도심권
2744,1_app_opened,app_opened,A(기존 UI),도심권
2745,1_app_opened,app_opened,B(개선 UI),외곽 주거지(초월읍 등)
2745,2_home_viewed,home_viewed,B(개선 UI),외곽 주거지(초월읍 등)
2746,1_app_opened,app_opened,B(개선 UI),도심권
2746,2_home_viewed,home_viewed,B(개선 UI),도심권
2746,3_cart_interacted,cart_interacted,B(개선 UI),도심권
2747,1_app_opened,app_opened,B(개선 UI),도심권
2748,1_app_opened,app_opened,A(기존 UI),외곽 주거지(초월읍 등)
2749,1_app_opened,app_opened,B(개선 UI),도심권
2750,1_app_opened,app_opened,B(개선 UI),도심권
2751,1_app_opened,app_opened,A(기존 UI),도심권
2752,1_app_opened,app_opened,B(개선 UI),도심권
2752,2_home_viewed,home_viewed,B(개선 UI),도심권
2753,1_app_opened,app_opened,A(기존 UI),도심권
2754,1_app_opened,app_opened,A(기존 UI),도심권
2755,1_app_opened,app_opened,B(개선 UI),도심권
2756,1_app_opened,app_opened,A(기존 UI),외곽 주거지(초월읍 등)
2757,1_app_opened,app_opened,A(기존 UI),도심권
2758,1_app_opened,app_opened,B(개선 UI),외곽 주거지(초월읍 등)
2758,2_home_viewed,home_viewed,B(개선 UI),외곽 주거지(초월읍 등)
2759,1_app_opened,app_opened,B(개선 UI),도심권
2760,1_app_opened,app_opened,A(기존 UI),도심권
2761,1_app_opened,app_opened,A(기존 UI),도심권
2762,1_app_opened,app_opened,A(기존 UI),도심권
2763,1_app_opened,app_opened,B(개선 UI),도심권
2763,2_home_viewed,home_viewed,B(개선 UI),도심권
2764,1_app_opened,app_opened,A(기존 UI),도심권
2765,1_app_opened,app_opened,A(기존 UI),외곽 주거지(초월읍 등)
2766,1_app_opened,app_opened,B(개선 UI),도심권
2766,2_home_viewed,home_viewed,B(개선 UI),도심권
2767,1_app_opened,app_opened,B(개선 UI),도심권
2768,1_app_opened,app_opened,A(기존 UI),외곽 주거지(초월읍 등)
2768,2_home_viewed,home_viewed,A(기존 UI),외곽 주거지(초월읍 등)
2769,1_app_opened,app_opened,B(개선 UI),도심권
2770,1_app_opened,app_opened,B(개선 UI),도심권
2770,2_home_viewed,home_viewed,B(개선 UI),도심권
2771,1_app_opened,app_opened,A(기존 UI),외곽 주거지(초월읍 등)
2771,2_home_viewed,home_viewed,A(기존 UI),외곽 주거지(초월읍 등)
2772,1_app_opened,app_opened,A(기존 UI),도심권
2773,1_app_opened,app_opened,B(개선 UI),도심권
2773,2_home_viewed,home_viewed,B(개선 UI),도심권
2774,1_app_opened,app_opened,A(기존 UI),도심권
2775,1_app_opened,app_opened,B(개선 UI),도심권
2775,2_home_viewed,home_viewed,B(개선 UI),도심권
2775,3_cart_interacted,cart_interacted,B(개선 UI),도심권
2776,1_app_opened,app_opened,A(기존 UI),도심권
2777,1_app_opened,app_opened,A(기존 UI),도심권
2778,1_app_opened,app_opened,A(기존 UI),외곽 주거지(초월읍 등)
2779,1_app_opened,app_opened,A(기존 UI),외곽 주거지(초월읍 등)
2780,1_app_opened,app_opened,A(기존 UI),도심권
2781,1_app_opened,app_opened,A(기존 UI),도심권
2782,1_app_opened,app_opened,B(개선 UI),외곽 주거지(초월읍 등)
2783,1_app_opened,app_opened,B(개선 UI),도심권
2783,2_home_viewed,home_viewed,B(개선 UI),도심권
2783,3_cart_interacted,cart_interacted,B(개선 UI),도심권
2783,4_purchase_completed,purchase_completed,B(개선 UI),도심권
2784,1_app_opened,app_opened,B(개선 UI),도심권
2784,2_home_viewed,home_viewed,B(개선 UI),도심권
2784,3_cart_interacted,cart_interacted,B(개선 UI),도심권
2784,4_purchase_completed,purchase_completed,B(개선 UI),도심권
2785,1_app_opened,app_opened,B(개선 UI),도심권
2785,2_home_viewed,home_viewed,B(개선 UI),도심권
2785,3_cart_interacted,cart_interacted,B(개선 UI),도심권
2785,4_purchase_completed,purchase_completed,B(개선 UI),도심권
2786,1_app_opened,app_opened,A(기존 UI),외곽 주거지(초월읍 등)
2787,1_app_opened,app_opened,B(개선 UI),도심권
2787,2_home_viewed,home_viewed,B(개선 UI),도심권
2788,1_app_opened,app_opened,A(기존 UI),외곽 주거지(초월읍 등)
2788,2_home_viewed,home_viewed,A(기존 UI),외곽 주거지(초월읍 등)
2789,1_app_opened,app_opened,B(개선 UI),도심권
2789,2_home_viewed,home_viewed,B(개선 UI),도심권
2790,1_app_opened,app_opened,B(개선 UI),도심권
2791,1_app_opened,app_opened,B(개선 UI),도심권
2792,1_app_opened,app_opened,B(개선 UI),도심권
2792,2_home_viewed,home_viewed,B(개선 UI),도심권
2793,1_app_opened,app_opened,B(개선 UI),외곽 주거지(초월읍 등)
2794,1_app_opened,app_opened,A(기존 UI),외곽 주거지(초월읍 등)
2795,1_app_opened,app_opened,A(기존 UI),도심권
2796,1_app_opened,app_opened,B(개선 UI),외곽 주거지(초월읍 등)
2796,2_home_viewed,home_viewed,B(개선 UI),외곽 주거지(초월읍 등)
2797,1_app_opened,app_opened,A(기존 UI),외곽 주거지(초월읍 등)
2798,1_app_opened,app_opened,B(개선 UI),도심권
2798,2_home_viewed,home_viewed,B(개선 UI),도심권
2799,1_app_opened,app_opened,B(개선 UI),도심권
2799,2_home_viewed,home_viewed,B(개선 UI),도심권
2800,1_app_opened,app_opened,A(기존 UI),도심권
2801,1_app_opened,app_opened,B(개선 UI),도심권
2801,2_home_viewed,home_viewed,B(개선 UI),도심권
2801,3_cart_interacted,cart_interacted,B(개선 UI),도심권
2802,1_app_opened,app_opened,B(개선 UI),도심권
2803,1_app_opened,app_opened,B(개선 UI),도심권
2803,2_home_viewed,home_viewed,B(개선 UI),도심권
2803,3_cart_interacted,cart_interacted,B(개선 UI),도심권
2803,4_purchase_completed,purchase_completed,B(개선 UI),도심권
2804,1_app_opened,app_opened,B(개선 UI),도심권
2805,1_app_opened,app_opened,B(개선 UI),외곽 주거지(초월읍 등)
2806,1_app_opened,app_opened,B(개선 UI),외곽 주거지(초월읍 등)
2806,2_home_viewed,home_viewed,B(개선 UI),외곽 주거지(초월읍 등)
2807,1_app_opened,app_opened,B(개선 UI),도심권
2808,1_app_opened,app_opened,A(기존 UI),도심권
2808,2_home_viewed,home_viewed,A(기존 UI),도심권
2809,1_app_opened,app_opened,A(기존 UI),도심권
2810,1_app_opened,app_opened,B(개선 UI),도심권
2811,1_app_opened,app_opened,A(기존 UI),도심권
2812,1_app_opened,app_opened,B(개선 UI),도심권
2813,1_app_opened,app_opened,B(개선 UI),도심권
2814,1_app_opened,app_opened,A(기존 UI),도심권
2815,1_app_opened,app_opened,B(개선 UI),도심권
2815,2_home_viewed,home_viewed,B(개선 UI),도심권
2816,1_app_opened,app_opened,B(개선 UI),도심권
2816,2_home_viewed,home_viewed,B(개선 UI),도심권
2816,3_cart_interacted,cart_interacted,B(개선 UI),도심권
2817,1_app_opened,app_opened,A(기존 UI),외곽 주거지(초월읍 등)
2818,1_app_opened,app_opened,A(기존 UI),외곽 주거지(초월읍 등)
2819,1_app_opened,app_opened,A(기존 UI),도심권
2820,1_app_opened,app_opened,A(기존 UI),도심권
2821,1_app_opened,app_opened,B(개선 UI),도심권
2821,2_home_viewed,home_viewed,B(개선 UI),도심권
2821,3_cart_interacted,cart_interacted,B(개선 UI),도심권
2821,4_purchase_completed,purchase_completed,B(개선 UI),도심권
2822,1_app_opened,app_opened,A(기존 UI),도심권
2823,1_app_opened,app_opened,B(개선 UI),도심권
2823,2_home_viewed,home_viewed,B(개선 UI),도심권
2823,3_cart_interacted,cart_interacted,B(개선 UI),도심권
2824,1_app_opened,app_opened,A(기존 UI),도심권
2825,1_app_opened,app_opened,A(기존 UI),외곽 주거지(초월읍 등)
2826,1_app_opened,app_opened,B(개선 UI),도심권
2827,1_app_opened,app_opened,B(개선 UI),외곽 주거지(초월읍 등)
2827,2_home_viewed,home_viewed,B(개선 UI),외곽 주거지(초월읍 등)
2828,1_app_opened,app_opened,A(기존 UI),도심권
2829,1_app_opened,app_opened,A(기존 UI),도심권
2830,1_app_opened,app_opened,A(기존 UI),도심권
2830,2_home_viewed,home_viewed,A(기존 UI),도심권
2830,3_cart_interacted,cart_interacted,A(기존 UI),도심권
2831,1_app_opened,app_opened,A(기존 UI),도심권
2832,1_app_opened,app_opened,B(개선 UI),도심권
2833,1_app_opened,app_opened,A(기존 UI),도심권
2834,1_app_opened,app_opened,A(기존 UI),도심권
2834,2_home_viewed,home_viewed,A(기존 UI),도심권
2835,1_app_opened,app_opened,A(기존 UI),도심권
2835,2_home_viewed,home_viewed,A(기존 UI),도심권
2835,3_cart_interacted,cart_interacted,A(기존 UI),도심권
2836,1_app_opened,app_opened,B(개선 UI),도심권
2836,2_home_viewed,home_viewed,B(개선 UI),도심권
2836,3_cart_interacted,cart_interacted,B(개선 UI),도심권
2836,4_purchase_completed,purchase_completed,B(개선 UI),도심권
2837,1_app_opened,app_opened,B(개선 UI),외곽 주거지(초월읍 등)
2838,1_app_opened,app_opened,A(기존 UI),도심권
2838,2_home_viewed,home_viewed,A(기존 UI),도심권
2839,1_app_opened,app_opened,B(개선 UI),도심권
2839,2_home_viewed,home_viewed,B(개선 UI),도심권
2840,1_app_opened,app_opened,A(기존 UI),도심권
2841,1_app_opened,app_opened,A(기존 UI),외곽 주거지(초월읍 등)
2842,1_app_opened,app_opened,B(개선 UI),도심권
2842,2_home_viewed,home_viewed,B(개선 UI),도심권
2842,3_cart_interacted,cart_interacted,B(개선 UI),도심권
2843,1_app_opened,app_opened,B(개선 UI),도심권
2843,2_home_viewed,home_viewed,B(개선 UI),도심권
2844,1_app_opened,app_opened,B(개선 UI),도심권
2844,2_home_viewed,home_viewed,B(개선 UI),도심권
2845,1_app_opened,app_opened,B(개선 UI),도심권
2846,1_app_opened,app_opened,A(기존 UI),도심권
2847,1_app_opened,app_opened,B(개선 UI),외곽 주거지(초월읍 등)
2847,2_home_viewed,home_viewed,B(개선 UI),외곽 주거지(초월읍 등)
2848,1_app_opened,app_opened,A(기존 UI),외곽 주거지(초월읍 등)
2849,1_app_opened,app_opened,B(개선 UI),도심권
2849,2_home_viewed,home_viewed,B(개선 UI),도심권
2850,1_app_opened,app_opened,A(기존 UI),도심권
2851,1_app_opened,app_opened,B(개선 UI),도심권
2852,1_app_opened,app_opened,A(기존 UI),도심권
2852,2_home_viewed,home_viewed,A(기존 UI),도심권
2853,1_app_opened,app_opened,A(기존 UI),외곽 주거지(초월읍 등)
2854,1_app_opened,app_opened,B(개선 UI),도심권
2855,1_app_opened,app_opened,A(기존 UI),도심권
2856,1_app_opened,app_opened,B(개선 UI),도심권
2856,2_home_viewed,home_viewed,B(개선 UI),도심권
2857,1_app_opened,app_opened,A(기존 UI),외곽 주거지(초월읍 등)
2858,1_app_opened,app_opened,A(기존 UI),도심권
2859,1_app_opened,app_opened,A(기존 UI),도심권
2860,1_app_opened,app_opened,A(기존 UI),도심권
2861,1_app_opened,app_opened,B(개선 UI),도심권
2861,2_home_viewed,home_viewed,B(개선 UI),도심권
2861,3_cart_interacted,cart_interacted,B(개선 UI),도심권
2861,4_purchase_completed,purchase_completed,B(개선 UI),도심권
2862,1_app_opened,app_opened,A(기존 UI),외곽 주거지(초월읍 등)
2863,1_app_opened,app_opened,B(개선 UI),도심권
2863,2_home_viewed,home_viewed,B(개선 UI),도심권
2864,1_app_opened,app_opened,B(개선 UI),도심권
2865,1_app_opened,app_opened,A(기존 UI),도심권
2866,1_app_opened,app_opened,B(개선 UI),외곽 주거지(초월읍 등)
2866,2_home_viewed,home_viewed,B(개선 UI),외곽 주거지(초월읍 등)
2866,3_cart_interacted,cart_interacted,B(개선 UI),외곽 주거지(초월읍 등)
2867,1_app_opened,app_opened,B(개선 UI),도심권
2868,1_app_opened,app_opened,B(개선 UI),도심권
2868,2_home_viewed,home_viewed,B(개선 UI),도심권
2868,3_cart_interacted,cart_interacted,B(개선 UI),도심권
2868,4_purchase_completed,purchase_completed,B(개선 UI),도심권
2869,1_app_opened,app_opened,A(기존 UI),도심권
2870,1_app_opened,app_opened,A(기존 UI),도심권
2871,1_app_opened,app_opened,B(개선 UI),외곽 주거지(초월읍 등)
2871,2_home_viewed,home_viewed,B(개선 UI),외곽 주거지(초월읍 등)
2872,1_app_opened,app_opened,B(개선 UI),외곽 주거지(초월읍 등)
2872,2_home_viewed,home_viewed,B(개선 UI),외곽 주거지(초월읍 등)
2873,1_app_opened,app_opened,B(개선 UI),도심권
2873,2_home_viewed,home_viewed,B(개선 UI),도심권
2873,3_cart_interacted,cart_interacted,B(개선 UI),도심권
2874,1_app_opened,app_opened,A(기존 UI),도심권
2875,1_app_opened,app_opened,B(개선 UI),외곽 주거지(초월읍 등)
2875,2_home_viewed,home_viewed,B(개선 UI),외곽 주거지(초월읍 등)
2875,3_cart_interacted,cart_interacted,B(개선 UI),외곽 주거지(초월읍 등)
2876,1_app_opened,app_opened,A(기존 UI),도심권
2877,1_app_opened,app_opened,A(기존 UI),도심권
2878,1_app_opened,app_opened,A(기존 UI),도심권
2879,1_app_opened,app_opened,B(개선 UI),도심권
2880,1_app_opened,app_opened,A(기존 UI),도심권
2881,1_app_opened,app_opened,A(기존 UI),외곽 주거지(초월읍 등)
2882,1_app_opened,app_opened,B(개선 UI),외곽 주거지(초월읍 등)
2883,1_app_opened,app_opened,A(기존 UI),도심권
2884,1_app_opened,app_opened,A(기존 UI),도심권
2885,1_app_opened,app_opened,A(기존 UI),도심권
2886,1_app_opened,app_opened,B(개선 UI),도심권
2886,2_home_viewed,home_viewed,B(개선 UI),도심권
2886,3_cart_interacted,cart_interacted,B(개선 UI),도심권
2887,1_app_opened,app_opened,B(개선 UI),도심권
2888,1_app_opened,app_opened,A(기존 UI),도심권
2889,1_app_opened,app_opened,B(개선 UI),외곽 주거지(초월읍 등)
2890,1_app_opened,app_opened,B(개선 UI),외곽 주거지(초월읍 등)
2890,2_home_viewed,home_viewed,B(개선 UI),외곽 주거지(초월읍 등)
2890,3_cart_interacted,cart_interacted,B(개선 UI),외곽 주거지(초월읍 등)
2890,4_purchase_completed,purchase_completed,B(개선 UI),외곽 주거지(초월읍 등)
2891,1_app_opened,app_opened,A(기존 UI),도심권
2892,1_app_opened,app_opened,B(개선 UI),도심권
2892,2_home_viewed,home_viewed,B(개선 UI),도심권
2892,3_cart_interacted,cart_interacted,B(개선 UI),도심권
2892,4_purchase_completed,purchase_completed,B(개선 UI),도심권
2893,1_app_opened,app_opened,B(개선 UI),도심권
2894,1_app_opened,app_opened,B(개선 UI),외곽 주거지(초월읍 등)
2895,1_app_opened,app_opened,A(기존 UI),도심권
2896,1_app_opened,app_opened,B(개선 UI),도심권
2896,2_home_viewed,home_viewed,B(개선 UI),도심권
2897,1_app_opened,app_opened,B(개선 UI),도심권
2897,2_home_viewed,home_viewed,B(개선 UI),도심권
2897,3_cart_interacted,cart_interacted,B(개선 UI),도심권
2898,1_app_opened,app_opened,A(기존 UI),외곽 주거지(초월읍 등)
2899,1_app_opened,app_opened,A(기존 UI),외곽 주거지(초월읍 등)
2900,1_app_opened,app_opened,A(기존 UI),도심권
2901,1_app_opened,app_opened,A(기존 UI),외곽 주거지(초월읍 등)
2902,1_app_opened,app_opened,B(개선 UI),도심권
2903,1_app_opened,app_opened,A(기존 UI),도심권
2904,1_app_opened,app_opened,A(기존 UI),외곽 주거지(초월읍 등)
2904,2_home_viewed,home_viewed,A(기존 UI),외곽 주거지(초월읍 등)
2905,1_app_opened,app_opened,B(개선 UI),외곽 주거지(초월읍 등)
2905,2_home_viewed,home_viewed,B(개선 UI),외곽 주거지(초월읍 등)
2906,1_app_opened,app_opened,A(기존 UI),도심권
2906,2_home_viewed,home_viewed,A(기존 UI),도심권
2907,1_app_opened,app_opened,B(개선 UI),도심권
2908,1_app_opened,app_opened,A(기존 UI),외곽 주거지(초월읍 등)
2909,1_app_opened,app_opened,A(기존 UI),외곽 주거지(초월읍 등)
2909,2_home_viewed,home_viewed,A(기존 UI),외곽 주거지(초월읍 등)
2910,1_app_opened,app_opened,A(기존 UI),외곽 주거지(초월읍 등)
2911,1_app_opened,app_opened,A(기존 UI),도심권
2912,1_app_opened,app_opened,A(기존 UI),외곽 주거지(초월읍 등)
2913,1_app_opened,app_opened,B(개선 UI),외곽 주거지(초월읍 등)
2914,1_app_opened,app_opened,B(개선 UI),도심권
2914,2_home_viewed,home_viewed,B(개선 UI),도심권
2915,1_app_opened,app_opened,A(기존 UI),외곽 주거지(초월읍 등)
2916,1_app_opened,app_opened,B(개선 UI),도심권
2916,2_home_viewed,home_viewed,B(개선 UI),도심권
2917,1_app_opened,app_opened,B(개선 UI),도심권
2917,2_home_viewed,home_viewed,B(개선 UI),도심권
2918,1_app_opened,app_opened,B(개선 UI),도심권
2918,2_home_viewed,home_viewed,B(개선 UI),도심권
2918,3_cart_interacted,cart_interacted,B(개선 UI),도심권
2919,1_app_opened,app_opened,A(기존 UI),도심권
2919,2_home_viewed,home_viewed,A(기존 UI),도심권
2920,1_app_opened,app_opened,A(기존 UI),도심권
2921,1_app_opened,app_opened,A(기존 UI),외곽 주거지(초월읍 등)
2922,1_app_opened,app_opened,B(개선 UI),도심권
2923,1_app_opened,app_opened,B(개선 UI),도심권
2923,2_home_viewed,home_viewed,B(개선 UI),도심권
2924,1_app_opened,app_opened,A(기존 UI),외곽 주거지(초월읍 등)
2925,1_app_opened,app_opened,A(기존 UI),도심권
2926,1_app_opened,app_opened,B(개선 UI),도심권
2926,2_home_viewed,home_viewed,B(개선 UI),도심권
2927,1_app_opened,app_opened,B(개선 UI),도심권
2927,2_home_viewed,home_viewed,B(개선 UI),도심권
2927,3_cart_interacted,cart_interacted,B(개선 UI),도심권
2927,4_purchase_completed,purchase_completed,B(개선 UI),도심권
2928,1_app_opened,app_opened,B(개선 UI),도심권
2928,2_home_viewed,home_viewed,B(개선 UI),도심권
2929,1_app_opened,app_opened,B(개선 UI),도심권
2929,2_home_viewed,home_viewed,B(개선 UI),도심권
2929,3_cart_interacted,cart_interacted,B(개선 UI),도심권
2930,1_app_opened,app_opened,A(기존 UI),외곽 주거지(초월읍 등)
2931,1_app_opened,app_opened,B(개선 UI),도심권
2931,2_home_viewed,home_viewed,B(개선 UI),도심권
2931,3_cart_interacted,cart_interacted,B(개선 UI),도심권
2931,4_purchase_completed,purchase_completed,B(개선 UI),도심권
2932,1_app_opened,app_opened,B(개선 UI),외곽 주거지(초월읍 등)
2932,2_home_viewed,home_viewed,B(개선 UI),외곽 주거지(초월읍 등)
2932,3_cart_interacted,cart_interacted,B(개선 UI),외곽 주거지(초월읍 등)
2933,1_app_opened,app_opened,A(기존 UI),도심권
2934,1_app_opened,app_opened,B(개선 UI),도심권
2935,1_app_opened,app_opened,B(개선 UI),도심권
2936,1_app_opened,app_opened,A(기존 UI),외곽 주거지(초월읍 등)
2936,2_home_viewed,home_viewed,A(기존 UI),외곽 주거지(초월읍 등)
2937,1_app_opened,app_opened,B(개선 UI),도심권
2938,1_app_opened,app_opened,B(개선 UI),도심권
2939,1_app_opened,app_opened,B(개선 UI),도심권
2939,2_home_viewed,home_viewed,B(개선 UI),도심권
2939,3_cart_interacted,cart_interacted,B(개선 UI),도심권
2940,1_app_opened,app_opened,A(기존 UI),도심권
2941,1_app_opened,app_opened,A(기존 UI),도심권
2942,1_app_opened,app_opened,B(개선 UI),도심권
2943,1_app_opened,app_opened,A(기존 UI),도심권
2944,1_app_opened,app_opened,B(개선 UI),외곽 주거지(초월읍 등)
2944,2_home_viewed,home_viewed,B(개선 UI),외곽 주거지(초월읍 등)
2945,1_app_opened,app_opened,B(개선 UI),도심권
2945,2_home_viewed,home_viewed,B(개선 UI),도심권
2945,3_cart_interacted,cart_interacted,B(개선 UI),도심권
2946,1_app_opened,app_opened,A(기존 UI),도심권
2947,1_app_opened,app_opened,B(개선 UI),도심권
2947,2_home_viewed,home_viewed,B(개선 UI),도심권
2947,3_cart_interacted,cart_interacted,B(개선 UI),도심권
2948,1_app_opened,app_opened,B(개선 UI),도심권
2948,2_home_viewed,home_viewed,B(개선 UI),도심권
2948,3_cart_interacted,cart_interacted,B(개선 UI),도심권
2948,4_purchase_completed,purchase_completed,B(개선 UI),도심권
2949,1_app_opened,app_opened,A(기존 UI),외곽 주거지(초월읍 등)
2950,1_app_opened,app_opened,B(개선 UI),도심권
2950,2_home_viewed,home_viewed,B(개선 UI),도심권
2951,1_app_opened,app_opened,B(개선 UI),도심권
2952,1_app_opened,app_opened,B(개선 UI),외곽 주거지(초월읍 등)
2952,2_home_viewed,home_viewed,B(개선 UI),외곽 주거지(초월읍 등)
2952,3_cart_interacted,cart_interacted,B(개선 UI),외곽 주거지(초월읍 등)
2952,4_purchase_completed,purchase_completed,B(개선 UI),외곽 주거지(초월읍 등)
2953,1_app_opened,app_opened,B(개선 UI),도심권
2953,2_home_viewed,home_viewed,B(개선 UI),도심권
2953,3_cart_interacted,cart_interacted,B(개선 UI),도심권
2953,4_purchase_completed,purchase_completed,B(개선 UI),도심권
2954,1_app_opened,app_opened,A(기존 UI),도심권
2954,2_home_viewed,home_viewed,A(기존 UI),도심권
2955,1_app_opened,app_opened,B(개선 UI),도심권
2955,2_home_viewed,home_viewed,B(개선 UI),도심권
2955,3_cart_interacted,cart_interacted,B(개선 UI),도심권
2955,4_purchase_completed,purchase_completed,B(개선 UI),도심권
2956,1_app_opened,app_opened,B(개선 UI),외곽 주거지(초월읍 등)
2957,1_app_opened,app_opened,B(개선 UI),외곽 주거지(초월읍 등)
2958,1_app_opened,app_opened,B(개선 UI),외곽 주거지(초월읍 등)
2958,2_home_viewed,home_viewed,B(개선 UI),외곽 주거지(초월읍 등)
2959,1_app_opened,app_opened,A(기존 UI),도심권
2960,1_app_opened,app_opened,B(개선 UI),외곽 주거지(초월읍 등)
2960,2_home_viewed,home_viewed,B(개선 UI),외곽 주거지(초월읍 등)
2961,1_app_opened,app_opened,A(기존 UI),도심권
2962,1_app_opened,app_opened,A(기존 UI),도심권
2963,1_app_opened,app_opened,A(기존 UI),외곽 주거지(초월읍 등)
2964,1_app_opened,app_opened,B(개선 UI),도심권
2965,1_app_opened,app_opened,B(개선 UI),도심권
2965,2_home_viewed,home_viewed,B(개선 UI),도심권
2966,1_app_opened,app_opened,B(개선 UI),도심권
2966,2_home_viewed,home_viewed,B(개선 UI),도심권
2967,1_app_opened,app_opened,B(개선 UI),도심권
2967,2_home_viewed,home_viewed,B(개선 UI),도심권
2968,1_app_opened,app_opened,B(개선 UI),외곽 주거지(초월읍 등)
2968,2_home_viewed,home_viewed,B(개선 UI),외곽 주거지(초월읍 등)
2969,1_app_opened,app_opened,B(개선 UI),도심권
2969,2_home_viewed,home_viewed,B(개선 UI),도심권
2970,1_app_opened,app_opened,A(기존 UI),도심권
2970,2_home_viewed,home_viewed,A(기존 UI),도심권
2971,1_app_opened,app_opened,A(기존 UI),도심권
2972,1_app_opened,app_opened,A(기존 UI),외곽 주거지(초월읍 등)
2973,1_app_opened,app_opened,B(개선 UI),외곽 주거지(초월읍 등)
2973,2_home_viewed,home_viewed,B(개선 UI),외곽 주거지(초월읍 등)
2974,1_app_opened,app_opened,B(개선 UI),도심권
2974,2_home_viewed,home_viewed,B(개선 UI),도심권
2974,3_cart_interacted,cart_interacted,B(개선 UI),도심권
2975,1_app_opened,app_opened,A(기존 UI),외곽 주거지(초월읍 등)
2975,2_home_viewed,home_viewed,A(기존 UI),외곽 주거지(초월읍 등)
2976,1_app_opened,app_opened,A(기존 UI),외곽 주거지(초월읍 등)
2977,1_app_opened,app_opened,B(개선 UI),도심권
2977,2_home_viewed,home_viewed,B(개선 UI),도심권
2978,1_app_opened,app_opened,A(기존 UI),도심권
2978,2_home_viewed,home_viewed,A(기존 UI),도심권
2979,1_app_opened,app_opened,B(개선 UI),도심권
2979,2_home_viewed,home_viewed,B(개선 UI),도심권
2980,1_app_opened,app_opened,B(개선 UI),외곽 주거지(초월읍 등)
2981,1_app_opened,app_opened,A(기존 UI),도심권
2982,1_app_opened,app_opened,A(기존 UI),도심권
2983,1_app_opened,app_opened,B(개선 UI),도심권
2984,1_app_opened,app_opened,B(개선 UI),외곽 주거지(초월읍 등)
2985,1_app_opened,app_opened,B(개선 UI),도심권
2985,2_home_viewed,home_viewed,B(개선 UI),도심권
2985,3_cart_interacted,cart_interacted,B(개선 UI),도심권
2985,4_purchase_completed,purchase_completed,B(개선 UI),도심권
2986,1_app_opened,app_opened,B(개선 UI),외곽 주거지(초월읍 등)
2986,2_home_viewed,home_viewed,B(개선 UI),외곽 주거지(초월읍 등)
2987,1_app_opened,app_opened,A(기존 UI),외곽 주거지(초월읍 등)
2988,1_app_opened,app_opened,B(개선 UI),도심권
2988,2_home_viewed,home_viewed,B(개선 UI),도심권
2989,1_app_opened,app_opened,B(개선 UI),도심권
2989,2_home_viewed,home_viewed,B(개선 UI),도심권
2989,3_cart_interacted,cart_interacted,B(개선 UI),도심권
2990,1_app_opened,app_opened,B(개선 UI),도심권
2990,2_home_viewed,home_viewed,B(개선 UI),도심권
2991,1_app_opened,app_opened,A(기존 UI),외곽 주거지(초월읍 등)
2991,2_home_viewed,home_viewed,A(기존 UI),외곽 주거지(초월읍 등)
2992,1_app_opened,app_opened,B(개선 UI),도심권
2992,2_home_viewed,home_viewed,B(개선 UI),도심권
2992,3_cart_interacted,cart_interacted,B(개선 UI),도심권
2993,1_app_opened,app_opened,B(개선 UI),도심권
2993,2_home_viewed,home_viewed,B(개선 UI),도심권
2994,1_app_opened,app_opened,A(기존 UI),도심권
2995,1_app_opened,app_opened,A(기존 UI),도심권
2996,1_app_opened,app_opened,B(개선 UI),외곽 주거지(초월읍 등)
2996,2_home_viewed,home_viewed,B(개선 UI),외곽 주거지(초월읍 등)
2996,3_cart_interacted,cart_interacted,B(개선 UI),외곽 주거지(초월읍 등)
2997,1_app_opened,app_opened,A(기존 UI),도심권
2998,1_app_opened,app_opened,A(기존 UI),외곽 주거지(초월읍 등)
2998,2_home_viewed,home_viewed,A(기존 UI),외곽 주거지(초월읍 등)
2999,1_app_opened,app_opened,A(기존 UI),도심권
3000,1_app_opened,app_opened,B(개선 UI),도심권
3000,2_home_viewed,home_viewed,B(개선 UI),도심권
3000,3_cart_interacted,cart_interacted,B(개선 UI),도심권
3001,1_app_opened,app_opened,B(개선 UI),외곽 주거지(초월읍 등)
3001,2_home_viewed,home_viewed,B(개선 UI),외곽 주거지(초월읍 등)
3002,1_app_opened,app_opened,B(개선 UI),도심권
3003,1_app_opened,app_opened,A(기존 UI),외곽 주거지(초월읍 등)
3004,1_app_opened,app_opened,B(개선 UI),도심권
3005,1_app_opened,app_opened,B(개선 UI),도심권
3006,1_app_opened,app_opened,B(개선 UI),도심권
3006,2_home_viewed,home_viewed,B(개선 UI),도심권
3006,3_cart_interacted,cart_interacted,B(개선 UI),도심권
3007,1_app_opened,app_opened,B(개선 UI),외곽 주거지(초월읍 등)
3008,1_app_opened,app_opened,A(기존 UI),외곽 주거지(초월읍 등)
3009,1_app_opened,app_opened,B(개선 UI),도심권
3010,1_app_opened,app_opened,A(기존 UI),도심권
3011,1_app_opened,app_opened,B(개선 UI),도심권
3011,2_home_viewed,home_viewed,B(개선 UI),도심권
3012,1_app_opened,app_opened,A(기존 UI),도심권
3013,1_app_opened,app_opened,A(기존 UI),외곽 주거지(초월읍 등)
3014,1_app_opened,app_opened,A(기존 UI),도심권
3015,1_app_opened,app_opened,B(개선 UI),외곽 주거지(초월읍 등)
3016,1_app_opened,app_opened,A(기존 UI),도심권
3017,1_app_opened,app_opened,B(개선 UI),외곽 주거지(초월읍 등)
3017,2_home_viewed,home_viewed,B(개선 UI),외곽 주거지(초월읍 등)
3017,3_cart_interacted,cart_interacted,B(개선 UI),외곽 주거지(초월읍 등)
3018,1_app_opened,app_opened,A(기존 UI),도심권
3018,2_home_viewed,home_viewed,A(기존 UI),도심권
3019,1_app_opened,app_opened,A(기존 UI),도심권
3020,1_app_opened,app_opened,B(개선 UI),외곽 주거지(초월읍 등)
3020,2_home_viewed,home_viewed,B(개선 UI),외곽 주거지(초월읍 등)
3021,1_app_opened,app_opened,A(기존 UI),도심권
3022,1_app_opened,app_opened,A(기존 UI),외곽 주거지(초월읍 등)
3023,1_app_opened,app_opened,B(개선 UI),외곽 주거지(초월읍 등)
3023,2_home_viewed,home_viewed,B(개선 UI),외곽 주거지(초월읍 등)
3023,3_cart_interacted,cart_interacted,B(개선 UI),외곽 주거지(초월읍 등)
3024,1_app_opened,app_opened,A(기존 UI),도심권
3024,2_home_viewed,home_viewed,A(기존 UI),도심권
3025,1_app_opened,app_opened,A(기존 UI),도심권
3026,1_app_opened,app_opened,A(기존 UI),도심권
3027,1_app_opened,app_opened,B(개선 UI),도심권
3028,1_app_opened,app_opened,B(개선 UI),도심권
3028,2_home_viewed,home_viewed,B(개선 UI),도심권
3029,1_app_opened,app_opened,B(개선 UI),도심권
3030,1_app_opened,app_opened,B(개선 UI),도심권
3031,1_app_opened,app_opened,A(기존 UI),도심권
3032,1_app_opened,app_opened,A(기존 UI),도심권
3033,1_app_opened,app_opened,B(개선 UI),도심권
3033,2_home_viewed,home_viewed,B(개선 UI),도심권
3034,1_app_opened,app_opened,A(기존 UI),도심권
3035,1_app_opened,app_opened,A(기존 UI),도심권
3036,1_app_opened,app_opened,A(기존 UI),도심권
3037,1_app_opened,app_opened,A(기존 UI),도심권
3038,1_app_opened,app_opened,B(개선 UI),도심권
3038,2_home_viewed,home_viewed,B(개선 UI),도심권
3039,1_app_opened,app_opened,A(기존 UI),도심권
3040,1_app_opened,app_opened,B(개선 UI),외곽 주거지(초월읍 등)
3040,2_home_viewed,home_viewed,B(개선 UI),외곽 주거지(초월읍 등)
3040,3_cart_interacted,cart_interacted,B(개선 UI),외곽 주거지(초월읍 등)
3041,1_app_opened,app_opened,A(기존 UI),도심권
3042,1_app_opened,app_opened,B(개선 UI),도심권
3043,1_app_opened,app_opened,A(기존 UI),외곽 주거지(초월읍 등)
3044,1_app_opened,app_opened,A(기존 UI),외곽 주거지(초월읍 등)
3045,1_app_opened,app_opened,B(개선 UI),도심권
3046,1_app_opened,app_opened,B(개선 UI),도심권
3046,2_home_viewed,home_viewed,B(개선 UI),도심권
3047,1_app_opened,app_opened,A(기존 UI),도심권
3048,1_app_opened,app_opened,A(기존 UI),도심권
3048,2_home_viewed,home_viewed,A(기존 UI),도심권
3049,1_app_opened,app_opened,A(기존 UI),외곽 주거지(초월읍 등)
3050,1_app_opened,app_opened,A(기존 UI),도심권
3051,1_app_opened,app_opened,A(기존 UI),외곽 주거지(초월읍 등)
3051,2_home_viewed,home_viewed,A(기존 UI),외곽 주거지(초월읍 등)
3052,1_app_opened,app_opened,A(기존 UI),도심권
3052,2_home_viewed,home_viewed,A(기존 UI),도심권
3053,1_app_opened,app_opened,A(기존 UI),외곽 주거지(초월읍 등)
3054,1_app_opened,app_opened,A(기존 UI),도심권
3054,2_home_viewed,home_viewed,A(기존 UI),도심권
3055,1_app_opened,app_opened,B(개선 UI),도심권
3055,2_home_viewed,home_viewed,B(개선 UI),도심권
3056,1_app_opened,app_opened,B(개선 UI),도심권
3056,2_home_viewed,home_viewed,B(개선 UI),도심권
3057,1_app_opened,app_opened,B(개선 UI),도심권
3057,2_home_viewed,home_viewed,B(개선 UI),도심권
3057,3_cart_interacted,cart_interacted,B(개선 UI),도심권
3057,4_purchase_completed,purchase_completed,B(개선 UI),도심권
3058,1_app_opened,app_opened,A(기존 UI),도심권
3058,2_home_viewed,home_viewed,A(기존 UI),도심권
3058,3_cart_interacted,cart_interacted,A(기존 UI),도심권
3059,1_app_opened,app_opened,A(기존 UI),외곽 주거지(초월읍 등)
3059,2_home_viewed,home_viewed,A(기존 UI),외곽 주거지(초월읍 등)
3060,1_app_opened,app_opened,B(개선 UI),도심권
3060,2_home_viewed,home_viewed,B(개선 UI),도심권
3061,1_app_opened,app_opened,A(기존 UI),외곽 주거지(초월읍 등)
3062,1_app_opened,app_opened,A(기존 UI),도심권
3062,2_home_viewed,home_viewed,A(기존 UI),도심권
3062,3_cart_interacted,cart_interacted,A(기존 UI),도심권
3063,1_app_opened,app_opened,B(개선 UI),도심권
3063,2_home_viewed,home_viewed,B(개선 UI),도심권
3064,1_app_opened,app_opened,B(개선 UI),외곽 주거지(초월읍 등)
3064,2_home_viewed,home_viewed,B(개선 UI),외곽 주거지(초월읍 등)
3065,1_app_opened,app_opened,B(개선 UI),도심권
3066,1_app_opened,app_opened,A(기존 UI),도심권
3067,1_app_opened,app_opened,A(기존 UI),도심권
3067,2_home_viewed,home_viewed,A(기존 UI),도심권
3068,1_app_opened,app_opened,B(개선 UI),도심권
3068,2_home_viewed,home_viewed,B(개선 UI),도심권
3069,1_app_opened,app_opened,A(기존 UI),외곽 주거지(초월읍 등)
3069,2_home_viewed,home_viewed,A(기존 UI),외곽 주거지(초월읍 등)
3070,1_app_opened,app_opened,B(개선 UI),도심권
3070,2_home_viewed,home_viewed,B(개선 UI),도심권
3070,3_cart_interacted,cart_interacted,B(개선 UI),도심권
3070,4_purchase_completed,purchase_completed,B(개선 UI),도심권
3071,1_app_opened,app_opened,B(개선 UI),도심권
3071,2_home_viewed,home_viewed,B(개선 UI),도심권
3071,3_cart_interacted,cart_interacted,B(개선 UI),도심권
3071,4_purchase_completed,purchase_completed,B(개선 UI),도심권
3072,1_app_opened,app_opened,B(개선 UI),외곽 주거지(초월읍 등)
3073,1_app_opened,app_opened,A(기존 UI),도심권
3074,1_app_opened,app_opened,A(기존 UI),도심권
3075,1_app_opened,app_opened,B(개선 UI),외곽 주거지(초월읍 등)
3075,2_home_viewed,home_viewed,B(개선 UI),외곽 주거지(초월읍 등)
3075,3_cart_interacted,cart_interacted,B(개선 UI),외곽 주거지(초월읍 등)
3075,4_purchase_completed,purchase_completed,B(개선 UI),외곽 주거지(초월읍 등)
3076,1_app_opened,app_opened,B(개선 UI),도심권
3077,1_app_opened,app_opened,B(개선 UI),외곽 주거지(초월읍 등)
3077,2_home_viewed,home_viewed,B(개선 UI),외곽 주거지(초월읍 등)
3078,1_app_opened,app_opened,A(기존 UI),도심권
3079,1_app_opened,app_opened,A(기존 UI),외곽 주거지(초월읍 등)
3080,1_app_opened,app_opened,B(개선 UI),외곽 주거지(초월읍 등)
3080,2_home_viewed,home_viewed,B(개선 UI),외곽 주거지(초월읍 등)
3080,3_cart_interacted,cart_interacted,B(개선 UI),외곽 주거지(초월읍 등)
3081,1_app_opened,app_opened,B(개선 UI),도심권
3082,1_app_opened,app_opened,B(개선 UI),도심권
3083,1_app_opened,app_opened,A(기존 UI),도심권
3084,1_app_opened,app_opened,B(개선 UI),외곽 주거지(초월읍 등)
3084,2_home_viewed,home_viewed,B(개선 UI),외곽 주거지(초월읍 등)
3085,1_app_opened,app_opened,B(개선 UI),도심권
3085,2_home_viewed,home_viewed,B(개선 UI),도심권
3086,1_app_opened,app_opened,B(개선 UI),도심권
3086,2_home_viewed,home_viewed,B(개선 UI),도심권
3086,3_cart_interacted,cart_interacted,B(개선 UI),도심권
3087,1_app_opened,app_opened,A(기존 UI),도심권
3088,1_app_opened,app_opened,A(기존 UI),외곽 주거지(초월읍 등)
3089,1_app_opened,app_opened,B(개선 UI),도심권
3089,2_home_viewed,home_viewed,B(개선 UI),도심권
3090,1_app_opened,app_opened,A(기존 UI),도심권
3091,1_app_opened,app_opened,A(기존 UI),도심권
3091,2_home_viewed,home_viewed,A(기존 UI),도심권
3092,1_app_opened,app_opened,B(개선 UI),도심권
3092,2_home_viewed,home_viewed,B(개선 UI),도심권
3093,1_app_opened,app_opened,A(기존 UI),도심권
3094,1_app_opened,app_opened,B(개선 UI),도심권
3094,2_home_viewed,home_viewed,B(개선 UI),도심권
3094,3_cart_interacted,cart_interacted,B(개선 UI),도심권
3094,4_purchase_completed,purchase_completed,B(개선 UI),도심권
3095,1_app_opened,app_opened,A(기존 UI),외곽 주거지(초월읍 등)
3096,1_app_opened,app_opened,B(개선 UI),외곽 주거지(초월읍 등)
3097,1_app_opened,app_opened,B(개선 UI),도심권
3097,2_home_viewed,home_viewed,B(개선 UI),도심권
3098,1_app_opened,app_opened,A(기존 UI),도심권
3098,2_home_viewed,home_viewed,A(기존 UI),도심권
3099,1_app_opened,app_opened,A(기존 UI),도심권
3100,1_app_opened,app_opened,A(기존 UI),도심권
3101,1_app_opened,app_opened,A(기존 UI),도심권
3102,1_app_opened,app_opened,B(개선 UI),도심권
3103,1_app_opened,app_opened,B(개선 UI),도심권
3103,2_home_viewed,home_viewed,B(개선 UI),도심권
3104,1_app_opened,app_opened,A(기존 UI),외곽 주거지(초월읍 등)
3105,1_app_opened,app_opened,A(기존 UI),외곽 주거지(초월읍 등)
3106,1_app_opened,app_opened,A(기존 UI),도심권
3107,1_app_opened,app_opened,B(개선 UI),도심권
3108,1_app_opened,app_opened,A(기존 UI),외곽 주거지(초월읍 등)
3108,2_home_viewed,home_viewed,A(기존 UI),외곽 주거지(초월읍 등)
3109,1_app_opened,app_opened,B(개선 UI),외곽 주거지(초월읍 등)
3110,1_app_opened,app_opened,B(개선 UI),도심권
3110,2_home_viewed,home_viewed,B(개선 UI),도심권
3110,3_cart_interacted,cart_interacted,B(개선 UI),도심권
3111,1_app_opened,app_opened,B(개선 UI),도심권
3111,2_home_viewed,home_viewed,B(개선 UI),도심권
3112,1_app_opened,app_opened,A(기존 UI),도심권
3112,2_home_viewed,home_viewed,A(기존 UI),도심권
3113,1_app_opened,app_opened,B(개선 UI),도심권
3113,2_home_viewed,home_viewed,B(개선 UI),도심권
3113,3_cart_interacted,cart_interacted,B(개선 UI),도심권
3113,4_purchase_completed,purchase_completed,B(개선 UI),도심권
3114,1_app_opened,app_opened,A(기존 UI),도심권
3114,2_home_viewed,home_viewed,A(기존 UI),도심권
3115,1_app_opened,app_opened,A(기존 UI),도심권
3116,1_app_opened,app_opened,B(개선 UI),도심권
3117,1_app_opened,app_opened,B(개선 UI),도심권
3117,2_home_viewed,home_viewed,B(개선 UI),도심권
3118,1_app_opened,app_opened,A(기존 UI),도심권
3119,1_app_opened,app_opened,A(기존 UI),외곽 주거지(초월읍 등)
3120,1_app_opened,app_opened,A(기존 UI),도심권
3121,1_app_opened,app_opened,A(기존 UI),도심권
3122,1_app_opened,app_opened,A(기존 UI),도심권
3123,1_app_opened,app_opened,A(기존 UI),도심권
3124,1_app_opened,app_opened,A(기존 UI),도심권
3124,2_home_viewed,home_viewed,A(기존 UI),도심권
3125,1_app_opened,app_opened,B(개선 UI),도심권
3125,2_home_viewed,home_viewed,B(개선 UI),도심권
3125,3_cart_interacted,cart_interacted,B(개선 UI),도심권
3126,1_app_opened,app_opened,B(개선 UI),도심권
3127,1_app_opened,app_opened,B(개선 UI),도심권
3127,2_home_viewed,home_viewed,B(개선 UI),도심권
3128,1_app_opened,app_opened,A(기존 UI),도심권
3129,1_app_opened,app_opened,B(개선 UI),외곽 주거지(초월읍 등)
3130,1_app_opened,app_opened,B(개선 UI),도심권
3131,1_app_opened,app_opened,B(개선 UI),도심권
3131,2_home_viewed,home_viewed,B(개선 UI),도심권
3131,3_cart_interacted,cart_interacted,B(개선 UI),도심권
3131,4_purchase_completed,purchase_completed,B(개선 UI),도심권
3132,1_app_opened,app_opened,B(개선 UI),도심권
3133,1_app_opened,app_opened,B(개선 UI),도심권
3134,1_app_opened,app_opened,B(개선 UI),도심권
3134,2_home_viewed,home_viewed,B(개선 UI),도심권
3135,1_app_opened,app_opened,A(기존 UI),도심권
3136,1_app_opened,app_opened,B(개선 UI),외곽 주거지(초월읍 등)
3136,2_home_viewed,home_viewed,B(개선 UI),외곽 주거지(초월읍 등)
3137,1_app_opened,app_opened,B(개선 UI),외곽 주거지(초월읍 등)
3138,1_app_opened,app_opened,B(개선 UI),도심권
3139,1_app_opened,app_opened,B(개선 UI),외곽 주거지(초월읍 등)
3139,2_home_viewed,home_viewed,B(개선 UI),외곽 주거지(초월읍 등)
3140,1_app_opened,app_opened,A(기존 UI),도심권
3141,1_app_opened,app_opened,A(기존 UI),외곽 주거지(초월읍 등)
3141,2_home_viewed,home_viewed,A(기존 UI),외곽 주거지(초월읍 등)
3142,1_app_opened,app_opened,B(개선 UI),도심권
3143,1_app_opened,app_opened,B(개선 UI),도심권
3143,2_home_viewed,home_viewed,B(개선 UI),도심권
3144,1_app_opened,app_opened,B(개선 UI),도심권
3145,1_app_opened,app_opened,A(기존 UI),도심권
3146,1_app_opened,app_opened,A(기존 UI),외곽 주거지(초월읍 등)
3147,1_app_opened,app_opened,B(개선 UI),외곽 주거지(초월읍 등)
3148,1_app_opened,app_opened,B(개선 UI),도심권
3148,2_home_viewed,home_viewed,B(개선 UI),도심권
3148,3_cart_interacted,cart_interacted,B(개선 UI),도심권
3149,1_app_opened,app_opened,B(개선 UI),외곽 주거지(초월읍 등)
3150,1_app_opened,app_opened,A(기존 UI),외곽 주거지(초월읍 등)
3151,1_app_opened,app_opened,B(개선 UI),도심권
3152,1_app_opened,app_opened,A(기존 UI),도심권
3153,1_app_opened,app_opened,B(개선 UI),도심권
3153,2_home_viewed,home_viewed,B(개선 UI),도심권
3154,1_app_opened,app_opened,A(기존 UI),도심권
3155,1_app_opened,app_opened,A(기존 UI),도심권
3156,1_app_opened,app_opened,B(개선 UI),도심권
3157,1_app_opened,app_opened,B(개선 UI),도심권
3157,2_home_viewed,home_viewed,B(개선 UI),도심권
3158,1_app_opened,app_opened,A(기존 UI),도심권
3158,2_home_viewed,home_viewed,A(기존 UI),도심권
3159,1_app_opened,app_opened,B(개선 UI),외곽 주거지(초월읍 등)
3160,1_app_opened,app_opened,A(기존 UI),도심권
3161,1_app_opened,app_opened,A(기존 UI),도심권
3162,1_app_opened,app_opened,A(기존 UI),도심권
3163,1_app_opened,app_opened,A(기존 UI),도심권
3164,1_app_opened,app_opened,B(개선 UI),도심권
3164,2_home_viewed,home_viewed,B(개선 UI),도심권
3165,1_app_opened,app_opened,A(기존 UI),도심권
3166,1_app_opened,app_opened,A(기존 UI),도심권
3167,1_app_opened,app_opened,B(개선 UI),도심권
3167,2_home_viewed,home_viewed,B(개선 UI),도심권
3168,1_app_opened,app_opened,A(기존 UI),도심권
3169,1_app_opened,app_opened,B(개선 UI),도심권
3170,1_app_opened,app_opened,A(기존 UI),도심권
3171,1_app_opened,app_opened,B(개선 UI),도심권
3172,1_app_opened,app_opened,A(기존 UI),도심권
3173,1_app_opened,app_opened,A(기존 UI),도심권
3173,2_home_viewed,home_viewed,A(기존 UI),도심권
3174,1_app_opened,app_opened,A(기존 UI),외곽 주거지(초월읍 등)
3174,2_home_viewed,home_viewed,A(기존 UI),외곽 주거지(초월읍 등)
3175,1_app_opened,app_opened,A(기존 UI),도심권
3175,2_home_viewed,home_viewed,A(기존 UI),도심권
3176,1_app_opened,app_opened,A(기존 UI),외곽 주거지(초월읍 등)
3177,1_app_opened,app_opened,B(개선 UI),외곽 주거지(초월읍 등)
3178,1_app_opened,app_opened,B(개선 UI),도심권
3179,1_app_opened,app_opened,B(개선 UI),도심권
3180,1_app_opened,app_opened,B(개선 UI),도심권
3180,2_home_viewed,home_viewed,B(개선 UI),도심권
3181,1_app_opened,app_opened,A(기존 UI),도심권
3182,1_app_opened,app_opened,A(기존 UI),도심권
3183,1_app_opened,app_opened,A(기존 UI),도심권
3184,1_app_opened,app_opened,A(기존 UI),도심권
3185,1_app_opened,app_opened,B(개선 UI),도심권
3185,2_home_viewed,home_viewed,B(개선 UI),도심권
3185,3_cart_interacted,cart_interacted,B(개선 UI),도심권
3185,4_purchase_completed,purchase_completed,B(개선 UI),도심권
3186,1_app_opened,app_opened,B(개선 UI),외곽 주거지(초월읍 등)
3186,2_home_viewed,home_viewed,B(개선 UI),외곽 주거지(초월읍 등)
3187,1_app_opened,app_opened,A(기존 UI),도심권
3188,1_app_opened,app_opened,A(기존 UI),외곽 주거지(초월읍 등)
3189,1_app_opened,app_opened,B(개선 UI),외곽 주거지(초월읍 등)
3190,1_app_opened,app_opened,B(개선 UI),외곽 주거지(초월읍 등)
3191,1_app_opened,app_opened,A(기존 UI),외곽 주거지(초월읍 등)
3192,1_app_opened,app_opened,B(개선 UI),도심권
3192,2_home_viewed,home_viewed,B(개선 UI),도심권
3193,1_app_opened,app_opened,B(개선 UI),도심권
3194,1_app_opened,app_opened,A(기존 UI),도심권
3195,1_app_opened,app_opened,A(기존 UI),도심권
3196,1_app_opened,app_opened,B(개선 UI),외곽 주거지(초월읍 등)
3197,1_app_opened,app_opened,B(개선 UI),외곽 주거지(초월읍 등)
3197,2_home_viewed,home_viewed,B(개선 UI),외곽 주거지(초월읍 등)
3198,1_app_opened,app_opened,B(개선 UI),도심권
3198,2_home_viewed,home_viewed,B(개선 UI),도심권
3199,1_app_opened,app_opened,A(기존 UI),도심권
3200,1_app_opened,app_opened,A(기존 UI),도심권
3201,1_app_opened,app_opened,B(개선 UI),도심권
3201,2_home_viewed,home_viewed,B(개선 UI),도심권
3202,1_app_opened,app_opened,B(개선 UI),도심권
3202,2_home_viewed,home_viewed,B(개선 UI),도심권
3202,3_cart_interacted,cart_interacted,B(개선 UI),도심권
3202,4_purchase_completed,purchase_completed,B(개선 UI),도심권
3203,1_app_opened,app_opened,A(기존 UI),도심권
3204,1_app_opened,app_opened,B(개선 UI),외곽 주거지(초월읍 등)
3205,1_app_opened,app_opened,B(개선 UI),도심권
3205,2_home_viewed,home_viewed,B(개선 UI),도심권
3206,1_app_opened,app_opened,B(개선 UI),외곽 주거지(초월읍 등)
3207,1_app_opened,app_opened,B(개선 UI),도심권
3207,2_home_viewed,home_viewed,B(개선 UI),도심권
3208,1_app_opened,app_opened,B(개선 UI),외곽 주거지(초월읍 등)
3208,2_home_viewed,home_viewed,B(개선 UI),외곽 주거지(초월읍 등)
3209,1_app_opened,app_opened,A(기존 UI),도심권
3210,1_app_opened,app_opened,B(개선 UI),외곽 주거지(초월읍 등)
3211,1_app_opened,app_opened,A(기존 UI),도심권
3211,2_home_viewed,home_viewed,A(기존 UI),도심권
3212,1_app_opened,app_opened,B(개선 UI),도심권
3213,1_app_opened,app_opened,A(기존 UI),도심권
3214,1_app_opened,app_opened,B(개선 UI),외곽 주거지(초월읍 등)
3214,2_home_viewed,home_viewed,B(개선 UI),외곽 주거지(초월읍 등)
3215,1_app_opened,app_opened,A(기존 UI),도심권
3216,1_app_opened,app_opened,A(기존 UI),도심권
3216,2_home_viewed,home_viewed,A(기존 UI),도심권
3217,1_app_opened,app_opened,A(기존 UI),도심권
3218,1_app_opened,app_opened,A(기존 UI),도심권
3219,1_app_opened,app_opened,B(개선 UI),외곽 주거지(초월읍 등)
3219,2_home_viewed,home_viewed,B(개선 UI),외곽 주거지(초월읍 등)
3219,3_cart_interacted,cart_interacted,B(개선 UI),외곽 주거지(초월읍 등)
3220,1_app_opened,app_opened,B(개선 UI),도심권
3221,1_app_opened,app_opened,B(개선 UI),도심권
3222,1_app_opened,app_opened,A(기존 UI),외곽 주거지(초월읍 등)
3223,1_app_opened,app_opened,A(기존 UI),외곽 주거지(초월읍 등)
3223,2_home_viewed,home_viewed,A(기존 UI),외곽 주거지(초월읍 등)
3224,1_app_opened,app_opened,A(기존 UI),외곽 주거지(초월읍 등)
3225,1_app_opened,app_opened,A(기존 UI),도심권
3226,1_app_opened,app_opened,B(개선 UI),도심권
3226,2_home_viewed,home_viewed,B(개선 UI),도심권
3227,1_app_opened,app_opened,A(기존 UI),도심권
3228,1_app_opened,app_opened,A(기존 UI),외곽 주거지(초월읍 등)
3229,1_app_opened,app_opened,A(기존 UI),도심권
3230,1_app_opened,app_opened,A(기존 UI),도심권
3231,1_app_opened,app_opened,B(개선 UI),도심권
3231,2_home_viewed,home_viewed,B(개선 UI),도심권
3232,1_app_opened,app_opened,B(개선 UI),도심권
3233,1_app_opened,app_opened,A(기존 UI),외곽 주거지(초월읍 등)
3234,1_app_opened,app_opened,A(기존 UI),도심권
3235,1_app_opened,app_opened,A(기존 UI),도심권
3235,2_home_viewed,home_viewed,A(기존 UI),도심권
3236,1_app_opened,app_opened,A(기존 UI),외곽 주거지(초월읍 등)
3236,2_home_viewed,home_viewed,A(기존 UI),외곽 주거지(초월읍 등)
3237,1_app_opened,app_opened,A(기존 UI),도심권
3238,1_app_opened,app_opened,B(개선 UI),도심권
3238,2_home_viewed,home_viewed,B(개선 UI),도심권
3239,1_app_opened,app_opened,B(개선 UI),외곽 주거지(초월읍 등)
3239,2_home_viewed,home_viewed,B(개선 UI),외곽 주거지(초월읍 등)
3240,1_app_opened,app_opened,B(개선 UI),외곽 주거지(초월읍 등)
3240,2_home_viewed,home_viewed,B(개선 UI),외곽 주거지(초월읍 등)
3240,3_cart_interacted,cart_interacted,B(개선 UI),외곽 주거지(초월읍 등)
3240,4_purchase_completed,purchase_completed,B(개선 UI),외곽 주거지(초월읍 등)
3241,1_app_opened,app_opened,A(기존 UI),도심권
3242,1_app_opened,app_opened,A(기존 UI),도심권
3243,1_app_opened,app_opened,B(개선 UI),도심권
3243,2_home_viewed,home_viewed,B(개선 UI),도심권
3244,1_app_opened,app_opened,B(개선 UI),외곽 주거지(초월읍 등)
3244,2_home_viewed,home_viewed,B(개선 UI),외곽 주거지(초월읍 등)
3244,3_cart_interacted,cart_interacted,B(개선 UI),외곽 주거지(초월읍 등)
3245,1_app_opened,app_opened,B(개선 UI),외곽 주거지(초월읍 등)
3245,2_home_viewed,home_viewed,B(개선 UI),외곽 주거지(초월읍 등)
3246,1_app_opened,app_opened,A(기존 UI),도심권
3247,1_app_opened,app_opened,B(개선 UI),도심권
3247,2_home_viewed,home_viewed,B(개선 UI),도심권
3247,3_cart_interacted,cart_interacted,B(개선 UI),도심권
3248,1_app_opened,app_opened,A(기존 UI),도심권
3249,1_app_opened,app_opened,B(개선 UI),도심권
3249,2_home_viewed,home_viewed,B(개선 UI),도심권
3250,1_app_opened,app_opened,B(개선 UI),도심권
3250,2_home_viewed,home_viewed,B(개선 UI),도심권
3251,1_app_opened,app_opened,B(개선 UI),외곽 주거지(초월읍 등)
3251,2_home_viewed,home_viewed,B(개선 UI),외곽 주거지(초월읍 등)
3251,3_cart_interacted,cart_interacted,B(개선 UI),외곽 주거지(초월읍 등)
3252,1_app_opened,app_opened,A(기존 UI),도심권
3252,2_home_viewed,home_viewed,A(기존 UI),도심권
3253,1_app_opened,app_opened,B(개선 UI),도심권
3254,1_app_opened,app_opened,A(기존 UI),도심권
3255,1_app_opened,app_opened,A(기존 UI),도심권
3256,1_app_opened,app_opened,A(기존 UI),도심권
3257,1_app_opened,app_opened,B(개선 UI),도심권
3257,2_home_viewed,home_viewed,B(개선 UI),도심권
3258,1_app_opened,app_opened,A(기존 UI),도심권
3258,2_home_viewed,home_viewed,A(기존 UI),도심권
3259,1_app_opened,app_opened,A(기존 UI),도심권
3260,1_app_opened,app_opened,B(개선 UI),도심권
3261,1_app_opened,app_opened,A(기존 UI),외곽 주거지(초월읍 등)
3262,1_app_opened,app_opened,B(개선 UI),도심권
3263,1_app_opened,app_opened,A(기존 UI),도심권
3263,2_home_viewed,home_viewed,A(기존 UI),도심권
3264,1_app_opened,app_opened,A(기존 UI),외곽 주거지(초월읍 등)
3265,1_app_opened,app_opened,B(개선 UI),도심권
3266,1_app_opened,app_opened,A(기존 UI),외곽 주거지(초월읍 등)
3266,2_home_viewed,home_viewed,A(기존 UI),외곽 주거지(초월읍 등)
3267,1_app_opened,app_opened,A(기존 UI),도심권
3268,1_app_opened,app_opened,B(개선 UI),외곽 주거지(초월읍 등)
3268,2_home_viewed,home_viewed,B(개선 UI),외곽 주거지(초월읍 등)
3268,3_cart_interacted,cart_interacted,B(개선 UI),외곽 주거지(초월읍 등)
3269,1_app_opened,app_opened,B(개선 UI),외곽 주거지(초월읍 등)
3269,2_home_viewed,home_viewed,B(개선 UI),외곽 주거지(초월읍 등)
3269,3_cart_interacted,cart_interacted,B(개선 UI),외곽 주거지(초월읍 등)
3269,4_purchase_completed,purchase_completed,B(개선 UI),외곽 주거지(초월읍 등)
3270,1_app_opened,app_opened,B(개선 UI),외곽 주거지(초월읍 등)
3271,1_app_opened,app_opened,A(기존 UI),도심권
3272,1_app_opened,app_opened,A(기존 UI),도심권
3273,1_app_opened,app_opened,B(개선 UI),도심권
3273,2_home_viewed,home_viewed,B(개선 UI),도심권
3274,1_app_opened,app_opened,B(개선 UI),도심권
3275,1_app_opened,app_opened,B(개선 UI),외곽 주거지(초월읍 등)
3275,2_home_viewed,home_viewed,B(개선 UI),외곽 주거지(초월읍 등)
3276,1_app_opened,app_opened,B(개선 UI),도심권
3277,1_app_opened,app_opened,B(개선 UI),도심권
3278,1_app_opened,app_opened,A(기존 UI),도심권
3279,1_app_opened,app_opened,A(기존 UI),도심권
3280,1_app_opened,app_opened,B(개선 UI),외곽 주거지(초월읍 등)
3281,1_app_opened,app_opened,A(기존 UI),외곽 주거지(초월읍 등)
3282,1_app_opened,app_opened,A(기존 UI),도심권
3283,1_app_opened,app_opened,B(개선 UI),도심권
3284,1_app_opened,app_opened,B(개선 UI),도심권
3284,2_home_viewed,home_viewed,B(개선 UI),도심권
3285,1_app_opened,app_opened,A(기존 UI),도심권
3286,1_app_opened,app_opened,A(기존 UI),외곽 주거지(초월읍 등)
3287,1_app_opened,app_opened,A(기존 UI),외곽 주거지(초월읍 등)
3287,2_home_viewed,home_viewed,A(기존 UI),외곽 주거지(초월읍 등)
3288,1_app_opened,app_opened,B(개선 UI),도심권
3288,2_home_viewed,home_viewed,B(개선 UI),도심권
3289,1_app_opened,app_opened,B(개선 UI),도심권
3289,2_home_viewed,home_viewed,B(개선 UI),도심권
3289,3_cart_interacted,cart_interacted,B(개선 UI),도심권
3290,1_app_opened,app_opened,A(기존 UI),도심권
3291,1_app_opened,app_opened,A(기존 UI),도심권
3292,1_app_opened,app_opened,B(개선 UI),도심권
3292,2_home_viewed,home_viewed,B(개선 UI),도심권
3292,3_cart_interacted,cart_interacted,B(개선 UI),도심권
3293,1_app_opened,app_opened,A(기존 UI),도심권
3293,2_home_viewed,home_viewed,A(기존 UI),도심권
3294,1_app_opened,app_opened,B(개선 UI),도심권
3295,1_app_opened,app_opened,B(개선 UI),도심권
3296,1_app_opened,app_opened,A(기존 UI),도심권
3297,1_app_opened,app_opened,B(개선 UI),외곽 주거지(초월읍 등)
3297,2_home_viewed,home_viewed,B(개선 UI),외곽 주거지(초월읍 등)
3298,1_app_opened,app_opened,A(기존 UI),외곽 주거지(초월읍 등)
3299,1_app_opened,app_opened,A(기존 UI),도심권
3299,2_home_viewed,home_viewed,A(기존 UI),도심권
3300,1_app_opened,app_opened,B(개선 UI),도심권
3300,2_home_viewed,home_viewed,B(개선 UI),도심권
3301,1_app_opened,app_opened,A(기존 UI),도심권
3302,1_app_opened,app_opened,B(개선 UI),도심권
3302,2_home_viewed,home_viewed,B(개선 UI),도심권
3302,3_cart_interacted,cart_interacted,B(개선 UI),도심권
3302,4_purchase_completed,purchase_completed,B(개선 UI),도심권
3303,1_app_opened,app_opened,B(개선 UI),도심권
3304,1_app_opened,app_opened,A(기존 UI),외곽 주거지(초월읍 등)
3305,1_app_opened,app_opened,A(기존 UI),도심권
3306,1_app_opened,app_opened,A(기존 UI),도심권
3307,1_app_opened,app_opened,A(기존 UI),도심권
3307,2_home_viewed,home_viewed,A(기존 UI),도심권
3308,1_app_opened,app_opened,A(기존 UI),외곽 주거지(초월읍 등)
3309,1_app_opened,app_opened,A(기존 UI),외곽 주거지(초월읍 등)
3310,1_app_opened,app_opened,A(기존 UI),도심권
3311,1_app_opened,app_opened,B(개선 UI),도심권
3312,1_app_opened,app_opened,B(개선 UI),도심권
3313,1_app_opened,app_opened,B(개선 UI),도심권
3314,1_app_opened,app_opened,A(기존 UI),도심권
3315,1_app_opened,app_opened,A(기존 UI),도심권
3316,1_app_opened,app_opened,B(개선 UI),도심권
3317,1_app_opened,app_opened,A(기존 UI),도심권
3318,1_app_opened,app_opened,A(기존 UI),도심권
3319,1_app_opened,app_opened,B(개선 UI),외곽 주거지(초월읍 등)
3320,1_app_opened,app_opened,B(개선 UI),도심권
3320,2_home_viewed,home_viewed,B(개선 UI),도심권
3321,1_app_opened,app_opened,B(개선 UI),도심권
3322,1_app_opened,app_opened,A(기존 UI),도심권
3323,1_app_opened,app_opened,B(개선 UI),도심권
3324,1_app_opened,app_opened,B(개선 UI),도심권
3324,2_home_viewed,home_viewed,B(개선 UI),도심권
3325,1_app_opened,app_opened,B(개선 UI),도심권
3325,2_home_viewed,home_viewed,B(개선 UI),도심권
3326,1_app_opened,app_opened,B(개선 UI),도심권
3327,1_app_opened,app_opened,B(개선 UI),도심권
3328,1_app_opened,app_opened,B(개선 UI),도심권
3328,2_home_viewed,home_viewed,B(개선 UI),도심권
3329,1_app_opened,app_opened,A(기존 UI),도심권
3330,1_app_opened,app_opened,B(개선 UI),외곽 주거지(초월읍 등)
3330,2_home_viewed,home_viewed,B(개선 UI),외곽 주거지(초월읍 등)
3331,1_app_opened,app_opened,B(개선 UI),도심권
3332,1_app_opened,app_opened,B(개선 UI),도심권
3333,1_app_opened,app_opened,A(기존 UI),도심권
3334,1_app_opened,app_opened,A(기존 UI),외곽 주거지(초월읍 등)
3335,1_app_opened,app_opened,B(개선 UI),도심권
3335,2_home_viewed,home_viewed,B(개선 UI),도심권
3336,1_app_opened,app_opened,B(개선 UI),외곽 주거지(초월읍 등)
3337,1_app_opened,app_opened,B(개선 UI),외곽 주거지(초월읍 등)
3338,1_app_opened,app_opened,B(개선 UI),도심권
3338,2_home_viewed,home_viewed,B(개선 UI),도심권
3338,3_cart_interacted,cart_interacted,B(개선 UI),도심권
3338,4_purchase_completed,purchase_completed,B(개선 UI),도심권
3339,1_app_opened,app_opened,B(개선 UI),도심권
3339,2_home_viewed,home_viewed,B(개선 UI),도심권
3339,3_cart_interacted,cart_interacted,B(개선 UI),도심권
3340,1_app_opened,app_opened,B(개선 UI),도심권
3341,1_app_opened,app_opened,B(개선 UI),외곽 주거지(초월읍 등)
3341,2_home_viewed,home_viewed,B(개선 UI),외곽 주거지(초월읍 등)
3342,1_app_opened,app_opened,B(개선 UI),도심권
3342,2_home_viewed,home_viewed,B(개선 UI),도심권
3343,1_app_opened,app_opened,B(개선 UI),도심권
3344,1_app_opened,app_opened,A(기존 UI),도심권
3345,1_app_opened,app_opened,A(기존 UI),도심권
3346,1_app_opened,app_opened,B(개선 UI),도심권
3346,2_home_viewed,home_viewed,B(개선 UI),도심권
3347,1_app_opened,app_opened,A(기존 UI),도심권
3348,1_app_opened,app_opened,A(기존 UI),도심권
3348,2_home_viewed,home_viewed,A(기존 UI),도심권
3349,1_app_opened,app_opened,A(기존 UI),도심권
3350,1_app_opened,app_opened,A(기존 UI),도심권
3351,1_app_opened,app_opened,A(기존 UI),외곽 주거지(초월읍 등)
3352,1_app_opened,app_opened,A(기존 UI),도심권
3352,2_home_viewed,home_viewed,A(기존 UI),도심권
3353,1_app_opened,app_opened,B(개선 UI),외곽 주거지(초월읍 등)
3354,1_app_opened,app_opened,B(개선 UI),도심권
3355,1_app_opened,app_opened,A(기존 UI),도심권
3356,1_app_opened,app_opened,A(기존 UI),외곽 주거지(초월읍 등)
3356,2_home_viewed,home_viewed,A(기존 UI),외곽 주거지(초월읍 등)
3357,1_app_opened,app_opened,B(개선 UI),도심권
3357,2_home_viewed,home_viewed,B(개선 UI),도심권
3358,1_app_opened,app_opened,A(기존 UI),외곽 주거지(초월읍 등)
3359,1_app_opened,app_opened,B(개선 UI),외곽 주거지(초월읍 등)
3359,2_home_viewed,home_viewed,B(개선 UI),외곽 주거지(초월읍 등)
3360,1_app_opened,app_opened,B(개선 UI),도심권
3361,1_app_opened,app_opened,B(개선 UI),도심권
3361,2_home_viewed,home_viewed,B(개선 UI),도심권
3361,3_cart_interacted,cart_interacted,B(개선 UI),도심권
3362,1_app_opened,app_opened,A(기존 UI),도심권
3362,2_home_viewed,home_viewed,A(기존 UI),도심권
3363,1_app_opened,app_opened,B(개선 UI),도심권
3364,1_app_opened,app_opened,A(기존 UI),도심권
3365,1_app_opened,app_opened,B(개선 UI),도심권
3365,2_home_viewed,home_viewed,B(개선 UI),도심권
3365,3_cart_interacted,cart_interacted,B(개선 UI),도심권
3366,1_app_opened,app_opened,B(개선 UI),도심권
3366,2_home_viewed,home_viewed,B(개선 UI),도심권
3366,3_cart_interacted,cart_interacted,B(개선 UI),도심권
3366,4_purchase_completed,purchase_completed,B(개선 UI),도심권
3367,1_app_opened,app_opened,A(기존 UI),도심권
3368,1_app_opened,app_opened,A(기존 UI),외곽 주거지(초월읍 등)
3369,1_app_opened,app_opened,A(기존 UI),외곽 주거지(초월읍 등)
3369,2_home_viewed,home_viewed,A(기존 UI),외곽 주거지(초월읍 등)
3370,1_app_opened,app_opened,B(개선 UI),도심권
3370,2_home_viewed,home_viewed,B(개선 UI),도심권
3370,3_cart_interacted,cart_interacted,B(개선 UI),도심권
3371,1_app_opened,app_opened,A(기존 UI),외곽 주거지(초월읍 등)
3372,1_app_opened,app_opened,B(개선 UI),도심권
3372,2_home_viewed,home_viewed,B(개선 UI),도심권
3372,3_cart_interacted,cart_interacted,B(개선 UI),도심권
3372,4_purchase_completed,purchase_completed,B(개선 UI),도심권
3373,1_app_opened,app_opened,A(기존 UI),도심권
3373,2_home_viewed,home_viewed,A(기존 UI),도심권
3374,1_app_opened,app_opened,B(개선 UI),도심권
3374,2_home_viewed,home_viewed,B(개선 UI),도심권
3374,3_cart_interacted,cart_interacted,B(개선 UI),도심권
3374,4_purchase_completed,purchase_completed,B(개선 UI),도심권
3375,1_app_opened,app_opened,B(개선 UI),도심권
3376,1_app_opened,app_opened,B(개선 UI),도심권
3376,2_home_viewed,home_viewed,B(개선 UI),도심권
3377,1_app_opened,app_opened,B(개선 UI),외곽 주거지(초월읍 등)
3377,2_home_viewed,home_viewed,B(개선 UI),외곽 주거지(초월읍 등)
3378,1_app_opened,app_opened,A(기존 UI),외곽 주거지(초월읍 등)
3379,1_app_opened,app_opened,A(기존 UI),도심권
3379,2_home_viewed,home_viewed,A(기존 UI),도심권
3379,3_cart_interacted,cart_interacted,A(기존 UI),도심권
3379,4_purchase_completed,purchase_completed,A(기존 UI),도심권
3380,1_app_opened,app_opened,B(개선 UI),외곽 주거지(초월읍 등)
3380,2_home_viewed,home_viewed,B(개선 UI),외곽 주거지(초월읍 등)
3381,1_app_opened,app_opened,A(기존 UI),도심권
3382,1_app_opened,app_opened,A(기존 UI),도심권
3383,1_app_opened,app_opened,A(기존 UI),외곽 주거지(초월읍 등)
3384,1_app_opened,app_opened,A(기존 UI),도심권
3385,1_app_opened,app_opened,A(기존 UI),도심권
3386,1_app_opened,app_opened,B(개선 UI),도심권
3387,1_app_opened,app_opened,A(기존 UI),도심권
3388,1_app_opened,app_opened,B(개선 UI),도심권
3389,1_app_opened,app_opened,A(기존 UI),도심권
3390,1_app_opened,app_opened,B(개선 UI),도심권
3391,1_app_opened,app_opened,A(기존 UI),도심권
3392,1_app_opened,app_opened,B(개선 UI),도심권
3392,2_home_viewed,home_viewed,B(개선 UI),도심권
3392,3_cart_interacted,cart_interacted,B(개선 UI),도심권
3393,1_app_opened,app_opened,B(개선 UI),도심권
3394,1_app_opened,app_opened,A(기존 UI),외곽 주거지(초월읍 등)
3395,1_app_opened,app_opened,B(개선 UI),도심권
3395,2_home_viewed,home_viewed,B(개선 UI),도심권
3396,1_app_opened,app_opened,B(개선 UI),도심권
3397,1_app_opened,app_opened,B(개선 UI),도심권
3397,2_home_viewed,home_viewed,B(개선 UI),도심권
3397,3_cart_interacted,cart_interacted,B(개선 UI),도심권
3397,4_purchase_completed,purchase_completed,B(개선 UI),도심권
3398,1_app_opened,app_opened,B(개선 UI),도심권
3399,1_app_opened,app_opened,A(기존 UI),도심권
3400,1_app_opened,app_opened,B(개선 UI),도심권
3401,1_app_opened,app_opened,A(기존 UI),외곽 주거지(초월읍 등)
3402,1_app_opened,app_opened,A(기존 UI),도심권
3403,1_app_opened,app_opened,B(개선 UI),도심권
3404,1_app_opened,app_opened,A(기존 UI),도심권
3405,1_app_opened,app_opened,B(개선 UI),도심권
3406,1_app_opened,app_opened,B(개선 UI),도심권
3406,2_home_viewed,home_viewed,B(개선 UI),도심권
3406,3_cart_interacted,cart_interacted,B(개선 UI),도심권
3407,1_app_opened,app_opened,B(개선 UI),도심권
3407,2_home_viewed,home_viewed,B(개선 UI),도심권
3408,1_app_opened,app_opened,B(개선 UI),외곽 주거지(초월읍 등)
3408,2_home_viewed,home_viewed,B(개선 UI),외곽 주거지(초월읍 등)
3409,1_app_opened,app_opened,A(기존 UI),도심권
3410,1_app_opened,app_opened,A(기존 UI),외곽 주거지(초월읍 등)
3410,2_home_viewed,home_viewed,A(기존 UI),외곽 주거지(초월읍 등)
3411,1_app_opened,app_opened,A(기존 UI),도심권
3412,1_app_opened,app_opened,A(기존 UI),도심권
3413,1_app_opened,app_opened,A(기존 UI),도심권
3414,1_app_opened,app_opened,A(기존 UI),도심권
3415,1_app_opened,app_opened,B(개선 UI),외곽 주거지(초월읍 등)
3416,1_app_opened,app_opened,B(개선 UI),도심권
3416,2_home_viewed,home_viewed,B(개선 UI),도심권
3417,1_app_opened,app_opened,A(기존 UI),도심권
3418,1_app_opened,app_opened,B(개선 UI),외곽 주거지(초월읍 등)
3419,1_app_opened,app_opened,A(기존 UI),외곽 주거지(초월읍 등)
3420,1_app_opened,app_opened,A(기존 UI),외곽 주거지(초월읍 등)
3421,1_app_opened,app_opened,B(개선 UI),외곽 주거지(초월읍 등)
3421,2_home_viewed,home_viewed,B(개선 UI),외곽 주거지(초월읍 등)
3422,1_app_opened,app_opened,B(개선 UI),도심권
3423,1_app_opened,app_opened,B(개선 UI),외곽 주거지(초월읍 등)
3423,2_home_viewed,home_viewed,B(개선 UI),외곽 주거지(초월읍 등)
3424,1_app_opened,app_opened,A(기존 UI),도심권
3425,1_app_opened,app_opened,B(개선 UI),외곽 주거지(초월읍 등)
3426,1_app_opened,app_opened,B(개선 UI),외곽 주거지(초월읍 등)
3426,2_home_viewed,home_viewed,B(개선 UI),외곽 주거지(초월읍 등)
3426,3_cart_interacted,cart_interacted,B(개선 UI),외곽 주거지(초월읍 등)
3427,1_app_opened,app_opened,B(개선 UI),도심권
3427,2_home_viewed,home_viewed,B(개선 UI),도심권
3428,1_app_opened,app_opened,B(개선 UI),외곽 주거지(초월읍 등)
3428,2_home_viewed,home_viewed,B(개선 UI),외곽 주거지(초월읍 등)
3429,1_app_opened,app_opened,B(개선 UI),도심권
3429,2_home_viewed,home_viewed,B(개선 UI),도심권
3430,1_app_opened,app_opened,B(개선 UI),도심권
3430,2_home_viewed,home_viewed,B(개선 UI),도심권
3431,1_app_opened,app_opened,B(개선 UI),도심권
3431,2_home_viewed,home_viewed,B(개선 UI),도심권
3432,1_app_opened,app_opened,B(개선 UI),외곽 주거지(초월읍 등)
3432,2_home_viewed,home_viewed,B(개선 UI),외곽 주거지(초월읍 등)
3432,3_cart_interacted,cart_interacted,B(개선 UI),외곽 주거지(초월읍 등)
3433,1_app_opened,app_opened,B(개선 UI),도심권
3434,1_app_opened,app_opened,A(기존 UI),도심권
3435,1_app_opened,app_opened,B(개선 UI),도심권
3435,2_home_viewed,home_viewed,B(개선 UI),도심권
3436,1_app_opened,app_opened,A(기존 UI),외곽 주거지(초월읍 등)
3436,2_home_viewed,home_viewed,A(기존 UI),외곽 주거지(초월읍 등)
3437,1_app_opened,app_opened,A(기존 UI),도심권
3438,1_app_opened,app_opened,B(개선 UI),외곽 주거지(초월읍 등)
3439,1_app_opened,app_opened,B(개선 UI),외곽 주거지(초월읍 등)
3440,1_app_opened,app_opened,B(개선 UI),도심권
3440,2_home_viewed,home_viewed,B(개선 UI),도심권
3440,3_cart_interacted,cart_interacted,B(개선 UI),도심권
3440,4_purchase_completed,purchase_completed,B(개선 UI),도심권
3441,1_app_opened,app_opened,A(기존 UI),도심권
3442,1_app_opened,app_opened,B(개선 UI),외곽 주거지(초월읍 등)
3442,2_home_viewed,home_viewed,B(개선 UI),외곽 주거지(초월읍 등)
3443,1_app_opened,app_opened,A(기존 UI),외곽 주거지(초월읍 등)
3443,2_home_viewed,home_viewed,A(기존 UI),외곽 주거지(초월읍 등)
3444,1_app_opened,app_opened,B(개선 UI),외곽 주거지(초월읍 등)
3444,2_home_viewed,home_viewed,B(개선 UI),외곽 주거지(초월읍 등)
3445,1_app_opened,app_opened,B(개선 UI),도심권
3446,1_app_opened,app_opened,B(개선 UI),외곽 주거지(초월읍 등)
3446,2_home_viewed,home_viewed,B(개선 UI),외곽 주거지(초월읍 등)
3447,1_app_opened,app_opened,B(개선 UI),도심권
3447,2_home_viewed,home_viewed,B(개선 UI),도심권
3448,1_app_opened,app_opened,B(개선 UI),도심권
3448,2_home_viewed,home_viewed,B(개선 UI),도심권
3448,3_cart_interacted,cart_interacted,B(개선 UI),도심권
3448,4_purchase_completed,purchase_completed,B(개선 UI),도심권
3449,1_app_opened,app_opened,B(개선 UI),외곽 주거지(초월읍 등)
3450,1_app_opened,app_opened,A(기존 UI),도심권
3451,1_app_opened,app_opened,A(기존 UI),외곽 주거지(초월읍 등)
3451,2_home_viewed,home_viewed,A(기존 UI),외곽 주거지(초월읍 등)
3452,1_app_opened,app_opened,B(개선 UI),도심권
3452,2_home_viewed,home_viewed,B(개선 UI),도심권
3453,1_app_opened,app_opened,B(개선 UI),외곽 주거지(초월읍 등)
3453,2_home_viewed,home_viewed,B(개선 UI),외곽 주거지(초월읍 등)
3454,1_app_opened,app_opened,A(기존 UI),도심권
3455,1_app_opened,app_opened,B(개선 UI),도심권
3455,2_home_viewed,home_viewed,B(개선 UI),도심권
3456,1_app_opened,app_opened,A(기존 UI),외곽 주거지(초월읍 등)
3457,1_app_opened,app_opened,B(개선 UI),도심권
3457,2_home_viewed,home_viewed,B(개선 UI),도심권
3458,1_app_opened,app_opened,B(개선 UI),도심권
3458,2_home_viewed,home_viewed,B(개선 UI),도심권
3458,3_cart_interacted,cart_interacted,B(개선 UI),도심권
3458,4_purchase_completed,purchase_completed,B(개선 UI),도심권
3459,1_app_opened,app_opened,B(개선 UI),외곽 주거지(초월읍 등)
3459,2_home_viewed,home_viewed,B(개선 UI),외곽 주거지(초월읍 등)
3460,1_app_opened,app_opened,B(개선 UI),도심권
3461,1_app_opened,app_opened,A(기존 UI),외곽 주거지(초월읍 등)
3462,1_app_opened,app_opened,A(기존 UI),도심권
3462,2_home_viewed,home_viewed,A(기존 UI),도심권
3463,1_app_opened,app_opened,B(개선 UI),도심권
3464,1_app_opened,app_opened,B(개선 UI),외곽 주거지(초월읍 등)
3465,1_app_opened,app_opened,A(기존 UI),도심권
3465,2_home_viewed,home_viewed,A(기존 UI),도심권
3466,1_app_opened,app_opened,B(개선 UI),도심권
3467,1_app_opened,app_opened,A(기존 UI),도심권
3467,2_home_viewed,home_viewed,A(기존 UI),도심권
3467,3_cart_interacted,cart_interacted,A(기존 UI),도심권
3467,4_purchase_completed,purchase_completed,A(기존 UI),도심권
3468,1_app_opened,app_opened,B(개선 UI),외곽 주거지(초월읍 등)
3469,1_app_opened,app_opened,B(개선 UI),도심권
3469,2_home_viewed,home_viewed,B(개선 UI),도심권
3470,1_app_opened,app_opened,A(기존 UI),도심권
3471,1_app_opened,app_opened,A(기존 UI),도심권
3471,2_home_viewed,home_viewed,A(기존 UI),도심권
3472,1_app_opened,app_opened,B(개선 UI),도심권
3472,2_home_viewed,home_viewed,B(개선 UI),도심권
3473,1_app_opened,app_opened,B(개선 UI),도심권
3474,1_app_opened,app_opened,B(개선 UI),도심권
3475,1_app_opened,app_opened,B(개선 UI),도심권
3475,2_home_viewed,home_viewed,B(개선 UI),도심권
3475,3_cart_interacted,cart_interacted,B(개선 UI),도심권
3476,1_app_opened,app_opened,B(개선 UI),도심권
3476,2_home_viewed,home_viewed,B(개선 UI),도심권
3477,1_app_opened,app_opened,B(개선 UI),도심권
3477,2_home_viewed,home_viewed,B(개선 UI),도심권
3477,3_cart_interacted,cart_interacted,B(개선 UI),도심권
3478,1_app_opened,app_opened,B(개선 UI),도심권
3478,2_home_viewed,home_viewed,B(개선 UI),도심권
3479,1_app_opened,app_opened,A(기존 UI),도심권
3480,1_app_opened,app_opened,A(기존 UI),외곽 주거지(초월읍 등)
3481,1_app_opened,app_opened,A(기존 UI),도심권
3482,1_app_opened,app_opened,B(개선 UI),도심권
3482,2_home_viewed,home_viewed,B(개선 UI),도심권
3482,3_cart_interacted,cart_interacted,B(개선 UI),도심권
3483,1_app_opened,app_opened,A(기존 UI),도심권
3484,1_app_opened,app_opened,B(개선 UI),도심권
3485,1_app_opened,app_opened,B(개선 UI),외곽 주거지(초월읍 등)
3485,2_home_viewed,home_viewed,B(개선 UI),외곽 주거지(초월읍 등)
3486,1_app_opened,app_opened,B(개선 UI),외곽 주거지(초월읍 등)
3487,1_app_opened,app_opened,A(기존 UI),도심권
3487,2_home_viewed,home_viewed,A(기존 UI),도심권
3488,1_app_opened,app_opened,A(기존 UI),도심권
3489,1_app_opened,app_opened,A(기존 UI),도심권
3490,1_app_opened,app_opened,A(기존 UI),도심권
3491,1_app_opened,app_opened,A(기존 UI),외곽 주거지(초월읍 등)
3492,1_app_opened,app_opened,B(개선 UI),도심권
3492,2_home_viewed,home_viewed,B(개선 UI),도심권
3493,1_app_opened,app_opened,B(개선 UI),도심권
3493,2_home_viewed,home_viewed,B(개선 UI),도심권
3494,1_app_opened,app_opened,B(개선 UI),도심권
3495,1_app_opened,app_opened,B(개선 UI),외곽 주거지(초월읍 등)
3496,1_app_opened,app_opened,A(기존 UI),도심권
3496,2_home_viewed,home_viewed,A(기존 UI),도심권
3497,1_app_opened,app_opened,B(개선 UI),외곽 주거지(초월읍 등)
3498,1_app_opened,app_opened,B(개선 UI),도심권
3498,2_home_viewed,home_viewed,B(개선 UI),도심권
3498,3_cart_interacted,cart_interacted,B(개선 UI),도심권
3498,4_purchase_completed,purchase_completed,B(개선 UI),도심권
3499,1_app_opened,app_opened,A(기존 UI),도심권
3500,1_app_opened,app_opened,B(개선 UI),외곽 주거지(초월읍 등)
3500,2_home_viewed,home_viewed,B(개선 UI),외곽 주거지(초월읍 등)
3501,1_app_opened,app_opened,A(기존 UI),도심권
3502,1_app_opened,app_opened,B(개선 UI),도심권
3503,1_app_opened,app_opened,B(개선 UI),도심권
3503,2_home_viewed,home_viewed,B(개선 UI),도심권
3504,1_app_opened,app_opened,A(기존 UI),도심권
3505,1_app_opened,app_opened,B(개선 UI),도심권
3505,2_home_viewed,home_viewed,B(개선 UI),도심권
3505,3_cart_interacted,cart_interacted,B(개선 UI),도심권
3506,1_app_opened,app_opened,B(개선 UI),외곽 주거지(초월읍 등)
3507,1_app_opened,app_opened,B(개선 UI),도심권
3508,1_app_opened,app_opened,A(기존 UI),외곽 주거지(초월읍 등)
3509,1_app_opened,app_opened,B(개선 UI),도심권
3509,2_home_viewed,home_viewed,B(개선 UI),도심권
3510,1_app_opened,app_opened,A(기존 UI),도심권
3510,2_home_viewed,home_viewed,A(기존 UI),도심권
3510,3_cart_interacted,cart_interacted,A(기존 UI),도심권
3511,1_app_opened,app_opened,A(기존 UI),도심권
3512,1_app_opened,app_opened,A(기존 UI),외곽 주거지(초월읍 등)
3513,1_app_opened,app_opened,B(개선 UI),외곽 주거지(초월읍 등)
3513,2_home_viewed,home_viewed,B(개선 UI),외곽 주거지(초월읍 등)
3513,3_cart_interacted,cart_interacted,B(개선 UI),외곽 주거지(초월읍 등)
3514,1_app_opened,app_opened,B(개선 UI),외곽 주거지(초월읍 등)
3515,1_app_opened,app_opened,B(개선 UI),도심권
3515,2_home_viewed,home_viewed,B(개선 UI),도심권
3515,3_cart_interacted,cart_interacted,B(개선 UI),도심권
3515,4_purchase_completed,purchase_completed,B(개선 UI),도심권
3516,1_app_opened,app_opened,B(개선 UI),도심권
3517,1_app_opened,app_opened,A(기존 UI),도심권
3517,2_home_viewed,home_viewed,A(기존 UI),도심권
3517,3_cart_interacted,cart_interacted,A(기존 UI),도심권
3517,4_purchase_completed,purchase_completed,A(기존 UI),도심권
3518,1_app_opened,app_opened,A(기존 UI),외곽 주거지(초월읍 등)
3519,1_app_opened,app_opened,A(기존 UI),도심권
3519,2_home_viewed,home_viewed,A(기존 UI),도심권
3520,1_app_opened,app_opened,A(기존 UI),도심권
3521,1_app_opened,app_opened,A(기존 UI),도심권
3522,1_app_opened,app_opened,A(기존 UI),도심권
3523,1_app_opened,app_opened,A(기존 UI),도심권
3524,1_app_opened,app_opened,A(기존 UI),외곽 주거지(초월읍 등)
3525,1_app_opened,app_opened,A(기존 UI),도심권
3526,1_app_opened,app_opened,A(기존 UI),외곽 주거지(초월읍 등)
3527,1_app_opened,app_opened,B(개선 UI),외곽 주거지(초월읍 등)
3527,2_home_viewed,home_viewed,B(개선 UI),외곽 주거지(초월읍 등)
3527,3_cart_interacted,cart_interacted,B(개선 UI),외곽 주거지(초월읍 등)
3528,1_app_opened,app_opened,B(개선 UI),도심권
3528,2_home_viewed,home_viewed,B(개선 UI),도심권
3529,1_app_opened,app_opened,B(개선 UI),도심권
3530,1_app_opened,app_opened,A(기존 UI),도심권
3531,1_app_opened,app_opened,A(기존 UI),외곽 주거지(초월읍 등)
3532,1_app_opened,app_opened,B(개선 UI),도심권
3532,2_home_viewed,home_viewed,B(개선 UI),도심권
3533,1_app_opened,app_opened,A(기존 UI),도심권
3534,1_app_opened,app_opened,A(기존 UI),도심권
3535,1_app_opened,app_opened,A(기존 UI),도심권
3536,1_app_opened,app_opened,A(기존 UI),도심권
3537,1_app_opened,app_opened,A(기존 UI),도심권
3538,1_app_opened,app_opened,A(기존 UI),외곽 주거지(초월읍 등)
3538,2_home_viewed,home_viewed,A(기존 UI),외곽 주거지(초월읍 등)
3539,1_app_opened,app_opened,B(개선 UI),외곽 주거지(초월읍 등)
3539,2_home_viewed,home_viewed,B(개선 UI),외곽 주거지(초월읍 등)
3540,1_app_opened,app_opened,A(기존 UI),도심권
3541,1_app_opened,app_opened,A(기존 UI),도심권
3542,1_app_opened,app_opened,B(개선 UI),외곽 주거지(초월읍 등)
3542,2_home_viewed,home_viewed,B(개선 UI),외곽 주거지(초월읍 등)
3543,1_app_opened,app_opened,A(기존 UI),도심권
3544,1_app_opened,app_opened,A(기존 UI),외곽 주거지(초월읍 등)
3545,1_app_opened,app_opened,B(개선 UI),도심권
3545,2_home_viewed,home_viewed,B(개선 UI),도심권
3546,1_app_opened,app_opened,A(기존 UI),도심권
3546,2_home_viewed,home_viewed,A(기존 UI),도심권
3547,1_app_opened,app_opened,A(기존 UI),도심권
3548,1_app_opened,app_opened,A(기존 UI),도심권
3549,1_app_opened,app_opened,A(기존 UI),외곽 주거지(초월읍 등)
3550,1_app_opened,app_opened,B(개선 UI),도심권
3551,1_app_opened,app_opened,B(개선 UI),도심권
3551,2_home_viewed,home_viewed,B(개선 UI),도심권
3552,1_app_opened,app_opened,A(기존 UI),도심권
3553,1_app_opened,app_opened,B(개선 UI),외곽 주거지(초월읍 등)
3554,1_app_opened,app_opened,B(개선 UI),도심권
3554,2_home_viewed,home_viewed,B(개선 UI),도심권
3555,1_app_opened,app_opened,A(기존 UI),외곽 주거지(초월읍 등)
3556,1_app_opened,app_opened,B(개선 UI),도심권
3556,2_home_viewed,home_viewed,B(개선 UI),도심권
3556,3_cart_interacted,cart_interacted,B(개선 UI),도심권
3556,4_purchase_completed,purchase_completed,B(개선 UI),도심권
3557,1_app_opened,app_opened,A(기존 UI),도심권
3558,1_app_opened,app_opened,A(기존 UI),외곽 주거지(초월읍 등)
3559,1_app_opened,app_opened,A(기존 UI),도심권
3560,1_app_opened,app_opened,A(기존 UI),도심권
3561,1_app_opened,app_opened,A(기존 UI),도심권
3562,1_app_opened,app_opened,B(개선 UI),도심권
3562,2_home_viewed,home_viewed,B(개선 UI),도심권
3562,3_cart_interacted,cart_interacted,B(개선 UI),도심권
3562,4_purchase_completed,purchase_completed,B(개선 UI),도심권
3563,1_app_opened,app_opened,A(기존 UI),도심권
3564,1_app_opened,app_opened,A(기존 UI),도심권
3564,2_home_viewed,home_viewed,A(기존 UI),도심권
3565,1_app_opened,app_opened,A(기존 UI),도심권
3566,1_app_opened,app_opened,B(개선 UI),도심권
3567,1_app_opened,app_opened,B(개선 UI),도심권
3567,2_home_viewed,home_viewed,B(개선 UI),도심권
3567,3_cart_interacted,cart_interacted,B(개선 UI),도심권
3567,4_purchase_completed,purchase_completed,B(개선 UI),도심권
3568,1_app_opened,app_opened,B(개선 UI),도심권
3568,2_home_viewed,home_viewed,B(개선 UI),도심권
3568,3_cart_interacted,cart_interacted,B(개선 UI),도심권
3568,4_purchase_completed,purchase_completed,B(개선 UI),도심권
3569,1_app_opened,app_opened,B(개선 UI),외곽 주거지(초월읍 등)
3569,2_home_viewed,home_viewed,B(개선 UI),외곽 주거지(초월읍 등)
3569,3_cart_interacted,cart_interacted,B(개선 UI),외곽 주거지(초월읍 등)
3569,4_purchase_completed,purchase_completed,B(개선 UI),외곽 주거지(초월읍 등)
3570,1_app_opened,app_opened,B(개선 UI),외곽 주거지(초월읍 등)
3571,1_app_opened,app_opened,A(기존 UI),도심권
3572,1_app_opened,app_opened,B(개선 UI),도심권
3573,1_app_opened,app_opened,B(개선 UI),외곽 주거지(초월읍 등)
3574,1_app_opened,app_opened,B(개선 UI),도심권
3575,1_app_opened,app_opened,B(개선 UI),도심권
3576,1_app_opened,app_opened,A(기존 UI),외곽 주거지(초월읍 등)
3576,2_home_viewed,home_viewed,A(기존 UI),외곽 주거지(초월읍 등)
3577,1_app_opened,app_opened,A(기존 UI),도심권
3577,2_home_viewed,home_viewed,A(기존 UI),도심권
3578,1_app_opened,app_opened,A(기존 UI),도심권
3579,1_app_opened,app_opened,B(개선 UI),외곽 주거지(초월읍 등)
3579,2_home_viewed,home_viewed,B(개선 UI),외곽 주거지(초월읍 등)
3580,1_app_opened,app_opened,A(기존 UI),도심권
3581,1_app_opened,app_opened,A(기존 UI),도심권
3582,1_app_opened,app_opened,B(개선 UI),도심권
3582,2_home_viewed,home_viewed,B(개선 UI),도심권
3583,1_app_opened,app_opened,A(기존 UI),도심권
3584,1_app_opened,app_opened,B(개선 UI),외곽 주거지(초월읍 등)
3585,1_app_opened,app_opened,A(기존 UI),도심권
3586,1_app_opened,app_opened,A(기존 UI),도심권
3587,1_app_opened,app_opened,A(기존 UI),외곽 주거지(초월읍 등)
3588,1_app_opened,app_opened,B(개선 UI),도심권
3589,1_app_opened,app_opened,A(기존 UI),도심권
3590,1_app_opened,app_opened,A(기존 UI),도심권
3591,1_app_opened,app_opened,B(개선 UI),도심권
3591,2_home_viewed,home_viewed,B(개선 UI),도심권
3591,3_cart_interacted,cart_interacted,B(개선 UI),도심권
3592,1_app_opened,app_opened,A(기존 UI),도심권
3593,1_app_opened,app_opened,B(개선 UI),외곽 주거지(초월읍 등)
3593,2_home_viewed,home_viewed,B(개선 UI),외곽 주거지(초월읍 등)
3593,3_cart_interacted,cart_interacted,B(개선 UI),외곽 주거지(초월읍 등)
3594,1_app_opened,app_opened,B(개선 UI),외곽 주거지(초월읍 등)
3594,2_home_viewed,home_viewed,B(개선 UI),외곽 주거지(초월읍 등)
3595,1_app_opened,app_opened,A(기존 UI),도심권
3596,1_app_opened,app_opened,B(개선 UI),도심권
3597,1_app_opened,app_opened,A(기존 UI),도심권
3598,1_app_opened,app_opened,B(개선 UI),도심권
3598,2_home_viewed,home_viewed,B(개선 UI),도심권
3599,1_app_opened,app_opened,A(기존 UI),도심권
3599,2_home_viewed,home_viewed,A(기존 UI),도심권
3600,1_app_opened,app_opened,B(개선 UI),외곽 주거지(초월읍 등)
3600,2_home_viewed,home_viewed,B(개선 UI),외곽 주거지(초월읍 등)
3601,1_app_opened,app_opened,A(기존 UI),도심권
3602,1_app_opened,app_opened,B(개선 UI),도심권
3603,1_app_opened,app_opened,A(기존 UI),도심권
3603,2_home_viewed,home_viewed,A(기존 UI),도심권
3603,3_cart_interacted,cart_interacted,A(기존 UI),도심권
3604,1_app_opened,app_opened,A(기존 UI),도심권
3605,1_app_opened,app_opened,A(기존 UI),도심권
3606,1_app_opened,app_opened,A(기존 UI),도심권
3607,1_app_opened,app_opened,B(개선 UI),도심권
3607,2_home_viewed,home_viewed,B(개선 UI),도심권
3608,1_app_opened,app_opened,A(기존 UI),도심권
3609,1_app_opened,app_opened,B(개선 UI),도심권
3610,1_app_opened,app_opened,B(개선 UI),도심권
3610,2_home_viewed,home_viewed,B(개선 UI),도심권
3611,1_app_opened,app_opened,B(개선 UI),도심권
3612,1_app_opened,app_opened,A(기존 UI),외곽 주거지(초월읍 등)
3613,1_app_opened,app_opened,A(기존 UI),도심권
3614,1_app_opened,app_opened,B(개선 UI),도심권
3615,1_app_opened,app_opened,A(기존 UI),도심권
3616,1_app_opened,app_opened,A(기존 UI),외곽 주거지(초월읍 등)
3617,1_app_opened,app_opened,B(개선 UI),도심권
3618,1_app_opened,app_opened,B(개선 UI),도심권
3619,1_app_opened,app_opened,B(개선 UI),도심권
3620,1_app_opened,app_opened,A(기존 UI),도심권
3621,1_app_opened,app_opened,B(개선 UI),도심권
3621,2_home_viewed,home_viewed,B(개선 UI),도심권
3622,1_app_opened,app_opened,A(기존 UI),도심권
3623,1_app_opened,app_opened,A(기존 UI),외곽 주거지(초월읍 등)
3624,1_app_opened,app_opened,B(개선 UI),도심권
3624,2_home_viewed,home_viewed,B(개선 UI),도심권
3625,1_app_opened,app_opened,A(기존 UI),도심권
3626,1_app_opened,app_opened,A(기존 UI),도심권
3627,1_app_opened,app_opened,A(기존 UI),도심권
3628,1_app_opened,app_opened,B(개선 UI),도심권
3629,1_app_opened,app_opened,B(개선 UI),외곽 주거지(초월읍 등)
3630,1_app_opened,app_opened,B(개선 UI),외곽 주거지(초월읍 등)
3630,2_home_viewed,home_viewed,B(개선 UI),외곽 주거지(초월읍 등)
3631,1_app_opened,app_opened,B(개선 UI),도심권
3632,1_app_opened,app_opened,A(기존 UI),도심권
3632,2_home_viewed,home_viewed,A(기존 UI),도심권
3633,1_app_opened,app_opened,A(기존 UI),도심권
3634,1_app_opened,app_opened,A(기존 UI),도심권
3635,1_app_opened,app_opened,A(기존 UI),도심권
3635,2_home_viewed,home_viewed,A(기존 UI),도심권
3635,3_cart_interacted,cart_interacted,A(기존 UI),도심권
3635,4_purchase_completed,purchase_completed,A(기존 UI),도심권
3636,1_app_opened,app_opened,A(기존 UI),외곽 주거지(초월읍 등)
3636,2_home_viewed,home_viewed,A(기존 UI),외곽 주거지(초월읍 등)
3637,1_app_opened,app_opened,B(개선 UI),외곽 주거지(초월읍 등)
3638,1_app_opened,app_opened,A(기존 UI),도심권
3639,1_app_opened,app_opened,A(기존 UI),도심권
3640,1_app_opened,app_opened,A(기존 UI),도심권
3640,2_home_viewed,home_viewed,A(기존 UI),도심권
3641,1_app_opened,app_opened,A(기존 UI),도심권
3642,1_app_opened,app_opened,B(개선 UI),도심권
3642,2_home_viewed,home_viewed,B(개선 UI),도심권
3642,3_cart_interacted,cart_interacted,B(개선 UI),도심권
3643,1_app_opened,app_opened,A(기존 UI),도심권
3644,1_app_opened,app_opened,A(기존 UI),도심권
3645,1_app_opened,app_opened,B(개선 UI),도심권
3645,2_home_viewed,home_viewed,B(개선 UI),도심권
3646,1_app_opened,app_opened,A(기존 UI),도심권
3647,1_app_opened,app_opened,A(기존 UI),외곽 주거지(초월읍 등)
3648,1_app_opened,app_opened,A(기존 UI),도심권
3649,1_app_opened,app_opened,B(개선 UI),도심권
3649,2_home_viewed,home_viewed,B(개선 UI),도심권
3650,1_app_opened,app_opened,B(개선 UI),도심권
3650,2_home_viewed,home_viewed,B(개선 UI),도심권
3650,3_cart_interacted,cart_interacted,B(개선 UI),도심권
3651,1_app_opened,app_opened,B(개선 UI),도심권
3651,2_home_viewed,home_viewed,B(개선 UI),도심권
3651,3_cart_interacted,cart_interacted,B(개선 UI),도심권
3652,1_app_opened,app_opened,A(기존 UI),도심권
3653,1_app_opened,app_opened,B(개선 UI),도심권
3653,2_home_viewed,home_viewed,B(개선 UI),도심권
3654,1_app_opened,app_opened,A(기존 UI),도심권
3655,1_app_opened,app_opened,A(기존 UI),도심권
3655,2_home_viewed,home_viewed,A(기존 UI),도심권
3656,1_app_opened,app_opened,A(기존 UI),외곽 주거지(초월읍 등)
3657,1_app_opened,app_opened,A(기존 UI),도심권
3657,2_home_viewed,home_viewed,A(기존 UI),도심권
3657,3_cart_interacted,cart_interacted,A(기존 UI),도심권
3658,1_app_opened,app_opened,B(개선 UI),도심권
3658,2_home_viewed,home_viewed,B(개선 UI),도심권
3659,1_app_opened,app_opened,B(개선 UI),도심권
3659,2_home_viewed,home_viewed,B(개선 UI),도심권
3660,1_app_opened,app_opened,B(개선 UI),도심권
3660,2_home_viewed,home_viewed,B(개선 UI),도심권
3660,3_cart_interacted,cart_interacted,B(개선 UI),도심권
3660,4_purchase_completed,purchase_completed,B(개선 UI),도심권
3661,1_app_opened,app_opened,B(개선 UI),외곽 주거지(초월읍 등)
3661,2_home_viewed,home_viewed,B(개선 UI),외곽 주거지(초월읍 등)
3662,1_app_opened,app_opened,B(개선 UI),도심권
3662,2_home_viewed,home_viewed,B(개선 UI),도심권
3662,3_cart_interacted,cart_interacted,B(개선 UI),도심권
3663,1_app_opened,app_opened,A(기존 UI),도심권
3664,1_app_opened,app_opened,A(기존 UI),도심권
3664,2_home_viewed,home_viewed,A(기존 UI),도심권
3665,1_app_opened,app_opened,B(개선 UI),도심권
3666,1_app_opened,app_opened,A(기존 UI),외곽 주거지(초월읍 등)
3667,1_app_opened,app_opened,B(개선 UI),도심권
3668,1_app_opened,app_opened,A(기존 UI),도심권
3669,1_app_opened,app_opened,A(기존 UI),외곽 주거지(초월읍 등)
3670,1_app_opened,app_opened,A(기존 UI),외곽 주거지(초월읍 등)
3671,1_app_opened,app_opened,A(기존 UI),도심권
3672,1_app_opened,app_opened,A(기존 UI),도심권
3673,1_app_opened,app_opened,B(개선 UI),도심권
3674,1_app_opened,app_opened,A(기존 UI),도심권
3675,1_app_opened,app_opened,B(개선 UI),외곽 주거지(초월읍 등)
3675,2_home_viewed,home_viewed,B(개선 UI),외곽 주거지(초월읍 등)
3676,1_app_opened,app_opened,A(기존 UI),도심권
3677,1_app_opened,app_opened,A(기존 UI),도심권
3678,1_app_opened,app_opened,A(기존 UI),외곽 주거지(초월읍 등)
3679,1_app_opened,app_opened,B(개선 UI),도심권
3679,2_home_viewed,home_viewed,B(개선 UI),도심권
3679,3_cart_interacted,cart_interacted,B(개선 UI),도심권
3679,4_purchase_completed,purchase_completed,B(개선 UI),도심권
3680,1_app_opened,app_opened,A(기존 UI),도심권
3681,1_app_opened,app_opened,B(개선 UI),외곽 주거지(초월읍 등)
3682,1_app_opened,app_opened,A(기존 UI),외곽 주거지(초월읍 등)
3683,1_app_opened,app_opened,B(개선 UI),외곽 주거지(초월읍 등)
3683,2_home_viewed,home_viewed,B(개선 UI),외곽 주거지(초월읍 등)
3684,1_app_opened,app_opened,A(기존 UI),도심권
3684,2_home_viewed,home_viewed,A(기존 UI),도심권
3684,3_cart_interacted,cart_interacted,A(기존 UI),도심권
3685,1_app_opened,app_opened,B(개선 UI),외곽 주거지(초월읍 등)
3686,1_app_opened,app_opened,B(개선 UI),도심권
3687,1_app_opened,app_opened,B(개선 UI),도심권
3687,2_home_viewed,home_viewed,B(개선 UI),도심권
3688,1_app_opened,app_opened,A(기존 UI),외곽 주거지(초월읍 등)
3688,2_home_viewed,home_viewed,A(기존 UI),외곽 주거지(초월읍 등)
3689,1_app_opened,app_opened,A(기존 UI),도심권
3689,2_home_viewed,home_viewed,A(기존 UI),도심권
3690,1_app_opened,app_opened,A(기존 UI),외곽 주거지(초월읍 등)
3691,1_app_opened,app_opened,B(개선 UI),도심권
3691,2_home_viewed,home_viewed,B(개선 UI),도심권
3692,1_app_opened,app_opened,B(개선 UI),도심권
3693,1_app_opened,app_opened,B(개선 UI),외곽 주거지(초월읍 등)
3694,1_app_opened,app_opened,A(기존 UI),도심권
3695,1_app_opened,app_opened,A(기존 UI),도심권
3696,1_app_opened,app_opened,A(기존 UI),도심권
3697,1_app_opened,app_opened,B(개선 UI),외곽 주거지(초월읍 등)
3697,2_home_viewed,home_viewed,B(개선 UI),외곽 주거지(초월읍 등)
3698,1_app_opened,app_opened,B(개선 UI),도심권
3699,1_app_opened,app_opened,B(개선 UI),도심권
3699,2_home_viewed,home_viewed,B(개선 UI),도심권
3699,3_cart_interacted,cart_interacted,B(개선 UI),도심권
3700,1_app_opened,app_opened,A(기존 UI),도심권
3701,1_app_opened,app_opened,B(개선 UI),외곽 주거지(초월읍 등)
3702,1_app_opened,app_opened,B(개선 UI),외곽 주거지(초월읍 등)
3703,1_app_opened,app_opened,A(기존 UI),외곽 주거지(초월읍 등)
3704,1_app_opened,app_opened,B(개선 UI),도심권
3704,2_home_viewed,home_viewed,B(개선 UI),도심권
3704,3_cart_interacted,cart_interacted,B(개선 UI),도심권
3704,4_purchase_completed,purchase_completed,B(개선 UI),도심권
3705,1_app_opened,app_opened,B(개선 UI),도심권
3705,2_home_viewed,home_viewed,B(개선 UI),도심권
3705,3_cart_interacted,cart_interacted,B(개선 UI),도심권
3705,4_purchase_completed,purchase_completed,B(개선 UI),도심권
3706,1_app_opened,app_opened,B(개선 UI),도심권
3707,1_app_opened,app_opened,B(개선 UI),도심권
3707,2_home_viewed,home_viewed,B(개선 UI),도심권
3707,3_cart_interacted,cart_interacted,B(개선 UI),도심권
3708,1_app_opened,app_opened,A(기존 UI),도심권
3709,1_app_opened,app_opened,A(기존 UI),외곽 주거지(초월읍 등)
3710,1_app_opened,app_opened,B(개선 UI),외곽 주거지(초월읍 등)
3710,2_home_viewed,home_viewed,B(개선 UI),외곽 주거지(초월읍 등)
3711,1_app_opened,app_opened,A(기존 UI),도심권
3712,1_app_opened,app_opened,B(개선 UI),도심권
3713,1_app_opened,app_opened,B(개선 UI),외곽 주거지(초월읍 등)
3713,2_home_viewed,home_viewed,B(개선 UI),외곽 주거지(초월읍 등)
3713,3_cart_interacted,cart_interacted,B(개선 UI),외곽 주거지(초월읍 등)
3714,1_app_opened,app_opened,B(개선 UI),도심권
3714,2_home_viewed,home_viewed,B(개선 UI),도심권
3715,1_app_opened,app_opened,B(개선 UI),도심권
3715,2_home_viewed,home_viewed,B(개선 UI),도심권
3716,1_app_opened,app_opened,A(기존 UI),도심권
3717,1_app_opened,app_opened,A(기존 UI),도심권
3718,1_app_opened,app_opened,A(기존 UI),외곽 주거지(초월읍 등)
3719,1_app_opened,app_opened,A(기존 UI),도심권
3719,2_home_viewed,home_viewed,A(기존 UI),도심권
3720,1_app_opened,app_opened,A(기존 UI),도심권
3721,1_app_opened,app_opened,A(기존 UI),도심권
3721,2_home_viewed,home_viewed,A(기존 UI),도심권
3722,1_app_opened,app_opened,B(개선 UI),외곽 주거지(초월읍 등)
3722,2_home_viewed,home_viewed,B(개선 UI),외곽 주거지(초월읍 등)
3722,3_cart_interacted,cart_interacted,B(개선 UI),외곽 주거지(초월읍 등)
3723,1_app_opened,app_opened,B(개선 UI),도심권
3724,1_app_opened,app_opened,A(기존 UI),도심권
3725,1_app_opened,app_opened,A(기존 UI),외곽 주거지(초월읍 등)
3726,1_app_opened,app_opened,B(개선 UI),외곽 주거지(초월읍 등)
3726,2_home_viewed,home_viewed,B(개선 UI),외곽 주거지(초월읍 등)
3727,1_app_opened,app_opened,A(기존 UI),외곽 주거지(초월읍 등)
3728,1_app_opened,app_opened,A(기존 UI),외곽 주거지(초월읍 등)
3729,1_app_opened,app_opened,A(기존 UI),도심권
3730,1_app_opened,app_opened,B(개선 UI),도심권
3730,2_home_viewed,home_viewed,B(개선 UI),도심권
3731,1_app_opened,app_opened,A(기존 UI),도심권
3732,1_app_opened,app_opened,B(개선 UI),도심권
3732,2_home_viewed,home_viewed,B(개선 UI),도심권
3732,3_cart_interacted,cart_interacted,B(개선 UI),도심권
3733,1_app_opened,app_opened,A(기존 UI),외곽 주거지(초월읍 등)
3734,1_app_opened,app_opened,B(개선 UI),외곽 주거지(초월읍 등)
3735,1_app_opened,app_opened,A(기존 UI),외곽 주거지(초월읍 등)
3735,2_home_viewed,home_viewed,A(기존 UI),외곽 주거지(초월읍 등)
3736,1_app_opened,app_opened,A(기존 UI),도심권
3737,1_app_opened,app_opened,B(개선 UI),외곽 주거지(초월읍 등)
3737,2_home_viewed,home_viewed,B(개선 UI),외곽 주거지(초월읍 등)
3737,3_cart_interacted,cart_interacted,B(개선 UI),외곽 주거지(초월읍 등)
3738,1_app_opened,app_opened,B(개선 UI),외곽 주거지(초월읍 등)
3739,1_app_opened,app_opened,B(개선 UI),도심권
3740,1_app_opened,app_opened,B(개선 UI),외곽 주거지(초월읍 등)
3740,2_home_viewed,home_viewed,B(개선 UI),외곽 주거지(초월읍 등)
3740,3_cart_interacted,cart_interacted,B(개선 UI),외곽 주거지(초월읍 등)
3741,1_app_opened,app_opened,B(개선 UI),도심권
3741,2_home_viewed,home_viewed,B(개선 UI),도심권
3741,3_cart_interacted,cart_interacted,B(개선 UI),도심권
3742,1_app_opened,app_opened,B(개선 UI),도심권
3742,2_home_viewed,home_viewed,B(개선 UI),도심권
3742,3_cart_interacted,cart_interacted,B(개선 UI),도심권
3742,4_purchase_completed,purchase_completed,B(개선 UI),도심권
3743,1_app_opened,app_opened,B(개선 UI),도심권
3744,1_app_opened,app_opened,A(기존 UI),도심권
3745,1_app_opened,app_opened,A(기존 UI),도심권
3746,1_app_opened,app_opened,A(기존 UI),도심권
3747,1_app_opened,app_opened,B(개선 UI),외곽 주거지(초월읍 등)
3748,1_app_opened,app_opened,A(기존 UI),도심권
3748,2_home_viewed,home_viewed,A(기존 UI),도심권
3749,1_app_opened,app_opened,A(기존 UI),외곽 주거지(초월읍 등)
3750,1_app_opened,app_opened,B(개선 UI),도심권
3750,2_home_viewed,home_viewed,B(개선 UI),도심권
3751,1_app_opened,app_opened,B(개선 UI),도심권
3751,2_home_viewed,home_viewed,B(개선 UI),도심권
3752,1_app_opened,app_opened,B(개선 UI),도심권
3752,2_home_viewed,home_viewed,B(개선 UI),도심권
3753,1_app_opened,app_opened,A(기존 UI),도심권
3754,1_app_opened,app_opened,B(개선 UI),도심권
3755,1_app_opened,app_opened,A(기존 UI),도심권
3756,1_app_opened,app_opened,A(기존 UI),도심권
3757,1_app_opened,app_opened,A(기존 UI),도심권
3758,1_app_opened,app_opened,A(기존 UI),외곽 주거지(초월읍 등)
3759,1_app_opened,app_opened,A(기존 UI),도심권
3760,1_app_opened,app_opened,B(개선 UI),도심권
3760,2_home_viewed,home_viewed,B(개선 UI),도심권
3760,3_cart_interacted,cart_interacted,B(개선 UI),도심권
3761,1_app_opened,app_opened,A(기존 UI),도심권
3761,2_home_viewed,home_viewed,A(기존 UI),도심권
3762,1_app_opened,app_opened,B(개선 UI),도심권
3762,2_home_viewed,home_viewed,B(개선 UI),도심권
3763,1_app_opened,app_opened,B(개선 UI),도심권
3764,1_app_opened,app_opened,A(기존 UI),외곽 주거지(초월읍 등)
3764,2_home_viewed,home_viewed,A(기존 UI),외곽 주거지(초월읍 등)
3765,1_app_opened,app_opened,A(기존 UI),외곽 주거지(초월읍 등)
3766,1_app_opened,app_opened,A(기존 UI),도심권
3767,1_app_opened,app_opened,B(개선 UI),도심권
3768,1_app_opened,app_opened,A(기존 UI),도심권
3769,1_app_opened,app_opened,A(기존 UI),외곽 주거지(초월읍 등)
3770,1_app_opened,app_opened,A(기존 UI),도심권
3771,1_app_opened,app_opened,B(개선 UI),도심권
3771,2_home_viewed,home_viewed,B(개선 UI),도심권
3772,1_app_opened,app_opened,B(개선 UI),외곽 주거지(초월읍 등)
3773,1_app_opened,app_opened,A(기존 UI),외곽 주거지(초월읍 등)
3773,2_home_viewed,home_viewed,A(기존 UI),외곽 주거지(초월읍 등)
3774,1_app_opened,app_opened,B(개선 UI),외곽 주거지(초월읍 등)
3775,1_app_opened,app_opened,B(개선 UI),외곽 주거지(초월읍 등)
3775,2_home_viewed,home_viewed,B(개선 UI),외곽 주거지(초월읍 등)
3776,1_app_opened,app_opened,B(개선 UI),외곽 주거지(초월읍 등)
3776,2_home_viewed,home_viewed,B(개선 UI),외곽 주거지(초월읍 등)
3777,1_app_opened,app_opened,B(개선 UI),도심권
3778,1_app_opened,app_opened,B(개선 UI),도심권
3779,1_app_opened,app_opened,B(개선 UI),외곽 주거지(초월읍 등)
3779,2_home_viewed,home_viewed,B(개선 UI),외곽 주거지(초월읍 등)
3780,1_app_opened,app_opened,B(개선 UI),도심권
3781,1_app_opened,app_opened,A(기존 UI),외곽 주거지(초월읍 등)
3782,1_app_opened,app_opened,A(기존 UI),도심권
3783,1_app_opened,app_opened,A(기존 UI),도심권
3784,1_app_opened,app_opened,B(개선 UI),도심권
3784,2_home_viewed,home_viewed,B(개선 UI),도심권
3785,1_app_opened,app_opened,B(개선 UI),도심권
3786,1_app_opened,app_opened,A(기존 UI),도심권
3787,1_app_opened,app_opened,B(개선 UI),외곽 주거지(초월읍 등)
3787,2_home_viewed,home_viewed,B(개선 UI),외곽 주거지(초월읍 등)
3788,1_app_opened,app_opened,A(기존 UI),도심권
3789,1_app_opened,app_opened,A(기존 UI),외곽 주거지(초월읍 등)
3789,2_home_viewed,home_viewed,A(기존 UI),외곽 주거지(초월읍 등)
3790,1_app_opened,app_opened,B(개선 UI),도심권
3790,2_home_viewed,home_viewed,B(개선 UI),도심권
3791,1_app_opened,app_opened,A(기존 UI),도심권
3792,1_app_opened,app_opened,A(기존 UI),도심권
3793,1_app_opened,app_opened,B(개선 UI),도심권
3794,1_app_opened,app_opened,B(개선 UI),외곽 주거지(초월읍 등)
3794,2_home_viewed,home_viewed,B(개선 UI),외곽 주거지(초월읍 등)
3795,1_app_opened,app_opened,A(기존 UI),외곽 주거지(초월읍 등)
3796,1_app_opened,app_opened,B(개선 UI),외곽 주거지(초월읍 등)
3796,2_home_viewed,home_viewed,B(개선 UI),외곽 주거지(초월읍 등)
3797,1_app_opened,app_opened,B(개선 UI),외곽 주거지(초월읍 등)
3798,1_app_opened,app_opened,A(기존 UI),도심권
3799,1_app_opened,app_opened,A(기존 UI),외곽 주거지(초월읍 등)
3799,2_home_viewed,home_viewed,A(기존 UI),외곽 주거지(초월읍 등)
3800,1_app_opened,app_opened,B(개선 UI),외곽 주거지(초월읍 등)
3801,1_app_opened,app_opened,A(기존 UI),외곽 주거지(초월읍 등)
3802,1_app_opened,app_opened,B(개선 UI),도심권
3802,2_home_viewed,home_viewed,B(개선 UI),도심권
3803,1_app_opened,app_opened,B(개선 UI),외곽 주거지(초월읍 등)
3803,2_home_viewed,home_viewed,B(개선 UI),외곽 주거지(초월읍 등)
3804,1_app_opened,app_opened,B(개선 UI),도심권
3804,2_home_viewed,home_viewed,B(개선 UI),도심권
3805,1_app_opened,app_opened,A(기존 UI),외곽 주거지(초월읍 등)
3806,1_app_opened,app_opened,B(개선 UI),도심권
3806,2_home_viewed,home_viewed,B(개선 UI),도심권
3807,1_app_opened,app_opened,A(기존 UI),도심권
3808,1_app_opened,app_opened,A(기존 UI),도심권
3809,1_app_opened,app_opened,A(기존 UI),도심권
3810,1_app_opened,app_opened,A(기존 UI),도심권
3811,1_app_opened,app_opened,B(개선 UI),외곽 주거지(초월읍 등)
3812,1_app_opened,app_opened,A(기존 UI),도심권
3813,1_app_opened,app_opened,A(기존 UI),도심권
3814,1_app_opened,app_opened,B(개선 UI),도심권
3814,2_home_viewed,home_viewed,B(개선 UI),도심권
3815,1_app_opened,app_opened,A(기존 UI),도심권
3816,1_app_opened,app_opened,B(개선 UI),도심권
3816,2_home_viewed,home_viewed,B(개선 UI),도심권
3816,3_cart_interacted,cart_interacted,B(개선 UI),도심권
3817,1_app_opened,app_opened,A(기존 UI),도심권
3818,1_app_opened,app_opened,B(개선 UI),도심권
3818,2_home_viewed,home_viewed,B(개선 UI),도심권
3819,1_app_opened,app_opened,B(개선 UI),도심권
3820,1_app_opened,app_opened,A(기존 UI),도심권
3821,1_app_opened,app_opened,A(기존 UI),도심권
3822,1_app_opened,app_opened,A(기존 UI),도심권
3823,1_app_opened,app_opened,B(개선 UI),외곽 주거지(초월읍 등)
3824,1_app_opened,app_opened,A(기존 UI),도심권
3825,1_app_opened,app_opened,A(기존 UI),도심권
3826,1_app_opened,app_opened,A(기존 UI),도심권
3827,1_app_opened,app_opened,A(기존 UI),도심권
3827,2_home_viewed,home_viewed,A(기존 UI),도심권
3828,1_app_opened,app_opened,A(기존 UI),도심권
3829,1_app_opened,app_opened,B(개선 UI),도심권
3829,2_home_viewed,home_viewed,B(개선 UI),도심권
3830,1_app_opened,app_opened,A(기존 UI),도심권
3831,1_app_opened,app_opened,A(기존 UI),도심권
3832,1_app_opened,app_opened,B(개선 UI),도심권
3832,2_home_viewed,home_viewed,B(개선 UI),도심권
3832,3_cart_interacted,cart_interacted,B(개선 UI),도심권
3833,1_app_opened,app_opened,B(개선 UI),도심권
3833,2_home_viewed,home_viewed,B(개선 UI),도심권
3834,1_app_opened,app_opened,A(기존 UI),외곽 주거지(초월읍 등)
3835,1_app_opened,app_opened,A(기존 UI),도심권
3836,1_app_opened,app_opened,A(기존 UI),도심권
3837,1_app_opened,app_opened,B(개선 UI),외곽 주거지(초월읍 등)
3838,1_app_opened,app_opened,A(기존 UI),외곽 주거지(초월읍 등)
3839,1_app_opened,app_opened,B(개선 UI),도심권
3839,2_home_viewed,home_viewed,B(개선 UI),도심권
3839,3_cart_interacted,cart_interacted,B(개선 UI),도심권
3839,4_purchase_completed,purchase_completed,B(개선 UI),도심권
3840,1_app_opened,app_opened,B(개선 UI),외곽 주거지(초월읍 등)
3841,1_app_opened,app_opened,B(개선 UI),도심권
3841,2_home_viewed,home_viewed,B(개선 UI),도심권
3841,3_cart_interacted,cart_interacted,B(개선 UI),도심권
3842,1_app_opened,app_opened,A(기존 UI),도심권
3843,1_app_opened,app_opened,A(기존 UI),도심권
3844,1_app_opened,app_opened,A(기존 UI),도심권
3845,1_app_opened,app_opened,A(기존 UI),도심권
3846,1_app_opened,app_opened,B(개선 UI),도심권
3846,2_home_viewed,home_viewed,B(개선 UI),도심권
3847,1_app_opened,app_opened,B(개선 UI),도심권
3847,2_home_viewed,home_viewed,B(개선 UI),도심권
3848,1_app_opened,app_opened,B(개선 UI),도심권
3849,1_app_opened,app_opened,B(개선 UI),도심권
3850,1_app_opened,app_opened,A(기존 UI),도심권
3851,1_app_opened,app_opened,A(기존 UI),도심권
3852,1_app_opened,app_opened,A(기존 UI),도심권
3852,2_home_viewed,home_viewed,A(기존 UI),도심권
3853,1_app_opened,app_opened,B(개선 UI),외곽 주거지(초월읍 등)
3853,2_home_viewed,home_viewed,B(개선 UI),외곽 주거지(초월읍 등)
3853,3_cart_interacted,cart_interacted,B(개선 UI),외곽 주거지(초월읍 등)
3854,1_app_opened,app_opened,B(개선 UI),도심권
3855,1_app_opened,app_opened,B(개선 UI),도심권
3856,1_app_opened,app_opened,A(기존 UI),외곽 주거지(초월읍 등)
3856,2_home_viewed,home_viewed,A(기존 UI),외곽 주거지(초월읍 등)
3857,1_app_opened,app_opened,A(기존 UI),도심권
3858,1_app_opened,app_opened,B(개선 UI),외곽 주거지(초월읍 등)
3858,2_home_viewed,home_viewed,B(개선 UI),외곽 주거지(초월읍 등)
3859,1_app_opened,app_opened,A(기존 UI),도심권
3860,1_app_opened,app_opened,B(개선 UI),도심권
3860,2_home_viewed,home_viewed,B(개선 UI),도심권
3861,1_app_opened,app_opened,B(개선 UI),도심권
3862,1_app_opened,app_opened,B(개선 UI),도심권
3863,1_app_opened,app_opened,A(기존 UI),도심권
3864,1_app_opened,app_opened,A(기존 UI),외곽 주거지(초월읍 등)
3864,2_home_viewed,home_viewed,A(기존 UI),외곽 주거지(초월읍 등)
3865,1_app_opened,app_opened,A(기존 UI),외곽 주거지(초월읍 등)
3865,2_home_viewed,home_viewed,A(기존 UI),외곽 주거지(초월읍 등)
3866,1_app_opened,app_opened,A(기존 UI),도심권
3866,2_home_viewed,home_viewed,A(기존 UI),도심권
3867,1_app_opened,app_opened,A(기존 UI),외곽 주거지(초월읍 등)
3867,2_home_viewed,home_viewed,A(기존 UI),외곽 주거지(초월읍 등)
3868,1_app_opened,app_opened,B(개선 UI),도심권
3868,2_home_viewed,home_viewed,B(개선 UI),도심권
3868,3_cart_interacted,cart_interacted,B(개선 UI),도심권
3868,4_purchase_completed,purchase_completed,B(개선 UI),도심권
3869,1_app_opened,app_opened,B(개선 UI),도심권
3869,2_home_viewed,home_viewed,B(개선 UI),도심권
3870,1_app_opened,app_opened,A(기존 UI),도심권
3870,2_home_viewed,home_viewed,A(기존 UI),도심권
3871,1_app_opened,app_opened,A(기존 UI),외곽 주거지(초월읍 등)
3872,1_app_opened,app_opened,A(기존 UI),도심권
3873,1_app_opened,app_opened,A(기존 UI),도심권
3874,1_app_opened,app_opened,B(개선 UI),외곽 주거지(초월읍 등)
3874,2_home_viewed,home_viewed,B(개선 UI),외곽 주거지(초월읍 등)
3875,1_app_opened,app_opened,A(기존 UI),도심권
3876,1_app_opened,app_opened,A(기존 UI),도심권
3876,2_home_viewed,home_viewed,A(기존 UI),도심권
3877,1_app_opened,app_opened,A(기존 UI),도심권
3878,1_app_opened,app_opened,B(개선 UI),도심권
3878,2_home_viewed,home_viewed,B(개선 UI),도심권
3879,1_app_opened,app_opened,B(개선 UI),도심권
3879,2_home_viewed,home_viewed,B(개선 UI),도심권
3879,3_cart_interacted,cart_interacted,B(개선 UI),도심권
3880,1_app_opened,app_opened,A(기존 UI),외곽 주거지(초월읍 등)
3881,1_app_opened,app_opened,B(개선 UI),도심권
3881,2_home_viewed,home_viewed,B(개선 UI),도심권
3881,3_cart_interacted,cart_interacted,B(개선 UI),도심권
3882,1_app_opened,app_opened,B(개선 UI),도심권
3883,1_app_opened,app_opened,B(개선 UI),도심권
3883,2_home_viewed,home_viewed,B(개선 UI),도심권
3884,1_app_opened,app_opened,A(기존 UI),도심권
3885,1_app_opened,app_opened,B(개선 UI),도심권
3886,1_app_opened,app_opened,B(개선 UI),외곽 주거지(초월읍 등)
3886,2_home_viewed,home_viewed,B(개선 UI),외곽 주거지(초월읍 등)
3887,1_app_opened,app_opened,B(개선 UI),도심권
3887,2_home_viewed,home_viewed,B(개선 UI),도심권
3888,1_app_opened,app_opened,B(개선 UI),도심권
3889,1_app_opened,app_opened,B(개선 UI),도심권
3889,2_home_viewed,home_viewed,B(개선 UI),도심권
3889,3_cart_interacted,cart_interacted,B(개선 UI),도심권
3889,4_purchase_completed,purchase_completed,B(개선 UI),도심권
3890,1_app_opened,app_opened,A(기존 UI),도심권
3891,1_app_opened,app_opened,B(개선 UI),외곽 주거지(초월읍 등)
3891,2_home_viewed,home_viewed,B(개선 UI),외곽 주거지(초월읍 등)
3891,3_cart_interacted,cart_interacted,B(개선 UI),외곽 주거지(초월읍 등)
3892,1_app_opened,app_opened,B(개선 UI),외곽 주거지(초월읍 등)
3892,2_home_viewed,home_viewed,B(개선 UI),외곽 주거지(초월읍 등)
3892,3_cart_interacted,cart_interacted,B(개선 UI),외곽 주거지(초월읍 등)
3893,1_app_opened,app_opened,B(개선 UI),도심권
3893,2_home_viewed,home_viewed,B(개선 UI),도심권
3894,1_app_opened,app_opened,A(기존 UI),외곽 주거지(초월읍 등)
3894,2_home_viewed,home_viewed,A(기존 UI),외곽 주거지(초월읍 등)
3895,1_app_opened,app_opened,B(개선 UI),도심권
3895,2_home_viewed,home_viewed,B(개선 UI),도심권
3895,3_cart_interacted,cart_interacted,B(개선 UI),도심권
3896,1_app_opened,app_opened,B(개선 UI),도심권
3897,1_app_opened,app_opened,A(기존 UI),도심권
3898,1_app_opened,app_opened,B(개선 UI),도심권
3898,2_home_viewed,home_viewed,B(개선 UI),도심권
3898,3_cart_interacted,cart_interacted,B(개선 UI),도심권
3899,1_app_opened,app_opened,B(개선 UI),외곽 주거지(초월읍 등)
3899,2_home_viewed,home_viewed,B(개선 UI),외곽 주거지(초월읍 등)
3900,1_app_opened,app_opened,B(개선 UI),도심권
3900,2_home_viewed,home_viewed,B(개선 UI),도심권
3900,3_cart_interacted,cart_interacted,B(개선 UI),도심권
3901,1_app_opened,app_opened,A(기존 UI),도심권
3902,1_app_opened,app_opened,A(기존 UI),외곽 주거지(초월읍 등)
3902,2_home_viewed,home_viewed,A(기존 UI),외곽 주거지(초월읍 등)
3903,1_app_opened,app_opened,B(개선 UI),도심권
3903,2_home_viewed,home_viewed,B(개선 UI),도심권
3904,1_app_opened,app_opened,A(기존 UI),외곽 주거지(초월읍 등)
3905,1_app_opened,app_opened,B(개선 UI),도심권
3905,2_home_viewed,home_viewed,B(개선 UI),도심권
3906,1_app_opened,app_opened,A(기존 UI),도심권
3907,1_app_opened,app_opened,B(개선 UI),외곽 주거지(초월읍 등)
3907,2_home_viewed,home_viewed,B(개선 UI),외곽 주거지(초월읍 등)
3908,1_app_opened,app_opened,A(기존 UI),도심권
3908,2_home_viewed,home_viewed,A(기존 UI),도심권
3909,1_app_opened,app_opened,B(개선 UI),외곽 주거지(초월읍 등)
3909,2_home_viewed,home_viewed,B(개선 UI),외곽 주거지(초월읍 등)
3909,3_cart_interacted,cart_interacted,B(개선 UI),외곽 주거지(초월읍 등)
3910,1_app_opened,app_opened,A(기존 UI),도심권
3911,1_app_opened,app_opened,A(기존 UI),외곽 주거지(초월읍 등)
3912,1_app_opened,app_opened,A(기존 UI),도심권
3912,2_home_viewed,home_viewed,A(기존 UI),도심권
3913,1_app_opened,app_opened,A(기존 UI),도심권
3914,1_app_opened,app_opened,B(개선 UI),외곽 주거지(초월읍 등)
3914,2_home_viewed,home_viewed,B(개선 UI),외곽 주거지(초월읍 등)
3915,1_app_opened,app_opened,B(개선 UI),도심권
3916,1_app_opened,app_opened,A(기존 UI),외곽 주거지(초월읍 등)
3917,1_app_opened,app_opened,B(개선 UI),외곽 주거지(초월읍 등)
3917,2_home_viewed,home_viewed,B(개선 UI),외곽 주거지(초월읍 등)
3918,1_app_opened,app_opened,A(기존 UI),외곽 주거지(초월읍 등)
3919,1_app_opened,app_opened,B(개선 UI),외곽 주거지(초월읍 등)
3919,2_home_viewed,home_viewed,B(개선 UI),외곽 주거지(초월읍 등)
3919,3_cart_interacted,cart_interacted,B(개선 UI),외곽 주거지(초월읍 등)
3920,1_app_opened,app_opened,B(개선 UI),도심권
3920,2_home_viewed,home_viewed,B(개선 UI),도심권
3920,3_cart_interacted,cart_interacted,B(개선 UI),도심권
3921,1_app_opened,app_opened,B(개선 UI),도심권
3922,1_app_opened,app_opened,A(기존 UI),도심권
3923,1_app_opened,app_opened,B(개선 UI),도심권
3923,2_home_viewed,home_viewed,B(개선 UI),도심권
3924,1_app_opened,app_opened,A(기존 UI),도심권
3924,2_home_viewed,home_viewed,A(기존 UI),도심권
3924,3_cart_interacted,cart_interacted,A(기존 UI),도심권
3924,4_purchase_completed,purchase_completed,A(기존 UI),도심권
3925,1_app_opened,app_opened,B(개선 UI),도심권
3926,1_app_opened,app_opened,A(기존 UI),도심권
3927,1_app_opened,app_opened,B(개선 UI),도심권
3927,2_home_viewed,home_viewed,B(개선 UI),도심권
3928,1_app_opened,app_opened,B(개선 UI),도심권
3929,1_app_opened,app_opened,B(개선 UI),외곽 주거지(초월읍 등)
3929,2_home_viewed,home_viewed,B(개선 UI),외곽 주거지(초월읍 등)
3930,1_app_opened,app_opened,A(기존 UI),도심권
3931,1_app_opened,app_opened,B(개선 UI),도심권
3931,2_home_viewed,home_viewed,B(개선 UI),도심권
3931,3_cart_interacted,cart_interacted,B(개선 UI),도심권
3931,4_purchase_completed,purchase_completed,B(개선 UI),도심권
3932,1_app_opened,app_opened,A(기존 UI),외곽 주거지(초월읍 등)
3933,1_app_opened,app_opened,B(개선 UI),도심권
3933,2_home_viewed,home_viewed,B(개선 UI),도심권
3934,1_app_opened,app_opened,A(기존 UI),외곽 주거지(초월읍 등)
3935,1_app_opened,app_opened,A(기존 UI),도심권
3936,1_app_opened,app_opened,B(개선 UI),도심권
3937,1_app_opened,app_opened,A(기존 UI),도심권
3938,1_app_opened,app_opened,A(기존 UI),외곽 주거지(초월읍 등)
3939,1_app_opened,app_opened,A(기존 UI),도심권
3940,1_app_opened,app_opened,A(기존 UI),외곽 주거지(초월읍 등)
3940,2_home_viewed,home_viewed,A(기존 UI),외곽 주거지(초월읍 등)
3941,1_app_opened,app_opened,B(개선 UI),도심권
3941,2_home_viewed,home_viewed,B(개선 UI),도심권
3942,1_app_opened,app_opened,B(개선 UI),도심권
3942,2_home_viewed,home_viewed,B(개선 UI),도심권
3942,3_cart_interacted,cart_interacted,B(개선 UI),도심권
3942,4_purchase_completed,purchase_completed,B(개선 UI),도심권
3943,1_app_opened,app_opened,A(기존 UI),도심권
3944,1_app_opened,app_opened,A(기존 UI),도심권
3944,2_home_viewed,home_viewed,A(기존 UI),도심권
3945,1_app_opened,app_opened,A(기존 UI),도심권
3946,1_app_opened,app_opened,A(기존 UI),외곽 주거지(초월읍 등)
3947,1_app_opened,app_opened,B(개선 UI),도심권
3948,1_app_opened,app_opened,B(개선 UI),도심권
3948,2_home_viewed,home_viewed,B(개선 UI),도심권
3948,3_cart_interacted,cart_interacted,B(개선 UI),도심권
3949,1_app_opened,app_opened,A(기존 UI),도심권
3950,1_app_opened,app_opened,A(기존 UI),외곽 주거지(초월읍 등)
3951,1_app_opened,app_opened,A(기존 UI),외곽 주거지(초월읍 등)
3952,1_app_opened,app_opened,B(개선 UI),외곽 주거지(초월읍 등)
3952,2_home_viewed,home_viewed,B(개선 UI),외곽 주거지(초월읍 등)
3952,3_cart_interacted,cart_interacted,B(개선 UI),외곽 주거지(초월읍 등)
3953,1_app_opened,app_opened,B(개선 UI),외곽 주거지(초월읍 등)
3953,2_home_viewed,home_viewed,B(개선 UI),외곽 주거지(초월읍 등)
3954,1_app_opened,app_opened,A(기존 UI),외곽 주거지(초월읍 등)
3955,1_app_opened,app_opened,A(기존 UI),외곽 주거지(초월읍 등)
3956,1_app_opened,app_opened,B(개선 UI),외곽 주거지(초월읍 등)
3956,2_home_viewed,home_viewed,B(개선 UI),외곽 주거지(초월읍 등)
3957,1_app_opened,app_opened,B(개선 UI),도심권
3958,1_app_opened,app_opened,A(기존 UI),도심권
3958,2_home_viewed,home_viewed,A(기존 UI),도심권
3959,1_app_opened,app_opened,A(기존 UI),도심권
3960,1_app_opened,app_opened,A(기존 UI),도심권
3960,2_home_viewed,home_viewed,A(기존 UI),도심권
3961,1_app_opened,app_opened,B(개선 UI),도심권
3961,2_home_viewed,home_viewed,B(개선 UI),도심권
3962,1_app_opened,app_opened,A(기존 UI),도심권
3963,1_app_opened,app_opened,A(기존 UI),외곽 주거지(초월읍 등)
3964,1_app_opened,app_opened,B(개선 UI),도심권
3964,2_home_viewed,home_viewed,B(개선 UI),도심권
3964,3_cart_interacted,cart_interacted,B(개선 UI),도심권
3964,4_purchase_completed,purchase_completed,B(개선 UI),도심권
3965,1_app_opened,app_opened,A(기존 UI),외곽 주거지(초월읍 등)
3965,2_home_viewed,home_viewed,A(기존 UI),외곽 주거지(초월읍 등)
3966,1_app_opened,app_opened,B(개선 UI),외곽 주거지(초월읍 등)
3967,1_app_opened,app_opened,A(기존 UI),외곽 주거지(초월읍 등)
3968,1_app_opened,app_opened,A(기존 UI),외곽 주거지(초월읍 등)
3969,1_app_opened,app_opened,B(개선 UI),외곽 주거지(초월읍 등)
3969,2_home_viewed,home_viewed,B(개선 UI),외곽 주거지(초월읍 등)
3970,1_app_opened,app_opened,A(기존 UI),도심권
3971,1_app_opened,app_opened,B(개선 UI),도심권
3971,2_home_viewed,home_viewed,B(개선 UI),도심권
3972,1_app_opened,app_opened,B(개선 UI),도심권
3972,2_home_viewed,home_viewed,B(개선 UI),도심권
3973,1_app_opened,app_opened,A(기존 UI),외곽 주거지(초월읍 등)
3974,1_app_opened,app_opened,B(개선 UI),외곽 주거지(초월읍 등)
3974,2_home_viewed,home_viewed,B(개선 UI),외곽 주거지(초월읍 등)
3975,1_app_opened,app_opened,A(기존 UI),외곽 주거지(초월읍 등)
3976,1_app_opened,app_opened,B(개선 UI),도심권
3977,1_app_opened,app_opened,A(기존 UI),도심권
3978,1_app_opened,app_opened,B(개선 UI),도심권
3978,2_home_viewed,home_viewed,B(개선 UI),도심권
3979,1_app_opened,app_opened,A(기존 UI),도심권
3980,1_app_opened,app_opened,A(기존 UI),도심권
3981,1_app_opened,app_opened,B(개선 UI),도심권
3981,2_home_viewed,home_viewed,B(개선 UI),도심권
3982,1_app_opened,app_opened,B(개선 UI),외곽 주거지(초월읍 등)
3982,2_home_viewed,home_viewed,B(개선 UI),외곽 주거지(초월읍 등)
3983,1_app_opened,app_opened,A(기존 UI),도심권
3983,2_home_viewed,home_viewed,A(기존 UI),도심권
3984,1_app_opened,app_opened,A(기존 UI),도심권
3984,2_home_viewed,home_viewed,A(기존 UI),도심권
3984,3_cart_interacted,cart_interacted,A(기존 UI),도심권
3984,4_purchase_completed,purchase_completed,A(기존 UI),도심권
3985,1_app_opened,app_opened,B(개선 UI),외곽 주거지(초월읍 등)
3986,1_app_opened,app_opened,B(개선 UI),도심권
3987,1_app_opened,app_opened,A(기존 UI),도심권
3987,2_home_viewed,home_viewed,A(기존 UI),도심권
3988,1_app_opened,app_opened,A(기존 UI),도심권
3989,1_app_opened,app_opened,A(기존 UI),도심권
3989,2_home_viewed,home_viewed,A(기존 UI),도심권
3989,3_cart_interacted,cart_interacted,A(기존 UI),도심권
3990,1_app_opened,app_opened,B(개선 UI),도심권
3990,2_home_viewed,home_viewed,B(개선 UI),도심권
3990,3_cart_interacted,cart_interacted,B(개선 UI),도심권
3990,4_purchase_completed,purchase_completed,B(개선 UI),도심권
3991,1_app_opened,app_opened,A(기존 UI),도심권
3992,1_app_opened,app_opened,A(기존 UI),도심권
3992,2_home_viewed,home_viewed,A(기존 UI),도심권
3993,1_app_opened,app_opened,B(개선 UI),도심권
3994,1_app_opened,app_opened,A(기존 UI),도심권
3995,1_app_opened,app_opened,A(기존 UI),외곽 주거지(초월읍 등)
3996,1_app_opened,app_opened,A(기존 UI),도심권
3997,1_app_opened,app_opened,A(기존 UI),외곽 주거지(초월읍 등)
3998,1_app_opened,app_opened,A(기존 UI),도심권
3998,2_home_viewed,home_viewed,A(기존 UI),도심권
3999,1_app_opened,app_opened,B(개선 UI),도심권
3999,2_home_viewed,home_viewed,B(개선 UI),도심권
4000,1_app_opened,app_opened,A(기존 UI),외곽 주거지(초월읍 등)
4001,1_app_opened,app_opened,B(개선 UI),도심권
4002,1_app_opened,app_opened,B(개선 UI),도심권
4002,2_home_viewed,home_viewed,B(개선 UI),도심권
4002,3_cart_interacted,cart_interacted,B(개선 UI),도심권
4003,1_app_opened,app_opened,B(개선 UI),도심권
4004,1_app_opened,app_opened,A(기존 UI),도심권
4005,1_app_opened,app_opened,A(기존 UI),외곽 주거지(초월읍 등)
4006,1_app_opened,app_opened,A(기존 UI),외곽 주거지(초월읍 등)
4006,2_home_viewed,home_viewed,A(기존 UI),외곽 주거지(초월읍 등)
4007,1_app_opened,app_opened,A(기존 UI),도심권
4007,2_home_viewed,home_viewed,A(기존 UI),도심권
4008,1_app_opened,app_opened,A(기존 UI),도심권
4008,2_home_viewed,home_viewed,A(기존 UI),도심권
4009,1_app_opened,app_opened,B(개선 UI),도심권
4010,1_app_opened,app_opened,A(기존 UI),외곽 주거지(초월읍 등)
4011,1_app_opened,app_opened,A(기존 UI),외곽 주거지(초월읍 등)
4012,1_app_opened,app_opened,A(기존 UI),외곽 주거지(초월읍 등)
4012,2_home_viewed,home_viewed,A(기존 UI),외곽 주거지(초월읍 등)
4013,1_app_opened,app_opened,B(개선 UI),도심권
4013,2_home_viewed,home_viewed,B(개선 UI),도심권
4014,1_app_opened,app_opened,A(기존 UI),외곽 주거지(초월읍 등)
4015,1_app_opened,app_opened,B(개선 UI),도심권
4015,2_home_viewed,home_viewed,B(개선 UI),도심권
4016,1_app_opened,app_opened,A(기존 UI),도심권
4017,1_app_opened,app_opened,B(개선 UI),외곽 주거지(초월읍 등)
4017,2_home_viewed,home_viewed,B(개선 UI),외곽 주거지(초월읍 등)
4018,1_app_opened,app_opened,B(개선 UI),도심권
4018,2_home_viewed,home_viewed,B(개선 UI),도심권
4018,3_cart_interacted,cart_interacted,B(개선 UI),도심권
4018,4_purchase_completed,purchase_completed,B(개선 UI),도심권
4019,1_app_opened,app_opened,A(기존 UI),외곽 주거지(초월읍 등)
4019,2_home_viewed,home_viewed,A(기존 UI),외곽 주거지(초월읍 등)
4020,1_app_opened,app_opened,A(기존 UI),도심권
4020,2_home_viewed,home_viewed,A(기존 UI),도심권
4020,3_cart_interacted,cart_interacted,A(기존 UI),도심권
4020,4_purchase_completed,purchase_completed,A(기존 UI),도심권
4021,1_app_opened,app_opened,A(기존 UI),외곽 주거지(초월읍 등)
4022,1_app_opened,app_opened,A(기존 UI),도심권
4023,1_app_opened,app_opened,B(개선 UI),도심권
4023,2_home_viewed,home_viewed,B(개선 UI),도심권
4023,3_cart_interacted,cart_interacted,B(개선 UI),도심권
4023,4_purchase_completed,purchase_completed,B(개선 UI),도심권
4024,1_app_opened,app_opened,B(개선 UI),도심권
4024,2_home_viewed,home_viewed,B(개선 UI),도심권
4024,3_cart_interacted,cart_interacted,B(개선 UI),도심권
4025,1_app_opened,app_opened,B(개선 UI),도심권
4025,2_home_viewed,home_viewed,B(개선 UI),도심권
4026,1_app_opened,app_opened,B(개선 UI),도심권
4026,2_home_viewed,home_viewed,B(개선 UI),도심권
4027,1_app_opened,app_opened,A(기존 UI),도심권
4028,1_app_opened,app_opened,A(기존 UI),도심권
4029,1_app_opened,app_opened,B(개선 UI),도심권
4029,2_home_viewed,home_viewed,B(개선 UI),도심권
4029,3_cart_interacted,cart_interacted,B(개선 UI),도심권
4030,1_app_opened,app_opened,A(기존 UI),도심권
4031,1_app_opened,app_opened,B(개선 UI),도심권
4032,1_app_opened,app_opened,A(기존 UI),외곽 주거지(초월읍 등)
4032,2_home_viewed,home_viewed,A(기존 UI),외곽 주거지(초월읍 등)
4033,1_app_opened,app_opened,A(기존 UI),외곽 주거지(초월읍 등)
4034,1_app_opened,app_opened,B(개선 UI),도심권
4034,2_home_viewed,home_viewed,B(개선 UI),도심권
4035,1_app_opened,app_opened,A(기존 UI),도심권
4036,1_app_opened,app_opened,B(개선 UI),외곽 주거지(초월읍 등)
4036,2_home_viewed,home_viewed,B(개선 UI),외곽 주거지(초월읍 등)
4036,3_cart_interacted,cart_interacted,B(개선 UI),외곽 주거지(초월읍 등)
4037,1_app_opened,app_opened,B(개선 UI),도심권
4037,2_home_viewed,home_viewed,B(개선 UI),도심권
4037,3_cart_interacted,cart_interacted,B(개선 UI),도심권
4038,1_app_opened,app_opened,B(개선 UI),도심권
4039,1_app_opened,app_opened,B(개선 UI),도심권
4039,2_home_viewed,home_viewed,B(개선 UI),도심권
4040,1_app_opened,app_opened,B(개선 UI),도심권
4040,2_home_viewed,home_viewed,B(개선 UI),도심권
4041,1_app_opened,app_opened,B(개선 UI),도심권
4042,1_app_opened,app_opened,A(기존 UI),도심권
4042,2_home_viewed,home_viewed,A(기존 UI),도심권
4043,1_app_opened,app_opened,A(기존 UI),도심권
4044,1_app_opened,app_opened,B(개선 UI),도심권
4044,2_home_viewed,home_viewed,B(개선 UI),도심권
4045,1_app_opened,app_opened,A(기존 UI),도심권
4046,1_app_opened,app_opened,A(기존 UI),도심권
4047,1_app_opened,app_opened,A(기존 UI),도심권
4048,1_app_opened,app_opened,B(개선 UI),도심권
4049,1_app_opened,app_opened,B(개선 UI),외곽 주거지(초월읍 등)
4049,2_home_viewed,home_viewed,B(개선 UI),외곽 주거지(초월읍 등)
4050,1_app_opened,app_opened,A(기존 UI),도심권
4051,1_app_opened,app_opened,B(개선 UI),도심권
4051,2_home_viewed,home_viewed,B(개선 UI),도심권
4052,1_app_opened,app_opened,B(개선 UI),도심권
4052,2_home_viewed,home_viewed,B(개선 UI),도심권
4053,1_app_opened,app_opened,B(개선 UI),도심권
4053,2_home_viewed,home_viewed,B(개선 UI),도심권
4053,3_cart_interacted,cart_interacted,B(개선 UI),도심권
4054,1_app_opened,app_opened,B(개선 UI),도심권
4055,1_app_opened,app_opened,B(개선 UI),도심권
4055,2_home_viewed,home_viewed,B(개선 UI),도심권
4055,3_cart_interacted,cart_interacted,B(개선 UI),도심권
4055,4_purchase_completed,purchase_completed,B(개선 UI),도심권
4056,1_app_opened,app_opened,A(기존 UI),외곽 주거지(초월읍 등)
4056,2_home_viewed,home_viewed,A(기존 UI),외곽 주거지(초월읍 등)
4057,1_app_opened,app_opened,B(개선 UI),도심권
4058,1_app_opened,app_opened,A(기존 UI),외곽 주거지(초월읍 등)
4059,1_app_opened,app_opened,B(개선 UI),도심권
4060,1_app_opened,app_opened,B(개선 UI),외곽 주거지(초월읍 등)
4060,2_home_viewed,home_viewed,B(개선 UI),외곽 주거지(초월읍 등)
4061,1_app_opened,app_opened,A(기존 UI),외곽 주거지(초월읍 등)
4061,2_home_viewed,home_viewed,A(기존 UI),외곽 주거지(초월읍 등)
4061,3_cart_interacted,cart_interacted,A(기존 UI),외곽 주거지(초월읍 등)
4062,1_app_opened,app_opened,A(기존 UI),외곽 주거지(초월읍 등)
4063,1_app_opened,app_opened,B(개선 UI),도심권
4064,1_app_opened,app_opened,A(기존 UI),도심권
4065,1_app_opened,app_opened,B(개선 UI),외곽 주거지(초월읍 등)
4066,1_app_opened,app_opened,A(기존 UI),외곽 주거지(초월읍 등)
4067,1_app_opened,app_opened,A(기존 UI),외곽 주거지(초월읍 등)
4068,1_app_opened,app_opened,B(개선 UI),도심권
4068,2_home_viewed,home_viewed,B(개선 UI),도심권
4069,1_app_opened,app_opened,B(개선 UI),외곽 주거지(초월읍 등)
4069,2_home_viewed,home_viewed,B(개선 UI),외곽 주거지(초월읍 등)
4070,1_app_opened,app_opened,B(개선 UI),도심권
4070,2_home_viewed,home_viewed,B(개선 UI),도심권
4071,1_app_opened,app_opened,A(기존 UI),도심권
4072,1_app_opened,app_opened,B(개선 UI),도심권
4072,2_home_viewed,home_viewed,B(개선 UI),도심권
4072,3_cart_interacted,cart_interacted,B(개선 UI),도심권
4072,4_purchase_completed,purchase_completed,B(개선 UI),도심권
4073,1_app_opened,app_opened,B(개선 UI),도심권
4073,2_home_viewed,home_viewed,B(개선 UI),도심권
4073,3_cart_interacted,cart_interacted,B(개선 UI),도심권
4074,1_app_opened,app_opened,B(개선 UI),외곽 주거지(초월읍 등)
4075,1_app_opened,app_opened,B(개선 UI),도심권
4075,2_home_viewed,home_viewed,B(개선 UI),도심권
4076,1_app_opened,app_opened,B(개선 UI),도심권
4076,2_home_viewed,home_viewed,B(개선 UI),도심권
4076,3_cart_interacted,cart_interacted,B(개선 UI),도심권
4077,1_app_opened,app_opened,A(기존 UI),도심권
4078,1_app_opened,app_opened,A(기존 UI),도심권
4078,2_home_viewed,home_viewed,A(기존 UI),도심권
4079,1_app_opened,app_opened,B(개선 UI),도심권
4080,1_app_opened,app_opened,A(기존 UI),도심권
4081,1_app_opened,app_opened,B(개선 UI),도심권
4081,2_home_viewed,home_viewed,B(개선 UI),도심권
4082,1_app_opened,app_opened,A(기존 UI),외곽 주거지(초월읍 등)
4083,1_app_opened,app_opened,B(개선 UI),외곽 주거지(초월읍 등)
4083,2_home_viewed,home_viewed,B(개선 UI),외곽 주거지(초월읍 등)
4084,1_app_opened,app_opened,B(개선 UI),도심권
4084,2_home_viewed,home_viewed,B(개선 UI),도심권
4085,1_app_opened,app_opened,A(기존 UI),도심권
4086,1_app_opened,app_opened,A(기존 UI),도심권
4087,1_app_opened,app_opened,A(기존 UI),외곽 주거지(초월읍 등)
4088,1_app_opened,app_opened,B(개선 UI),도심권
4088,2_home_viewed,home_viewed,B(개선 UI),도심권
4088,3_cart_interacted,cart_interacted,B(개선 UI),도심권
4088,4_purchase_completed,purchase_completed,B(개선 UI),도심권
4089,1_app_opened,app_opened,B(개선 UI),도심권
4090,1_app_opened,app_opened,A(기존 UI),도심권
4091,1_app_opened,app_opened,B(개선 UI),외곽 주거지(초월읍 등)
4092,1_app_opened,app_opened,A(기존 UI),도심권
4092,2_home_viewed,home_viewed,A(기존 UI),도심권
4093,1_app_opened,app_opened,A(기존 UI),도심권
4094,1_app_opened,app_opened,B(개선 UI),외곽 주거지(초월읍 등)
4094,2_home_viewed,home_viewed,B(개선 UI),외곽 주거지(초월읍 등)
4095,1_app_opened,app_opened,A(기존 UI),도심권
4096,1_app_opened,app_opened,A(기존 UI),외곽 주거지(초월읍 등)
4097,1_app_opened,app_opened,A(기존 UI),도심권
4098,1_app_opened,app_opened,A(기존 UI),외곽 주거지(초월읍 등)
4099,1_app_opened,app_opened,A(기존 UI),도심권
4100,1_app_opened,app_opened,A(기존 UI),외곽 주거지(초월읍 등)
4101,1_app_opened,app_opened,B(개선 UI),도심권
4102,1_app_opened,app_opened,A(기존 UI),외곽 주거지(초월읍 등)
4102,2_home_viewed,home_viewed,A(기존 UI),외곽 주거지(초월읍 등)
4103,1_app_opened,app_opened,B(개선 UI),도심권
4103,2_home_viewed,home_viewed,B(개선 UI),도심권
4103,3_cart_interacted,cart_interacted,B(개선 UI),도심권
4103,4_purchase_completed,purchase_completed,B(개선 UI),도심권
4104,1_app_opened,app_opened,A(기존 UI),도심권
4105,1_app_opened,app_opened,A(기존 UI),외곽 주거지(초월읍 등)
4106,1_app_opened,app_opened,B(개선 UI),도심권
4106,2_home_viewed,home_viewed,B(개선 UI),도심권
4107,1_app_opened,app_opened,B(개선 UI),도심권
4107,2_home_viewed,home_viewed,B(개선 UI),도심권
4108,1_app_opened,app_opened,A(기존 UI),도심권
4109,1_app_opened,app_opened,B(개선 UI),외곽 주거지(초월읍 등)
4110,1_app_opened,app_opened,B(개선 UI),도심권
4110,2_home_viewed,home_viewed,B(개선 UI),도심권
4111,1_app_opened,app_opened,B(개선 UI),외곽 주거지(초월읍 등)
4111,2_home_viewed,home_viewed,B(개선 UI),외곽 주거지(초월읍 등)
4112,1_app_opened,app_opened,B(개선 UI),도심권
4112,2_home_viewed,home_viewed,B(개선 UI),도심권
4113,1_app_opened,app_opened,A(기존 UI),도심권
4114,1_app_opened,app_opened,A(기존 UI),도심권
4115,1_app_opened,app_opened,B(개선 UI),도심권
4116,1_app_opened,app_opened,A(기존 UI),도심권
4117,1_app_opened,app_opened,B(개선 UI),도심권
4118,1_app_opened,app_opened,A(기존 UI),도심권
4119,1_app_opened,app_opened,A(기존 UI),외곽 주거지(초월읍 등)
4120,1_app_opened,app_opened,B(개선 UI),도심권
4120,2_home_viewed,home_viewed,B(개선 UI),도심권
4121,1_app_opened,app_opened,A(기존 UI),도심권
4122,1_app_opened,app_opened,B(개선 UI),도심권
4123,1_app_opened,app_opened,B(개선 UI),도심권
4123,2_home_viewed,home_viewed,B(개선 UI),도심권
4123,3_cart_interacted,cart_interacted,B(개선 UI),도심권
4123,4_purchase_completed,purchase_completed,B(개선 UI),도심권
4124,1_app_opened,app_opened,B(개선 UI),도심권
4125,1_app_opened,app_opened,B(개선 UI),도심권
4125,2_home_viewed,home_viewed,B(개선 UI),도심권
4125,3_cart_interacted,cart_interacted,B(개선 UI),도심권
4126,1_app_opened,app_opened,B(개선 UI),외곽 주거지(초월읍 등)
4126,2_home_viewed,home_viewed,B(개선 UI),외곽 주거지(초월읍 등)
4127,1_app_opened,app_opened,B(개선 UI),도심권
4127,2_home_viewed,home_viewed,B(개선 UI),도심권
4127,3_cart_interacted,cart_interacted,B(개선 UI),도심권
4127,4_purchase_completed,purchase_completed,B(개선 UI),도심권
4128,1_app_opened,app_opened,B(개선 UI),도심권
4129,1_app_opened,app_opened,A(기존 UI),도심권
4130,1_app_opened,app_opened,A(기존 UI),도심권
4131,1_app_opened,app_opened,A(기존 UI),도심권
4132,1_app_opened,app_opened,A(기존 UI),도심권
4133,1_app_opened,app_opened,B(개선 UI),도심권
4133,2_home_viewed,home_viewed,B(개선 UI),도심권
4134,1_app_opened,app_opened,B(개선 UI),도심권
4134,2_home_viewed,home_viewed,B(개선 UI),도심권
4135,1_app_opened,app_opened,B(개선 UI),외곽 주거지(초월읍 등)
4135,2_home_viewed,home_viewed,B(개선 UI),외곽 주거지(초월읍 등)
4136,1_app_opened,app_opened,A(기존 UI),도심권
4137,1_app_opened,app_opened,B(개선 UI),도심권
4137,2_home_viewed,home_viewed,B(개선 UI),도심권
4138,1_app_opened,app_opened,A(기존 UI),도심권
4138,2_home_viewed,home_viewed,A(기존 UI),도심권
4138,3_cart_interacted,cart_interacted,A(기존 UI),도심권
4139,1_app_opened,app_opened,B(개선 UI),도심권
4140,1_app_opened,app_opened,B(개선 UI),도심권
4140,2_home_viewed,home_viewed,B(개선 UI),도심권
4140,3_cart_interacted,cart_interacted,B(개선 UI),도심권
4141,1_app_opened,app_opened,A(기존 UI),도심권
4142,1_app_opened,app_opened,A(기존 UI),외곽 주거지(초월읍 등)
4143,1_app_opened,app_opened,A(기존 UI),도심권
4144,1_app_opened,app_opened,B(개선 UI),도심권
4144,2_home_viewed,home_viewed,B(개선 UI),도심권
4145,1_app_opened,app_opened,B(개선 UI),도심권
4146,1_app_opened,app_opened,B(개선 UI),도심권
4146,2_home_viewed,home_viewed,B(개선 UI),도심권
4147,1_app_opened,app_opened,A(기존 UI),도심권
4148,1_app_opened,app_opened,A(기존 UI),도심권
4149,1_app_opened,app_opened,B(개선 UI),도심권
4149,2_home_viewed,home_viewed,B(개선 UI),도심권
4149,3_cart_interacted,cart_interacted,B(개선 UI),도심권
4149,4_purchase_completed,purchase_completed,B(개선 UI),도심권
4150,1_app_opened,app_opened,B(개선 UI),도심권
4151,1_app_opened,app_opened,A(기존 UI),도심권
4152,1_app_opened,app_opened,A(기존 UI),외곽 주거지(초월읍 등)
4153,1_app_opened,app_opened,B(개선 UI),도심권
4153,2_home_viewed,home_viewed,B(개선 UI),도심권
4154,1_app_opened,app_opened,A(기존 UI),도심권
4154,2_home_viewed,home_viewed,A(기존 UI),도심권
4155,1_app_opened,app_opened,A(기존 UI),외곽 주거지(초월읍 등)
4156,1_app_opened,app_opened,A(기존 UI),외곽 주거지(초월읍 등)
4157,1_app_opened,app_opened,B(개선 UI),외곽 주거지(초월읍 등)
4158,1_app_opened,app_opened,B(개선 UI),도심권
4158,2_home_viewed,home_viewed,B(개선 UI),도심권
4159,1_app_opened,app_opened,B(개선 UI),외곽 주거지(초월읍 등)
4159,2_home_viewed,home_viewed,B(개선 UI),외곽 주거지(초월읍 등)
4159,3_cart_interacted,cart_interacted,B(개선 UI),외곽 주거지(초월읍 등)
4159,4_purchase_completed,purchase_completed,B(개선 UI),외곽 주거지(초월읍 등)
4160,1_app_opened,app_opened,B(개선 UI),도심권
4160,2_home_viewed,home_viewed,B(개선 UI),도심권
4161,1_app_opened,app_opened,B(개선 UI),도심권
4161,2_home_viewed,home_viewed,B(개선 UI),도심권
4162,1_app_opened,app_opened,A(기존 UI),도심권
4163,1_app_opened,app_opened,B(개선 UI),외곽 주거지(초월읍 등)
4164,1_app_opened,app_opened,A(기존 UI),도심권
4164,2_home_viewed,home_viewed,A(기존 UI),도심권
4164,3_cart_interacted,cart_interacted,A(기존 UI),도심권
4164,4_purchase_completed,purchase_completed,A(기존 UI),도심권
4165,1_app_opened,app_opened,B(개선 UI),도심권
4165,2_home_viewed,home_viewed,B(개선 UI),도심권
4166,1_app_opened,app_opened,A(기존 UI),도심권
4167,1_app_opened,app_opened,A(기존 UI),도심권
4167,2_home_viewed,home_viewed,A(기존 UI),도심권
4168,1_app_opened,app_opened,A(기존 UI),외곽 주거지(초월읍 등)
4169,1_app_opened,app_opened,A(기존 UI),도심권
4170,1_app_opened,app_opened,A(기존 UI),도심권
4170,2_home_viewed,home_viewed,A(기존 UI),도심권
4171,1_app_opened,app_opened,A(기존 UI),외곽 주거지(초월읍 등)
4171,2_home_viewed,home_viewed,A(기존 UI),외곽 주거지(초월읍 등)
4172,1_app_opened,app_opened,B(개선 UI),도심권
4173,1_app_opened,app_opened,A(기존 UI),도심권
4174,1_app_opened,app_opened,B(개선 UI),외곽 주거지(초월읍 등)
4174,2_home_viewed,home_viewed,B(개선 UI),외곽 주거지(초월읍 등)
4175,1_app_opened,app_opened,B(개선 UI),외곽 주거지(초월읍 등)
4176,1_app_opened,app_opened,B(개선 UI),외곽 주거지(초월읍 등)
4176,2_home_viewed,home_viewed,B(개선 UI),외곽 주거지(초월읍 등)
4177,1_app_opened,app_opened,B(개선 UI),도심권
4178,1_app_opened,app_opened,B(개선 UI),도심권
4178,2_home_viewed,home_viewed,B(개선 UI),도심권
4178,3_cart_interacted,cart_interacted,B(개선 UI),도심권
4179,1_app_opened,app_opened,A(기존 UI),도심권
4180,1_app_opened,app_opened,A(기존 UI),도심권
4181,1_app_opened,app_opened,A(기존 UI),도심권
4182,1_app_opened,app_opened,B(개선 UI),도심권
4183,1_app_opened,app_opened,B(개선 UI),외곽 주거지(초월읍 등)
4184,1_app_opened,app_opened,A(기존 UI),도심권
4185,1_app_opened,app_opened,A(기존 UI),도심권
4186,1_app_opened,app_opened,B(개선 UI),도심권
4186,2_home_viewed,home_viewed,B(개선 UI),도심권
4186,3_cart_interacted,cart_interacted,B(개선 UI),도심권
4187,1_app_opened,app_opened,A(기존 UI),도심권
4188,1_app_opened,app_opened,B(개선 UI),외곽 주거지(초월읍 등)
4188,2_home_viewed,home_viewed,B(개선 UI),외곽 주거지(초월읍 등)
4189,1_app_opened,app_opened,B(개선 UI),도심권
4190,1_app_opened,app_opened,B(개선 UI),도심권
4190,2_home_viewed,home_viewed,B(개선 UI),도심권
4191,1_app_opened,app_opened,B(개선 UI),도심권
4191,2_home_viewed,home_viewed,B(개선 UI),도심권
4191,3_cart_interacted,cart_interacted,B(개선 UI),도심권
4192,1_app_opened,app_opened,B(개선 UI),도심권
4192,2_home_viewed,home_viewed,B(개선 UI),도심권
4192,3_cart_interacted,cart_interacted,B(개선 UI),도심권
4193,1_app_opened,app_opened,A(기존 UI),도심권
4194,1_app_opened,app_opened,B(개선 UI),외곽 주거지(초월읍 등)
4194,2_home_viewed,home_viewed,B(개선 UI),외곽 주거지(초월읍 등)
4195,1_app_opened,app_opened,B(개선 UI),도심권
4195,2_home_viewed,home_viewed,B(개선 UI),도심권
4196,1_app_opened,app_opened,A(기존 UI),도심권
4197,1_app_opened,app_opened,A(기존 UI),도심권
4198,1_app_opened,app_opened,A(기존 UI),외곽 주거지(초월읍 등)
4199,1_app_opened,app_opened,A(기존 UI),외곽 주거지(초월읍 등)
4200,1_app_opened,app_opened,B(개선 UI),도심권
4200,2_home_viewed,home_viewed,B(개선 UI),도심권
4201,1_app_opened,app_opened,B(개선 UI),도심권
4202,1_app_opened,app_opened,A(기존 UI),외곽 주거지(초월읍 등)
4202,2_home_viewed,home_viewed,A(기존 UI),외곽 주거지(초월읍 등)
4203,1_app_opened,app_opened,A(기존 UI),외곽 주거지(초월읍 등)
4204,1_app_opened,app_opened,B(개선 UI),외곽 주거지(초월읍 등)
4205,1_app_opened,app_opened,A(기존 UI),외곽 주거지(초월읍 등)
4206,1_app_opened,app_opened,A(기존 UI),도심권
4207,1_app_opened,app_opened,B(개선 UI),도심권
4208,1_app_opened,app_opened,B(개선 UI),외곽 주거지(초월읍 등)
4209,1_app_opened,app_opened,A(기존 UI),외곽 주거지(초월읍 등)
4210,1_app_opened,app_opened,A(기존 UI),도심권
4211,1_app_opened,app_opened,A(기존 UI),도심권
4212,1_app_opened,app_opened,B(개선 UI),외곽 주거지(초월읍 등)
4213,1_app_opened,app_opened,B(개선 UI),도심권
4213,2_home_viewed,home_viewed,B(개선 UI),도심권
4214,1_app_opened,app_opened,A(기존 UI),외곽 주거지(초월읍 등)
4214,2_home_viewed,home_viewed,A(기존 UI),외곽 주거지(초월읍 등)
4215,1_app_opened,app_opened,B(개선 UI),도심권
4216,1_app_opened,app_opened,B(개선 UI),도심권
4216,2_home_viewed,home_viewed,B(개선 UI),도심권
4217,1_app_opened,app_opened,A(기존 UI),도심권
4218,1_app_opened,app_opened,A(기존 UI),도심권
4219,1_app_opened,app_opened,B(개선 UI),도심권
4219,2_home_viewed,home_viewed,B(개선 UI),도심권
4219,3_cart_interacted,cart_interacted,B(개선 UI),도심권
4220,1_app_opened,app_opened,A(기존 UI),도심권
4221,1_app_opened,app_opened,A(기존 UI),외곽 주거지(초월읍 등)
4222,1_app_opened,app_opened,B(개선 UI),외곽 주거지(초월읍 등)
4223,1_app_opened,app_opened,B(개선 UI),도심권
4224,1_app_opened,app_opened,B(개선 UI),도심권
4225,1_app_opened,app_opened,B(개선 UI),도심권
4226,1_app_opened,app_opened,B(개선 UI),도심권
4227,1_app_opened,app_opened,A(기존 UI),도심권
4228,1_app_opened,app_opened,B(개선 UI),도심권
4228,2_home_viewed,home_viewed,B(개선 UI),도심권
4229,1_app_opened,app_opened,A(기존 UI),도심권
4230,1_app_opened,app_opened,A(기존 UI),도심권
4231,1_app_opened,app_opened,B(개선 UI),도심권
4231,2_home_viewed,home_viewed,B(개선 UI),도심권
4232,1_app_opened,app_opened,B(개선 UI),외곽 주거지(초월읍 등)
4233,1_app_opened,app_opened,A(기존 UI),도심권
4234,1_app_opened,app_opened,B(개선 UI),외곽 주거지(초월읍 등)
4235,1_app_opened,app_opened,A(기존 UI),외곽 주거지(초월읍 등)
4236,1_app_opened,app_opened,A(기존 UI),외곽 주거지(초월읍 등)
4237,1_app_opened,app_opened,A(기존 UI),외곽 주거지(초월읍 등)
4238,1_app_opened,app_opened,B(개선 UI),도심권
4238,2_home_viewed,home_viewed,B(개선 UI),도심권
4238,3_cart_interacted,cart_interacted,B(개선 UI),도심권
4239,1_app_opened,app_opened,B(개선 UI),도심권
4240,1_app_opened,app_opened,A(기존 UI),도심권
4241,1_app_opened,app_opened,B(개선 UI),외곽 주거지(초월읍 등)
4241,2_home_viewed,home_viewed,B(개선 UI),외곽 주거지(초월읍 등)
4241,3_cart_interacted,cart_interacted,B(개선 UI),외곽 주거지(초월읍 등)
4241,4_purchase_completed,purchase_completed,B(개선 UI),외곽 주거지(초월읍 등)
4242,1_app_opened,app_opened,A(기존 UI),외곽 주거지(초월읍 등)
4243,1_app_opened,app_opened,B(개선 UI),외곽 주거지(초월읍 등)
4244,1_app_opened,app_opened,A(기존 UI),도심권
4245,1_app_opened,app_opened,A(기존 UI),외곽 주거지(초월읍 등)
4245,2_home_viewed,home_viewed,A(기존 UI),외곽 주거지(초월읍 등)
4246,1_app_opened,app_opened,B(개선 UI),도심권
4247,1_app_opened,app_opened,A(기존 UI),도심권
4248,1_app_opened,app_opened,A(기존 UI),외곽 주거지(초월읍 등)
4248,2_home_viewed,home_viewed,A(기존 UI),외곽 주거지(초월읍 등)
4249,1_app_opened,app_opened,B(개선 UI),도심권
4249,2_home_viewed,home_viewed,B(개선 UI),도심권
4250,1_app_opened,app_opened,B(개선 UI),외곽 주거지(초월읍 등)
4251,1_app_opened,app_opened,A(기존 UI),도심권
4252,1_app_opened,app_opened,A(기존 UI),외곽 주거지(초월읍 등)
4253,1_app_opened,app_opened,A(기존 UI),도심권
4254,1_app_opened,app_opened,B(개선 UI),외곽 주거지(초월읍 등)
4255,1_app_opened,app_opened,A(기존 UI),외곽 주거지(초월읍 등)
4256,1_app_opened,app_opened,B(개선 UI),외곽 주거지(초월읍 등)
4256,2_home_viewed,home_viewed,B(개선 UI),외곽 주거지(초월읍 등)
4257,1_app_opened,app_opened,B(개선 UI),도심권
4257,2_home_viewed,home_viewed,B(개선 UI),도심권
4258,1_app_opened,app_opened,A(기존 UI),외곽 주거지(초월읍 등)
4259,1_app_opened,app_opened,A(기존 UI),도심권
4260,1_app_opened,app_opened,A(기존 UI),도심권
4260,2_home_viewed,home_viewed,A(기존 UI),도심권
4261,1_app_opened,app_opened,A(기존 UI),도심권
4261,2_home_viewed,home_viewed,A(기존 UI),도심권
4262,1_app_opened,app_opened,B(개선 UI),외곽 주거지(초월읍 등)
4263,1_app_opened,app_opened,A(기존 UI),도심권
4264,1_app_opened,app_opened,A(기존 UI),외곽 주거지(초월읍 등)
4265,1_app_opened,app_opened,B(개선 UI),외곽 주거지(초월읍 등)
4266,1_app_opened,app_opened,A(기존 UI),도심권
4267,1_app_opened,app_opened,B(개선 UI),외곽 주거지(초월읍 등)
4268,1_app_opened,app_opened,A(기존 UI),도심권
4269,1_app_opened,app_opened,B(개선 UI),외곽 주거지(초월읍 등)
4270,1_app_opened,app_opened,B(개선 UI),도심권
4271,1_app_opened,app_opened,B(개선 UI),도심권
4271,2_home_viewed,home_viewed,B(개선 UI),도심권
4272,1_app_opened,app_opened,B(개선 UI),도심권
4272,2_home_viewed,home_viewed,B(개선 UI),도심권
4273,1_app_opened,app_opened,A(기존 UI),도심권
4274,1_app_opened,app_opened,A(기존 UI),도심권
4275,1_app_opened,app_opened,B(개선 UI),도심권
4275,2_home_viewed,home_viewed,B(개선 UI),도심권
4275,3_cart_interacted,cart_interacted,B(개선 UI),도심권
4276,1_app_opened,app_opened,B(개선 UI),도심권
4276,2_home_viewed,home_viewed,B(개선 UI),도심권
4277,1_app_opened,app_opened,A(기존 UI),도심권
4278,1_app_opened,app_opened,A(기존 UI),도심권
4279,1_app_opened,app_opened,A(기존 UI),외곽 주거지(초월읍 등)
4280,1_app_opened,app_opened,A(기존 UI),도심권
4281,1_app_opened,app_opened,A(기존 UI),외곽 주거지(초월읍 등)
4281,2_home_viewed,home_viewed,A(기존 UI),외곽 주거지(초월읍 등)
4282,1_app_opened,app_opened,B(개선 UI),도심권
4282,2_home_viewed,home_viewed,B(개선 UI),도심권
4283,1_app_opened,app_opened,A(기존 UI),도심권
4284,1_app_opened,app_opened,A(기존 UI),도심권
4285,1_app_opened,app_opened,B(개선 UI),도심권
4285,2_home_viewed,home_viewed,B(개선 UI),도심권
4285,3_cart_interacted,cart_interacted,B(개선 UI),도심권
4286,1_app_opened,app_opened,B(개선 UI),도심권
4287,1_app_opened,app_opened,B(개선 UI),도심권
4288,1_app_opened,app_opened,B(개선 UI),외곽 주거지(초월읍 등)
4288,2_home_viewed,home_viewed,B(개선 UI),외곽 주거지(초월읍 등)
4289,1_app_opened,app_opened,A(기존 UI),외곽 주거지(초월읍 등)
4290,1_app_opened,app_opened,B(개선 UI),도심권
4290,2_home_viewed,home_viewed,B(개선 UI),도심권
4290,3_cart_interacted,cart_interacted,B(개선 UI),도심권
4290,4_purchase_completed,purchase_completed,B(개선 UI),도심권
4291,1_app_opened,app_opened,B(개선 UI),외곽 주거지(초월읍 등)
4291,2_home_viewed,home_viewed,B(개선 UI),외곽 주거지(초월읍 등)
4292,1_app_opened,app_opened,A(기존 UI),도심권
4293,1_app_opened,app_opened,B(개선 UI),도심권
4293,2_home_viewed,home_viewed,B(개선 UI),도심권
4294,1_app_opened,app_opened,B(개선 UI),도심권
4294,2_home_viewed,home_viewed,B(개선 UI),도심권
4294,3_cart_interacted,cart_interacted,B(개선 UI),도심권
4294,4_purchase_completed,purchase_completed,B(개선 UI),도심권
4295,1_app_opened,app_opened,A(기존 UI),외곽 주거지(초월읍 등)
4296,1_app_opened,app_opened,A(기존 UI),외곽 주거지(초월읍 등)
4297,1_app_opened,app_opened,A(기존 UI),외곽 주거지(초월읍 등)
4298,1_app_opened,app_opened,A(기존 UI),도심권
4299,1_app_opened,app_opened,A(기존 UI),도심권
4300,1_app_opened,app_opened,B(개선 UI),외곽 주거지(초월읍 등)
4301,1_app_opened,app_opened,A(기존 UI),도심권
4302,1_app_opened,app_opened,B(개선 UI),도심권
4302,2_home_viewed,home_viewed,B(개선 UI),도심권
4302,3_cart_interacted,cart_interacted,B(개선 UI),도심권
4302,4_purchase_completed,purchase_completed,B(개선 UI),도심권
4303,1_app_opened,app_opened,B(개선 UI),도심권
4303,2_home_viewed,home_viewed,B(개선 UI),도심권
4304,1_app_opened,app_opened,B(개선 UI),도심권
4305,1_app_opened,app_opened,B(개선 UI),도심권
4306,1_app_opened,app_opened,A(기존 UI),도심권
4307,1_app_opened,app_opened,A(기존 UI),도심권
4308,1_app_opened,app_opened,B(개선 UI),도심권
4309,1_app_opened,app_opened,B(개선 UI),도심권
4309,2_home_viewed,home_viewed,B(개선 UI),도심권
4309,3_cart_interacted,cart_interacted,B(개선 UI),도심권
4310,1_app_opened,app_opened,B(개선 UI),도심권
4310,2_home_viewed,home_viewed,B(개선 UI),도심권
4311,1_app_opened,app_opened,A(기존 UI),도심권
4312,1_app_opened,app_opened,B(개선 UI),도심권
4313,1_app_opened,app_opened,A(기존 UI),도심권
4314,1_app_opened,app_opened,B(개선 UI),도심권
4314,2_home_viewed,home_viewed,B(개선 UI),도심권
4314,3_cart_interacted,cart_interacted,B(개선 UI),도심권
4315,1_app_opened,app_opened,B(개선 UI),외곽 주거지(초월읍 등)
4316,1_app_opened,app_opened,A(기존 UI),외곽 주거지(초월읍 등)
4317,1_app_opened,app_opened,B(개선 UI),도심권
4317,2_home_viewed,home_viewed,B(개선 UI),도심권
4317,3_cart_interacted,cart_interacted,B(개선 UI),도심권
4318,1_app_opened,app_opened,A(기존 UI),도심권
4318,2_home_viewed,home_viewed,A(기존 UI),도심권
4318,3_cart_interacted,cart_interacted,A(기존 UI),도심권
4318,4_purchase_completed,purchase_completed,A(기존 UI),도심권
4319,1_app_opened,app_opened,A(기존 UI),외곽 주거지(초월읍 등)
4319,2_home_viewed,home_viewed,A(기존 UI),외곽 주거지(초월읍 등)
4320,1_app_opened,app_opened,B(개선 UI),도심권
4321,1_app_opened,app_opened,B(개선 UI),도심권
4322,1_app_opened,app_opened,B(개선 UI),도심권
4323,1_app_opened,app_opened,B(개선 UI),도심권
4323,2_home_viewed,home_viewed,B(개선 UI),도심권
4324,1_app_opened,app_opened,A(기존 UI),도심권
4325,1_app_opened,app_opened,B(개선 UI),외곽 주거지(초월읍 등)
4326,1_app_opened,app_opened,B(개선 UI),외곽 주거지(초월읍 등)
4326,2_home_viewed,home_viewed,B(개선 UI),외곽 주거지(초월읍 등)
4327,1_app_opened,app_opened,A(기존 UI),도심권
4328,1_app_opened,app_opened,B(개선 UI),도심권
4328,2_home_viewed,home_viewed,B(개선 UI),도심권
4329,1_app_opened,app_opened,A(기존 UI),도심권
4330,1_app_opened,app_opened,B(개선 UI),도심권
4330,2_home_viewed,home_viewed,B(개선 UI),도심권
4331,1_app_opened,app_opened,A(기존 UI),도심권
4332,1_app_opened,app_opened,A(기존 UI),도심권
4333,1_app_opened,app_opened,A(기존 UI),도심권
4333,2_home_viewed,home_viewed,A(기존 UI),도심권
4333,3_cart_interacted,cart_interacted,A(기존 UI),도심권
4333,4_purchase_completed,purchase_completed,A(기존 UI),도심권
4334,1_app_opened,app_opened,B(개선 UI),도심권
4334,2_home_viewed,home_viewed,B(개선 UI),도심권
4334,3_cart_interacted,cart_interacted,B(개선 UI),도심권
4335,1_app_opened,app_opened,A(기존 UI),도심권
4336,1_app_opened,app_opened,A(기존 UI),외곽 주거지(초월읍 등)
4337,1_app_opened,app_opened,B(개선 UI),도심권
4338,1_app_opened,app_opened,B(개선 UI),외곽 주거지(초월읍 등)
4338,2_home_viewed,home_viewed,B(개선 UI),외곽 주거지(초월읍 등)
4339,1_app_opened,app_opened,A(기존 UI),도심권
4340,1_app_opened,app_opened,A(기존 UI),도심권
4341,1_app_opened,app_opened,A(기존 UI),도심권
4342,1_app_opened,app_opened,A(기존 UI),도심권
4343,1_app_opened,app_opened,B(개선 UI),도심권
4344,1_app_opened,app_opened,B(개선 UI),외곽 주거지(초월읍 등)
4344,2_home_viewed,home_viewed,B(개선 UI),외곽 주거지(초월읍 등)
4344,3_cart_interacted,cart_interacted,B(개선 UI),외곽 주거지(초월읍 등)
4345,1_app_opened,app_opened,B(개선 UI),외곽 주거지(초월읍 등)
4345,2_home_viewed,home_viewed,B(개선 UI),외곽 주거지(초월읍 등)
4345,3_cart_interacted,cart_interacted,B(개선 UI),외곽 주거지(초월읍 등)
4346,1_app_opened,app_opened,A(기존 UI),도심권
4347,1_app_opened,app_opened,B(개선 UI),도심권
4348,1_app_opened,app_opened,B(개선 UI),도심권
4348,2_home_viewed,home_viewed,B(개선 UI),도심권
4349,1_app_opened,app_opened,B(개선 UI),도심권
4350,1_app_opened,app_opened,B(개선 UI),도심권
4350,2_home_viewed,home_viewed,B(개선 UI),도심권
4351,1_app_opened,app_opened,B(개선 UI),도심권
4351,2_home_viewed,home_viewed,B(개선 UI),도심권
4351,3_cart_interacted,cart_interacted,B(개선 UI),도심권
4352,1_app_opened,app_opened,B(개선 UI),도심권
4353,1_app_opened,app_opened,A(기존 UI),도심권
4354,1_app_opened,app_opened,B(개선 UI),도심권
4354,2_home_viewed,home_viewed,B(개선 UI),도심권
4355,1_app_opened,app_opened,B(개선 UI),도심권
4356,1_app_opened,app_opened,B(개선 UI),도심권
4356,2_home_viewed,home_viewed,B(개선 UI),도심권
4357,1_app_opened,app_opened,A(기존 UI),외곽 주거지(초월읍 등)
4358,1_app_opened,app_opened,B(개선 UI),도심권
4359,1_app_opened,app_opened,B(개선 UI),외곽 주거지(초월읍 등)
4359,2_home_viewed,home_viewed,B(개선 UI),외곽 주거지(초월읍 등)
4359,3_cart_interacted,cart_interacted,B(개선 UI),외곽 주거지(초월읍 등)
4360,1_app_opened,app_opened,A(기존 UI),외곽 주거지(초월읍 등)
4361,1_app_opened,app_opened,A(기존 UI),외곽 주거지(초월읍 등)
4362,1_app_opened,app_opened,B(개선 UI),외곽 주거지(초월읍 등)
4363,1_app_opened,app_opened,B(개선 UI),도심권
4363,2_home_viewed,home_viewed,B(개선 UI),도심권
4363,3_cart_interacted,cart_interacted,B(개선 UI),도심권
4364,1_app_opened,app_opened,B(개선 UI),외곽 주거지(초월읍 등)
4365,1_app_opened,app_opened,A(기존 UI),도심권
4366,1_app_opened,app_opened,B(개선 UI),도심권
4366,2_home_viewed,home_viewed,B(개선 UI),도심권
4367,1_app_opened,app_opened,A(기존 UI),외곽 주거지(초월읍 등)
4368,1_app_opened,app_opened,A(기존 UI),외곽 주거지(초월읍 등)
4369,1_app_opened,app_opened,A(기존 UI),외곽 주거지(초월읍 등)
4370,1_app_opened,app_opened,A(기존 UI),외곽 주거지(초월읍 등)
4371,1_app_opened,app_opened,A(기존 UI),외곽 주거지(초월읍 등)
4371,2_home_viewed,home_viewed,A(기존 UI),외곽 주거지(초월읍 등)
4372,1_app_opened,app_opened,A(기존 UI),외곽 주거지(초월읍 등)
4373,1_app_opened,app_opened,A(기존 UI),외곽 주거지(초월읍 등)
4373,2_home_viewed,home_viewed,A(기존 UI),외곽 주거지(초월읍 등)
4373,3_cart_interacted,cart_interacted,A(기존 UI),외곽 주거지(초월읍 등)
4374,1_app_opened,app_opened,A(기존 UI),도심권
4375,1_app_opened,app_opened,B(개선 UI),외곽 주거지(초월읍 등)
4375,2_home_viewed,home_viewed,B(개선 UI),외곽 주거지(초월읍 등)
4375,3_cart_interacted,cart_interacted,B(개선 UI),외곽 주거지(초월읍 등)
4376,1_app_opened,app_opened,A(기존 UI),외곽 주거지(초월읍 등)
4377,1_app_opened,app_opened,A(기존 UI),외곽 주거지(초월읍 등)
4377,2_home_viewed,home_viewed,A(기존 UI),외곽 주거지(초월읍 등)
4378,1_app_opened,app_opened,B(개선 UI),도심권
4378,2_home_viewed,home_viewed,B(개선 UI),도심권
4379,1_app_opened,app_opened,A(기존 UI),도심권
4380,1_app_opened,app_opened,B(개선 UI),도심권
4381,1_app_opened,app_opened,A(기존 UI),외곽 주거지(초월읍 등)
4382,1_app_opened,app_opened,A(기존 UI),도심권
4382,2_home_viewed,home_viewed,A(기존 UI),도심권
4383,1_app_opened,app_opened,B(개선 UI),도심권
4383,2_home_viewed,home_viewed,B(개선 UI),도심권
4384,1_app_opened,app_opened,B(개선 UI),도심권
4384,2_home_viewed,home_viewed,B(개선 UI),도심권
4385,1_app_opened,app_opened,B(개선 UI),외곽 주거지(초월읍 등)
4385,2_home_viewed,home_viewed,B(개선 UI),외곽 주거지(초월읍 등)
4386,1_app_opened,app_opened,B(개선 UI),외곽 주거지(초월읍 등)
4387,1_app_opened,app_opened,B(개선 UI),외곽 주거지(초월읍 등)
4387,2_home_viewed,home_viewed,B(개선 UI),외곽 주거지(초월읍 등)
4388,1_app_opened,app_opened,A(기존 UI),도심권
4389,1_app_opened,app_opened,A(기존 UI),도심권
4390,1_app_opened,app_opened,A(기존 UI),도심권
4391,1_app_opened,app_opened,A(기존 UI),도심권
4392,1_app_opened,app_opened,B(개선 UI),외곽 주거지(초월읍 등)
4393,1_app_opened,app_opened,B(개선 UI),도심권
4394,1_app_opened,app_opened,A(기존 UI),도심권
4395,1_app_opened,app_opened,B(개선 UI),도심권
4395,2_home_viewed,home_viewed,B(개선 UI),도심권
4396,1_app_opened,app_opened,B(개선 UI),도심권
4396,2_home_viewed,home_viewed,B(개선 UI),도심권
4396,3_cart_interacted,cart_interacted,B(개선 UI),도심권
4397,1_app_opened,app_opened,A(기존 UI),외곽 주거지(초월읍 등)
4398,1_app_opened,app_opened,A(기존 UI),도심권
4399,1_app_opened,app_opened,A(기존 UI),외곽 주거지(초월읍 등)
4399,2_home_viewed,home_viewed,A(기존 UI),외곽 주거지(초월읍 등)
4400,1_app_opened,app_opened,A(기존 UI),도심권
4401,1_app_opened,app_opened,A(기존 UI),도심권
4402,1_app_opened,app_opened,B(개선 UI),도심권
4402,2_home_viewed,home_viewed,B(개선 UI),도심권
4403,1_app_opened,app_opened,A(기존 UI),도심권
4404,1_app_opened,app_opened,A(기존 UI),외곽 주거지(초월읍 등)
4405,1_app_opened,app_opened,B(개선 UI),도심권
4405,2_home_viewed,home_viewed,B(개선 UI),도심권
4405,3_cart_interacted,cart_interacted,B(개선 UI),도심권
4406,1_app_opened,app_opened,B(개선 UI),도심권
4407,1_app_opened,app_opened,B(개선 UI),도심권
4407,2_home_viewed,home_viewed,B(개선 UI),도심권
4407,3_cart_interacted,cart_interacted,B(개선 UI),도심권
4407,4_purchase_completed,purchase_completed,B(개선 UI),도심권
4408,1_app_opened,app_opened,A(기존 UI),도심권
4408,2_home_viewed,home_viewed,A(기존 UI),도심권
4408,3_cart_interacted,cart_interacted,A(기존 UI),도심권
4408,4_purchase_completed,purchase_completed,A(기존 UI),도심권
4409,1_app_opened,app_opened,A(기존 UI),외곽 주거지(초월읍 등)
4410,1_app_opened,app_opened,B(개선 UI),도심권
4410,2_home_viewed,home_viewed,B(개선 UI),도심권
4411,1_app_opened,app_opened,A(기존 UI),도심권
4412,1_app_opened,app_opened,A(기존 UI),외곽 주거지(초월읍 등)
4413,1_app_opened,app_opened,B(개선 UI),도심권
4413,2_home_viewed,home_viewed,B(개선 UI),도심권
4413,3_cart_interacted,cart_interacted,B(개선 UI),도심권
4414,1_app_opened,app_opened,B(개선 UI),도심권
4414,2_home_viewed,home_viewed,B(개선 UI),도심권
4415,1_app_opened,app_opened,A(기존 UI),도심권
4415,2_home_viewed,home_viewed,A(기존 UI),도심권
4416,1_app_opened,app_opened,A(기존 UI),도심권
4417,1_app_opened,app_opened,A(기존 UI),외곽 주거지(초월읍 등)
4417,2_home_viewed,home_viewed,A(기존 UI),외곽 주거지(초월읍 등)
4418,1_app_opened,app_opened,A(기존 UI),도심권
4419,1_app_opened,app_opened,A(기존 UI),외곽 주거지(초월읍 등)
4420,1_app_opened,app_opened,A(기존 UI),도심권
4421,1_app_opened,app_opened,A(기존 UI),외곽 주거지(초월읍 등)
4422,1_app_opened,app_opened,B(개선 UI),도심권
4423,1_app_opened,app_opened,B(개선 UI),도심권
4423,2_home_viewed,home_viewed,B(개선 UI),도심권
4424,1_app_opened,app_opened,B(개선 UI),도심권
4425,1_app_opened,app_opened,A(기존 UI),도심권
4425,2_home_viewed,home_viewed,A(기존 UI),도심권
4426,1_app_opened,app_opened,A(기존 UI),외곽 주거지(초월읍 등)
4427,1_app_opened,app_opened,A(기존 UI),외곽 주거지(초월읍 등)
4428,1_app_opened,app_opened,A(기존 UI),도심권
4429,1_app_opened,app_opened,A(기존 UI),도심권
4429,2_home_viewed,home_viewed,A(기존 UI),도심권
4430,1_app_opened,app_opened,B(개선 UI),도심권
4430,2_home_viewed,home_viewed,B(개선 UI),도심권
4430,3_cart_interacted,cart_interacted,B(개선 UI),도심권
4430,4_purchase_completed,purchase_completed,B(개선 UI),도심권
4431,1_app_opened,app_opened,B(개선 UI),외곽 주거지(초월읍 등)
4431,2_home_viewed,home_viewed,B(개선 UI),외곽 주거지(초월읍 등)
4432,1_app_opened,app_opened,B(개선 UI),외곽 주거지(초월읍 등)
4433,1_app_opened,app_opened,A(기존 UI),도심권
4434,1_app_opened,app_opened,B(개선 UI),외곽 주거지(초월읍 등)
4435,1_app_opened,app_opened,A(기존 UI),외곽 주거지(초월읍 등)
4436,1_app_opened,app_opened,A(기존 UI),도심권
4437,1_app_opened,app_opened,A(기존 UI),외곽 주거지(초월읍 등)
4438,1_app_opened,app_opened,B(개선 UI),도심권
4438,2_home_viewed,home_viewed,B(개선 UI),도심권
4439,1_app_opened,app_opened,B(개선 UI),도심권
4440,1_app_opened,app_opened,A(기존 UI),도심권
4441,1_app_opened,app_opened,B(개선 UI),도심권
4441,2_home_viewed,home_viewed,B(개선 UI),도심권
4441,3_cart_interacted,cart_interacted,B(개선 UI),도심권
4441,4_purchase_completed,purchase_completed,B(개선 UI),도심권
4442,1_app_opened,app_opened,B(개선 UI),도심권
4442,2_home_viewed,home_viewed,B(개선 UI),도심권
4442,3_cart_interacted,cart_interacted,B(개선 UI),도심권
4443,1_app_opened,app_opened,A(기존 UI),도심권
4444,1_app_opened,app_opened,A(기존 UI),외곽 주거지(초월읍 등)
4445,1_app_opened,app_opened,A(기존 UI),도심권
4446,1_app_opened,app_opened,B(개선 UI),도심권
4447,1_app_opened,app_opened,A(기존 UI),외곽 주거지(초월읍 등)
4448,1_app_opened,app_opened,B(개선 UI),도심권
4449,1_app_opened,app_opened,A(기존 UI),도심권
4450,1_app_opened,app_opened,B(개선 UI),외곽 주거지(초월읍 등)
4450,2_home_viewed,home_viewed,B(개선 UI),외곽 주거지(초월읍 등)
4451,1_app_opened,app_opened,A(기존 UI),외곽 주거지(초월읍 등)
4452,1_app_opened,app_opened,B(개선 UI),도심권
4452,2_home_viewed,home_viewed,B(개선 UI),도심권
4452,3_cart_interacted,cart_interacted,B(개선 UI),도심권
4452,4_purchase_completed,purchase_completed,B(개선 UI),도심권
4453,1_app_opened,app_opened,B(개선 UI),도심권
4453,2_home_viewed,home_viewed,B(개선 UI),도심권
4454,1_app_opened,app_opened,B(개선 UI),외곽 주거지(초월읍 등)
4455,1_app_opened,app_opened,B(개선 UI),도심권
4455,2_home_viewed,home_viewed,B(개선 UI),도심권
4456,1_app_opened,app_opened,A(기존 UI),도심권
4457,1_app_opened,app_opened,B(개선 UI),도심권
4457,2_home_viewed,home_viewed,B(개선 UI),도심권
4458,1_app_opened,app_opened,A(기존 UI),도심권
4459,1_app_opened,app_opened,A(기존 UI),외곽 주거지(초월읍 등)
4459,2_home_viewed,home_viewed,A(기존 UI),외곽 주거지(초월읍 등)
4459,3_cart_interacted,cart_interacted,A(기존 UI),외곽 주거지(초월읍 등)
4460,1_app_opened,app_opened,B(개선 UI),외곽 주거지(초월읍 등)
4461,1_app_opened,app_opened,A(기존 UI),외곽 주거지(초월읍 등)
4462,1_app_opened,app_opened,B(개선 UI),외곽 주거지(초월읍 등)
4463,1_app_opened,app_opened,B(개선 UI),도심권
4464,1_app_opened,app_opened,A(기존 UI),도심권
4465,1_app_opened,app_opened,B(개선 UI),외곽 주거지(초월읍 등)
4465,2_home_viewed,home_viewed,B(개선 UI),외곽 주거지(초월읍 등)
4465,3_cart_interacted,cart_interacted,B(개선 UI),외곽 주거지(초월읍 등)
4466,1_app_opened,app_opened,A(기존 UI),도심권
4467,1_app_opened,app_opened,A(기존 UI),도심권
4468,1_app_opened,app_opened,A(기존 UI),외곽 주거지(초월읍 등)
4469,1_app_opened,app_opened,B(개선 UI),도심권
4470,1_app_opened,app_opened,B(개선 UI),도심권
4471,1_app_opened,app_opened,B(개선 UI),외곽 주거지(초월읍 등)
4471,2_home_viewed,home_viewed,B(개선 UI),외곽 주거지(초월읍 등)
4472,1_app_opened,app_opened,B(개선 UI),외곽 주거지(초월읍 등)
4472,2_home_viewed,home_viewed,B(개선 UI),외곽 주거지(초월읍 등)
4473,1_app_opened,app_opened,A(기존 UI),도심권
4474,1_app_opened,app_opened,A(기존 UI),외곽 주거지(초월읍 등)
4474,2_home_viewed,home_viewed,A(기존 UI),외곽 주거지(초월읍 등)
4475,1_app_opened,app_opened,B(개선 UI),도심권
4475,2_home_viewed,home_viewed,B(개선 UI),도심권
4476,1_app_opened,app_opened,A(기존 UI),도심권
4477,1_app_opened,app_opened,A(기존 UI),외곽 주거지(초월읍 등)
4478,1_app_opened,app_opened,A(기존 UI),외곽 주거지(초월읍 등)
4479,1_app_opened,app_opened,B(개선 UI),도심권
4480,1_app_opened,app_opened,B(개선 UI),도심권
4480,2_home_viewed,home_viewed,B(개선 UI),도심권
4480,3_cart_interacted,cart_interacted,B(개선 UI),도심권
4480,4_purchase_completed,purchase_completed,B(개선 UI),도심권
4481,1_app_opened,app_opened,A(기존 UI),도심권
4482,1_app_opened,app_opened,A(기존 UI),도심권
4483,1_app_opened,app_opened,B(개선 UI),도심권
4483,2_home_viewed,home_viewed,B(개선 UI),도심권
4484,1_app_opened,app_opened,B(개선 UI),도심권
4484,2_home_viewed,home_viewed,B(개선 UI),도심권
4485,1_app_opened,app_opened,A(기존 UI),도심권
4486,1_app_opened,app_opened,B(개선 UI),도심권
4487,1_app_opened,app_opened,A(기존 UI),도심권
4487,2_home_viewed,home_viewed,A(기존 UI),도심권
4488,1_app_opened,app_opened,A(기존 UI),외곽 주거지(초월읍 등)
4489,1_app_opened,app_opened,B(개선 UI),도심권
4490,1_app_opened,app_opened,B(개선 UI),도심권
4491,1_app_opened,app_opened,A(기존 UI),외곽 주거지(초월읍 등)
4492,1_app_opened,app_opened,B(개선 UI),외곽 주거지(초월읍 등)
4493,1_app_opened,app_opened,B(개선 UI),도심권
4494,1_app_opened,app_opened,B(개선 UI),도심권
4495,1_app_opened,app_opened,B(개선 UI),외곽 주거지(초월읍 등)
4496,1_app_opened,app_opened,B(개선 UI),도심권
4497,1_app_opened,app_opened,A(기존 UI),외곽 주거지(초월읍 등)
4498,1_app_opened,app_opened,A(기존 UI),도심권
4499,1_app_opened,app_opened,A(기존 UI),도심권
4500,1_app_opened,app_opened,A(기존 UI),도심권
4500,2_home_viewed,home_viewed,A(기존 UI),도심권
4501,1_app_opened,app_opened,B(개선 UI),외곽 주거지(초월읍 등)
4502,1_app_opened,app_opened,B(개선 UI),외곽 주거지(초월읍 등)
4502,2_home_viewed,home_viewed,B(개선 UI),외곽 주거지(초월읍 등)
4503,1_app_opened,app_opened,A(기존 UI),도심권
4504,1_app_opened,app_opened,A(기존 UI),도심권
4505,1_app_opened,app_opened,A(기존 UI),도심권
4506,1_app_opened,app_opened,A(기존 UI),도심권
4506,2_home_viewed,home_viewed,A(기존 UI),도심권
4506,3_cart_interacted,cart_interacted,A(기존 UI),도심권
4507,1_app_opened,app_opened,B(개선 UI),외곽 주거지(초월읍 등)
4507,2_home_viewed,home_viewed,B(개선 UI),외곽 주거지(초월읍 등)
4507,3_cart_interacted,cart_interacted,B(개선 UI),외곽 주거지(초월읍 등)
4508,1_app_opened,app_opened,A(기존 UI),도심권
4509,1_app_opened,app_opened,B(개선 UI),외곽 주거지(초월읍 등)
4509,2_home_viewed,home_viewed,B(개선 UI),외곽 주거지(초월읍 등)
4509,3_cart_interacted,cart_interacted,B(개선 UI),외곽 주거지(초월읍 등)
4510,1_app_opened,app_opened,B(개선 UI),도심권
4511,1_app_opened,app_opened,A(기존 UI),외곽 주거지(초월읍 등)
4511,2_home_viewed,home_viewed,A(기존 UI),외곽 주거지(초월읍 등)
4512,1_app_opened,app_opened,A(기존 UI),외곽 주거지(초월읍 등)
4513,1_app_opened,app_opened,A(기존 UI),도심권
4514,1_app_opened,app_opened,B(개선 UI),도심권
4514,2_home_viewed,home_viewed,B(개선 UI),도심권
4514,3_cart_interacted,cart_interacted,B(개선 UI),도심권
4515,1_app_opened,app_opened,B(개선 UI),도심권
4515,2_home_viewed,home_viewed,B(개선 UI),도심권
4515,3_cart_interacted,cart_interacted,B(개선 UI),도심권
4516,1_app_opened,app_opened,A(기존 UI),도심권
4517,1_app_opened,app_opened,B(개선 UI),도심권
4518,1_app_opened,app_opened,B(개선 UI),도심권
4519,1_app_opened,app_opened,A(기존 UI),외곽 주거지(초월읍 등)
4520,1_app_opened,app_opened,A(기존 UI),도심권
4521,1_app_opened,app_opened,B(개선 UI),외곽 주거지(초월읍 등)
4521,2_home_viewed,home_viewed,B(개선 UI),외곽 주거지(초월읍 등)
4522,1_app_opened,app_opened,B(개선 UI),외곽 주거지(초월읍 등)
4522,2_home_viewed,home_viewed,B(개선 UI),외곽 주거지(초월읍 등)
4522,3_cart_interacted,cart_interacted,B(개선 UI),외곽 주거지(초월읍 등)
4523,1_app_opened,app_opened,B(개선 UI),외곽 주거지(초월읍 등)
4524,1_app_opened,app_opened,B(개선 UI),도심권
4525,1_app_opened,app_opened,B(개선 UI),도심권
4526,1_app_opened,app_opened,A(기존 UI),도심권
4526,2_home_viewed,home_viewed,A(기존 UI),도심권
4526,3_cart_interacted,cart_interacted,A(기존 UI),도심권
4527,1_app_opened,app_opened,B(개선 UI),도심권
4528,1_app_opened,app_opened,B(개선 UI),도심권
4529,1_app_opened,app_opened,B(개선 UI),외곽 주거지(초월읍 등)
4529,2_home_viewed,home_viewed,B(개선 UI),외곽 주거지(초월읍 등)
4529,3_cart_interacted,cart_interacted,B(개선 UI),외곽 주거지(초월읍 등)
4530,1_app_opened,app_opened,A(기존 UI),도심권
4531,1_app_opened,app_opened,A(기존 UI),도심권
4532,1_app_opened,app_opened,A(기존 UI),외곽 주거지(초월읍 등)
4532,2_home_viewed,home_viewed,A(기존 UI),외곽 주거지(초월읍 등)
4533,1_app_opened,app_opened,A(기존 UI),도심권
4534,1_app_opened,app_opened,A(기존 UI),도심권
4534,2_home_viewed,home_viewed,A(기존 UI),도심권
4535,1_app_opened,app_opened,B(개선 UI),외곽 주거지(초월읍 등)
4535,2_home_viewed,home_viewed,B(개선 UI),외곽 주거지(초월읍 등)
4536,1_app_opened,app_opened,B(개선 UI),도심권
4537,1_app_opened,app_opened,A(기존 UI),도심권
4538,1_app_opened,app_opened,B(개선 UI),도심권
4539,1_app_opened,app_opened,A(기존 UI),외곽 주거지(초월읍 등)
4540,1_app_opened,app_opened,A(기존 UI),도심권
4541,1_app_opened,app_opened,A(기존 UI),도심권
4541,2_home_viewed,home_viewed,A(기존 UI),도심권
4542,1_app_opened,app_opened,B(개선 UI),도심권
4543,1_app_opened,app_opened,A(기존 UI),도심권
4544,1_app_opened,app_opened,A(기존 UI),도심권
4545,1_app_opened,app_opened,A(기존 UI),도심권
4545,2_home_viewed,home_viewed,A(기존 UI),도심권
4546,1_app_opened,app_opened,B(개선 UI),도심권
4546,2_home_viewed,home_viewed,B(개선 UI),도심권
4546,3_cart_interacted,cart_interacted,B(개선 UI),도심권
4547,1_app_opened,app_opened,A(기존 UI),도심권
4548,1_app_opened,app_opened,B(개선 UI),도심권
4548,2_home_viewed,home_viewed,B(개선 UI),도심권
4549,1_app_opened,app_opened,B(개선 UI),도심권
4550,1_app_opened,app_opened,B(개선 UI),도심권
4551,1_app_opened,app_opened,B(개선 UI),도심권
4551,2_home_viewed,home_viewed,B(개선 UI),도심권
4551,3_cart_interacted,cart_interacted,B(개선 UI),도심권
4551,4_purchase_completed,purchase_completed,B(개선 UI),도심권
4552,1_app_opened,app_opened,A(기존 UI),도심권
4552,2_home_viewed,home_viewed,A(기존 UI),도심권
4553,1_app_opened,app_opened,A(기존 UI),외곽 주거지(초월읍 등)
4554,1_app_opened,app_opened,B(개선 UI),외곽 주거지(초월읍 등)
4554,2_home_viewed,home_viewed,B(개선 UI),외곽 주거지(초월읍 등)
4555,1_app_opened,app_opened,A(기존 UI),도심권
4556,1_app_opened,app_opened,B(개선 UI),도심권
4556,2_home_viewed,home_viewed,B(개선 UI),도심권
4556,3_cart_interacted,cart_interacted,B(개선 UI),도심권
4557,1_app_opened,app_opened,B(개선 UI),도심권
4558,1_app_opened,app_opened,B(개선 UI),도심권
4559,1_app_opened,app_opened,B(개선 UI),도심권
4560,1_app_opened,app_opened,B(개선 UI),도심권
4560,2_home_viewed,home_viewed,B(개선 UI),도심권
4561,1_app_opened,app_opened,B(개선 UI),외곽 주거지(초월읍 등)
4562,1_app_opened,app_opened,A(기존 UI),도심권
4563,1_app_opened,app_opened,B(개선 UI),도심권
4563,2_home_viewed,home_viewed,B(개선 UI),도심권
4563,3_cart_interacted,cart_interacted,B(개선 UI),도심권
4563,4_purchase_completed,purchase_completed,B(개선 UI),도심권
4564,1_app_opened,app_opened,A(기존 UI),외곽 주거지(초월읍 등)
4565,1_app_opened,app_opened,A(기존 UI),도심권
4566,1_app_opened,app_opened,B(개선 UI),도심권
4566,2_home_viewed,home_viewed,B(개선 UI),도심권
4567,1_app_opened,app_opened,A(기존 UI),외곽 주거지(초월읍 등)
4568,1_app_opened,app_opened,A(기존 UI),외곽 주거지(초월읍 등)
4568,2_home_viewed,home_viewed,A(기존 UI),외곽 주거지(초월읍 등)
4569,1_app_opened,app_opened,A(기존 UI),외곽 주거지(초월읍 등)
4570,1_app_opened,app_opened,B(개선 UI),도심권
4571,1_app_opened,app_opened,B(개선 UI),도심권
4572,1_app_opened,app_opened,B(개선 UI),외곽 주거지(초월읍 등)
4572,2_home_viewed,home_viewed,B(개선 UI),외곽 주거지(초월읍 등)
4572,3_cart_interacted,cart_interacted,B(개선 UI),외곽 주거지(초월읍 등)
4573,1_app_opened,app_opened,A(기존 UI),도심권
4574,1_app_opened,app_opened,B(개선 UI),외곽 주거지(초월읍 등)
4575,1_app_opened,app_opened,B(개선 UI),도심권
4576,1_app_opened,app_opened,A(기존 UI),도심권
4577,1_app_opened,app_opened,A(기존 UI),외곽 주거지(초월읍 등)
4578,1_app_opened,app_opened,A(기존 UI),도심권
4579,1_app_opened,app_opened,B(개선 UI),도심권
4579,2_home_viewed,home_viewed,B(개선 UI),도심권
4579,3_cart_interacted,cart_interacted,B(개선 UI),도심권
4579,4_purchase_completed,purchase_completed,B(개선 UI),도심권
4580,1_app_opened,app_opened,B(개선 UI),도심권
4580,2_home_viewed,home_viewed,B(개선 UI),도심권
4581,1_app_opened,app_opened,B(개선 UI),도심권
4582,1_app_opened,app_opened,A(기존 UI),도심권
4582,2_home_viewed,home_viewed,A(기존 UI),도심권
4583,1_app_opened,app_opened,B(개선 UI),도심권
4583,2_home_viewed,home_viewed,B(개선 UI),도심권
4583,3_cart_interacted,cart_interacted,B(개선 UI),도심권
4584,1_app_opened,app_opened,B(개선 UI),도심권
4584,2_home_viewed,home_viewed,B(개선 UI),도심권
4585,1_app_opened,app_opened,B(개선 UI),외곽 주거지(초월읍 등)
4585,2_home_viewed,home_viewed,B(개선 UI),외곽 주거지(초월읍 등)
4585,3_cart_interacted,cart_interacted,B(개선 UI),외곽 주거지(초월읍 등)
4586,1_app_opened,app_opened,B(개선 UI),도심권
4586,2_home_viewed,home_viewed,B(개선 UI),도심권
4586,3_cart_interacted,cart_interacted,B(개선 UI),도심권
4587,1_app_opened,app_opened,A(기존 UI),외곽 주거지(초월읍 등)
4588,1_app_opened,app_opened,A(기존 UI),도심권
4589,1_app_opened,app_opened,B(개선 UI),도심권
4589,2_home_viewed,home_viewed,B(개선 UI),도심권
4589,3_cart_interacted,cart_interacted,B(개선 UI),도심권
4589,4_purchase_completed,purchase_completed,B(개선 UI),도심권
4590,1_app_opened,app_opened,B(개선 UI),도심권
4591,1_app_opened,app_opened,B(개선 UI),외곽 주거지(초월읍 등)
4591,2_home_viewed,home_viewed,B(개선 UI),외곽 주거지(초월읍 등)
4591,3_cart_interacted,cart_interacted,B(개선 UI),외곽 주거지(초월읍 등)
4592,1_app_opened,app_opened,A(기존 UI),외곽 주거지(초월읍 등)
4592,2_home_viewed,home_viewed,A(기존 UI),외곽 주거지(초월읍 등)
4593,1_app_opened,app_opened,B(개선 UI),외곽 주거지(초월읍 등)
4594,1_app_opened,app_opened,A(기존 UI),도심권
4595,1_app_opened,app_opened,A(기존 UI),도심권
4596,1_app_opened,app_opened,B(개선 UI),외곽 주거지(초월읍 등)
4597,1_app_opened,app_opened,B(개선 UI),외곽 주거지(초월읍 등)
4598,1_app_opened,app_opened,A(기존 UI),외곽 주거지(초월읍 등)
4599,1_app_opened,app_opened,A(기존 UI),도심권
4600,1_app_opened,app_opened,A(기존 UI),외곽 주거지(초월읍 등)
4601,1_app_opened,app_opened,A(기존 UI),도심권
4602,1_app_opened,app_opened,B(개선 UI),도심권
4602,2_home_viewed,home_viewed,B(개선 UI),도심권
4602,3_cart_interacted,cart_interacted,B(개선 UI),도심권
4602,4_purchase_completed,purchase_completed,B(개선 UI),도심권
4603,1_app_opened,app_opened,B(개선 UI),도심권
4604,1_app_opened,app_opened,A(기존 UI),도심권
4605,1_app_opened,app_opened,B(개선 UI),외곽 주거지(초월읍 등)
4606,1_app_opened,app_opened,B(개선 UI),외곽 주거지(초월읍 등)
4607,1_app_opened,app_opened,B(개선 UI),외곽 주거지(초월읍 등)
4607,2_home_viewed,home_viewed,B(개선 UI),외곽 주거지(초월읍 등)
4607,3_cart_interacted,cart_interacted,B(개선 UI),외곽 주거지(초월읍 등)
4608,1_app_opened,app_opened,A(기존 UI),도심권
4609,1_app_opened,app_opened,B(개선 UI),도심권
4610,1_app_opened,app_opened,A(기존 UI),외곽 주거지(초월읍 등)
4611,1_app_opened,app_opened,A(기존 UI),도심권
4611,2_home_viewed,home_viewed,A(기존 UI),도심권
4612,1_app_opened,app_opened,A(기존 UI),외곽 주거지(초월읍 등)
4613,1_app_opened,app_opened,A(기존 UI),도심권
4613,2_home_viewed,home_viewed,A(기존 UI),도심권
4613,3_cart_interacted,cart_interacted,A(기존 UI),도심권
4614,1_app_opened,app_opened,A(기존 UI),도심권
4615,1_app_opened,app_opened,A(기존 UI),도심권
4616,1_app_opened,app_opened,A(기존 UI),외곽 주거지(초월읍 등)
4617,1_app_opened,app_opened,B(개선 UI),도심권
4617,2_home_viewed,home_viewed,B(개선 UI),도심권
4618,1_app_opened,app_opened,B(개선 UI),도심권
4618,2_home_viewed,home_viewed,B(개선 UI),도심권
4619,1_app_opened,app_opened,A(기존 UI),외곽 주거지(초월읍 등)
4620,1_app_opened,app_opened,B(개선 UI),도심권
4620,2_home_viewed,home_viewed,B(개선 UI),도심권
4621,1_app_opened,app_opened,B(개선 UI),외곽 주거지(초월읍 등)
4621,2_home_viewed,home_viewed,B(개선 UI),외곽 주거지(초월읍 등)
4622,1_app_opened,app_opened,B(개선 UI),도심권
4622,2_home_viewed,home_viewed,B(개선 UI),도심권
4623,1_app_opened,app_opened,A(기존 UI),도심권
4624,1_app_opened,app_opened,B(개선 UI),외곽 주거지(초월읍 등)
4624,2_home_viewed,home_viewed,B(개선 UI),외곽 주거지(초월읍 등)
4624,3_cart_interacted,cart_interacted,B(개선 UI),외곽 주거지(초월읍 등)
4625,1_app_opened,app_opened,B(개선 UI),도심권
4625,2_home_viewed,home_viewed,B(개선 UI),도심권
4626,1_app_opened,app_opened,B(개선 UI),도심권
4627,1_app_opened,app_opened,A(기존 UI),도심권
4627,2_home_viewed,home_viewed,A(기존 UI),도심권
4628,1_app_opened,app_opened,B(개선 UI),도심권
4628,2_home_viewed,home_viewed,B(개선 UI),도심권
4629,1_app_opened,app_opened,B(개선 UI),도심권
4630,1_app_opened,app_opened,B(개선 UI),도심권
4630,2_home_viewed,home_viewed,B(개선 UI),도심권
4631,1_app_opened,app_opened,A(기존 UI),외곽 주거지(초월읍 등)
4632,1_app_opened,app_opened,A(기존 UI),외곽 주거지(초월읍 등)
4633,1_app_opened,app_opened,B(개선 UI),도심권
4633,2_home_viewed,home_viewed,B(개선 UI),도심권
4634,1_app_opened,app_opened,B(개선 UI),도심권
4634,2_home_viewed,home_viewed,B(개선 UI),도심권
4634,3_cart_interacted,cart_interacted,B(개선 UI),도심권
4634,4_purchase_completed,purchase_completed,B(개선 UI),도심권
4635,1_app_opened,app_opened,A(기존 UI),도심권
4636,1_app_opened,app_opened,B(개선 UI),도심권
4636,2_home_viewed,home_viewed,B(개선 UI),도심권
4637,1_app_opened,app_opened,A(기존 UI),도심권
4638,1_app_opened,app_opened,B(개선 UI),도심권
4638,2_home_viewed,home_viewed,B(개선 UI),도심권
4639,1_app_opened,app_opened,B(개선 UI),도심권
4639,2_home_viewed,home_viewed,B(개선 UI),도심권
4640,1_app_opened,app_opened,B(개선 UI),도심권
4641,1_app_opened,app_opened,B(개선 UI),도심권
4641,2_home_viewed,home_viewed,B(개선 UI),도심권
4642,1_app_opened,app_opened,A(기존 UI),외곽 주거지(초월읍 등)
4643,1_app_opened,app_opened,B(개선 UI),외곽 주거지(초월읍 등)
4643,2_home_viewed,home_viewed,B(개선 UI),외곽 주거지(초월읍 등)
4644,1_app_opened,app_opened,A(기존 UI),도심권
4645,1_app_opened,app_opened,B(개선 UI),외곽 주거지(초월읍 등)
4645,2_home_viewed,home_viewed,B(개선 UI),외곽 주거지(초월읍 등)
4646,1_app_opened,app_opened,B(개선 UI),도심권
4646,2_home_viewed,home_viewed,B(개선 UI),도심권
4647,1_app_opened,app_opened,B(개선 UI),외곽 주거지(초월읍 등)
4648,1_app_opened,app_opened,A(기존 UI),도심권
4649,1_app_opened,app_opened,B(개선 UI),외곽 주거지(초월읍 등)
4650,1_app_opened,app_opened,A(기존 UI),도심권
4651,1_app_opened,app_opened,A(기존 UI),도심권
4652,1_app_opened,app_opened,B(개선 UI),도심권
4652,2_home_viewed,home_viewed,B(개선 UI),도심권
4653,1_app_opened,app_opened,A(기존 UI),도심권
4654,1_app_opened,app_opened,B(개선 UI),도심권
4654,2_home_viewed,home_viewed,B(개선 UI),도심권
4655,1_app_opened,app_opened,A(기존 UI),도심권
4656,1_app_opened,app_opened,A(기존 UI),외곽 주거지(초월읍 등)
4657,1_app_opened,app_opened,B(개선 UI),도심권
4658,1_app_opened,app_opened,B(개선 UI),도심권
4658,2_home_viewed,home_viewed,B(개선 UI),도심권
4658,3_cart_interacted,cart_interacted,B(개선 UI),도심권
4658,4_purchase_completed,purchase_completed,B(개선 UI),도심권
4659,1_app_opened,app_opened,A(기존 UI),도심권
4660,1_app_opened,app_opened,B(개선 UI),외곽 주거지(초월읍 등)
4661,1_app_opened,app_opened,B(개선 UI),외곽 주거지(초월읍 등)
4662,1_app_opened,app_opened,B(개선 UI),외곽 주거지(초월읍 등)
4663,1_app_opened,app_opened,A(기존 UI),도심권
4664,1_app_opened,app_opened,B(개선 UI),도심권
4665,1_app_opened,app_opened,B(개선 UI),도심권
4666,1_app_opened,app_opened,B(개선 UI),도심권
4666,2_home_viewed,home_viewed,B(개선 UI),도심권
4667,1_app_opened,app_opened,A(기존 UI),도심권
4668,1_app_opened,app_opened,B(개선 UI),도심권
4668,2_home_viewed,home_viewed,B(개선 UI),도심권
4668,3_cart_interacted,cart_interacted,B(개선 UI),도심권
4669,1_app_opened,app_opened,B(개선 UI),도심권
4669,2_home_viewed,home_viewed,B(개선 UI),도심권
4670,1_app_opened,app_opened,B(개선 UI),도심권
4670,2_home_viewed,home_viewed,B(개선 UI),도심권
4670,3_cart_interacted,cart_interacted,B(개선 UI),도심권
4671,1_app_opened,app_opened,A(기존 UI),도심권
4671,2_home_viewed,home_viewed,A(기존 UI),도심권
4672,1_app_opened,app_opened,B(개선 UI),외곽 주거지(초월읍 등)
4673,1_app_opened,app_opened,B(개선 UI),도심권
4673,2_home_viewed,home_viewed,B(개선 UI),도심권
4674,1_app_opened,app_opened,A(기존 UI),외곽 주거지(초월읍 등)
4674,2_home_viewed,home_viewed,A(기존 UI),외곽 주거지(초월읍 등)
4674,3_cart_interacted,cart_interacted,A(기존 UI),외곽 주거지(초월읍 등)
4675,1_app_opened,app_opened,A(기존 UI),도심권
4676,1_app_opened,app_opened,B(개선 UI),도심권
4677,1_app_opened,app_opened,A(기존 UI),도심권
4678,1_app_opened,app_opened,B(개선 UI),외곽 주거지(초월읍 등)
4678,2_home_viewed,home_viewed,B(개선 UI),외곽 주거지(초월읍 등)
4679,1_app_opened,app_opened,B(개선 UI),도심권
4680,1_app_opened,app_opened,B(개선 UI),외곽 주거지(초월읍 등)
4680,2_home_viewed,home_viewed,B(개선 UI),외곽 주거지(초월읍 등)
4680,3_cart_interacted,cart_interacted,B(개선 UI),외곽 주거지(초월읍 등)
4681,1_app_opened,app_opened,A(기존 UI),도심권
4681,2_home_viewed,home_viewed,A(기존 UI),도심권
4682,1_app_opened,app_opened,A(기존 UI),도심권
4683,1_app_opened,app_opened,B(개선 UI),외곽 주거지(초월읍 등)
4684,1_app_opened,app_opened,A(기존 UI),도심권
4685,1_app_opened,app_opened,B(개선 UI),외곽 주거지(초월읍 등)
4685,2_home_viewed,home_viewed,B(개선 UI),외곽 주거지(초월읍 등)
4685,3_cart_interacted,cart_interacted,B(개선 UI),외곽 주거지(초월읍 등)
4685,4_purchase_completed,purchase_completed,B(개선 UI),외곽 주거지(초월읍 등)
4686,1_app_opened,app_opened,A(기존 UI),도심권
4686,2_home_viewed,home_viewed,A(기존 UI),도심권
4686,3_cart_interacted,cart_interacted,A(기존 UI),도심권
4686,4_purchase_completed,purchase_completed,A(기존 UI),도심권
4687,1_app_opened,app_opened,A(기존 UI),도심권
4687,2_home_viewed,home_viewed,A(기존 UI),도심권
4688,1_app_opened,app_opened,A(기존 UI),외곽 주거지(초월읍 등)
4689,1_app_opened,app_opened,B(개선 UI),외곽 주거지(초월읍 등)
4689,2_home_viewed,home_viewed,B(개선 UI),외곽 주거지(초월읍 등)
4690,1_app_opened,app_opened,B(개선 UI),도심권
4690,2_home_viewed,home_viewed,B(개선 UI),도심권
4690,3_cart_interacted,cart_interacted,B(개선 UI),도심권
4690,4_purchase_completed,purchase_completed,B(개선 UI),도심권
4691,1_app_opened,app_opened,A(기존 UI),외곽 주거지(초월읍 등)
4692,1_app_opened,app_opened,A(기존 UI),도심권
4693,1_app_opened,app_opened,A(기존 UI),외곽 주거지(초월읍 등)
4694,1_app_opened,app_opened,B(개선 UI),도심권
4694,2_home_viewed,home_viewed,B(개선 UI),도심권
4694,3_cart_interacted,cart_interacted,B(개선 UI),도심권
4695,1_app_opened,app_opened,A(기존 UI),도심권
4695,2_home_viewed,home_viewed,A(기존 UI),도심권
4696,1_app_opened,app_opened,B(개선 UI),도심권
4697,1_app_opened,app_opened,B(개선 UI),도심권
4697,2_home_viewed,home_viewed,B(개선 UI),도심권
4698,1_app_opened,app_opened,B(개선 UI),도심권
4699,1_app_opened,app_opened,A(기존 UI),도심권
4700,1_app_opened,app_opened,B(개선 UI),도심권
4700,2_home_viewed,home_viewed,B(개선 UI),도심권
4700,3_cart_interacted,cart_interacted,B(개선 UI),도심권
4701,1_app_opened,app_opened,A(기존 UI),외곽 주거지(초월읍 등)
4702,1_app_opened,app_opened,A(기존 UI),도심권
4703,1_app_opened,app_opened,B(개선 UI),도심권
4703,2_home_viewed,home_viewed,B(개선 UI),도심권
4703,3_cart_interacted,cart_interacted,B(개선 UI),도심권
4704,1_app_opened,app_opened,B(개선 UI),도심권
4704,2_home_viewed,home_viewed,B(개선 UI),도심권
4705,1_app_opened,app_opened,A(기존 UI),외곽 주거지(초월읍 등)
4706,1_app_opened,app_opened,A(기존 UI),도심권
4707,1_app_opened,app_opened,B(개선 UI),도심권
4707,2_home_viewed,home_viewed,B(개선 UI),도심권
4708,1_app_opened,app_opened,A(기존 UI),도심권
4709,1_app_opened,app_opened,B(개선 UI),도심권
4709,2_home_viewed,home_viewed,B(개선 UI),도심권
4709,3_cart_interacted,cart_interacted,B(개선 UI),도심권
4710,1_app_opened,app_opened,B(개선 UI),도심권
4710,2_home_viewed,home_viewed,B(개선 UI),도심권
4711,1_app_opened,app_opened,A(기존 UI),도심권
4712,1_app_opened,app_opened,A(기존 UI),도심권
4713,1_app_opened,app_opened,A(기존 UI),도심권
4714,1_app_opened,app_opened,B(개선 UI),도심권
4714,2_home_viewed,home_viewed,B(개선 UI),도심권
4715,1_app_opened,app_opened,B(개선 UI),도심권
4716,1_app_opened,app_opened,A(기존 UI),도심권
4717,1_app_opened,app_opened,B(개선 UI),외곽 주거지(초월읍 등)
4717,2_home_viewed,home_viewed,B(개선 UI),외곽 주거지(초월읍 등)
4718,1_app_opened,app_opened,B(개선 UI),외곽 주거지(초월읍 등)
4719,1_app_opened,app_opened,A(기존 UI),도심권
4720,1_app_opened,app_opened,B(개선 UI),도심권
4721,1_app_opened,app_opened,A(기존 UI),도심권
4721,2_home_viewed,home_viewed,A(기존 UI),도심권
4722,1_app_opened,app_opened,A(기존 UI),도심권
4723,1_app_opened,app_opened,A(기존 UI),도심권
4724,1_app_opened,app_opened,A(기존 UI),도심권
4725,1_app_opened,app_opened,A(기존 UI),외곽 주거지(초월읍 등)
4726,1_app_opened,app_opened,A(기존 UI),외곽 주거지(초월읍 등)
4727,1_app_opened,app_opened,B(개선 UI),도심권
4728,1_app_opened,app_opened,B(개선 UI),도심권
4728,2_home_viewed,home_viewed,B(개선 UI),도심권
4729,1_app_opened,app_opened,B(개선 UI),외곽 주거지(초월읍 등)
4729,2_home_viewed,home_viewed,B(개선 UI),외곽 주거지(초월읍 등)
4730,1_app_opened,app_opened,A(기존 UI),외곽 주거지(초월읍 등)
4731,1_app_opened,app_opened,A(기존 UI),외곽 주거지(초월읍 등)
4732,1_app_opened,app_opened,A(기존 UI),도심권
4733,1_app_opened,app_opened,B(개선 UI),도심권
4733,2_home_viewed,home_viewed,B(개선 UI),도심권
4733,3_cart_interacted,cart_interacted,B(개선 UI),도심권
4734,1_app_opened,app_opened,B(개선 UI),도심권
4734,2_home_viewed,home_viewed,B(개선 UI),도심권
4735,1_app_opened,app_opened,A(기존 UI),도심권
4736,1_app_opened,app_opened,A(기존 UI),도심권
4737,1_app_opened,app_opened,B(개선 UI),도심권
4737,2_home_viewed,home_viewed,B(개선 UI),도심권
4738,1_app_opened,app_opened,A(기존 UI),외곽 주거지(초월읍 등)
4739,1_app_opened,app_opened,A(기존 UI),외곽 주거지(초월읍 등)
4740,1_app_opened,app_opened,B(개선 UI),도심권
4741,1_app_opened,app_opened,B(개선 UI),외곽 주거지(초월읍 등)
4741,2_home_viewed,home_viewed,B(개선 UI),외곽 주거지(초월읍 등)
4741,3_cart_interacted,cart_interacted,B(개선 UI),외곽 주거지(초월읍 등)
4742,1_app_opened,app_opened,A(기존 UI),도심권
4743,1_app_opened,app_opened,A(기존 UI),외곽 주거지(초월읍 등)
4744,1_app_opened,app_opened,B(개선 UI),도심권
4744,2_home_viewed,home_viewed,B(개선 UI),도심권
4744,3_cart_interacted,cart_interacted,B(개선 UI),도심권
4745,1_app_opened,app_opened,A(기존 UI),도심권
4746,1_app_opened,app_opened,A(기존 UI),도심권
4746,2_home_viewed,home_viewed,A(기존 UI),도심권
4747,1_app_opened,app_opened,A(기존 UI),도심권
4748,1_app_opened,app_opened,A(기존 UI),도심권
4749,1_app_opened,app_opened,A(기존 UI),도심권
4750,1_app_opened,app_opened,B(개선 UI),외곽 주거지(초월읍 등)
4751,1_app_opened,app_opened,A(기존 UI),도심권
4752,1_app_opened,app_opened,A(기존 UI),도심권
4753,1_app_opened,app_opened,B(개선 UI),도심권
4753,2_home_viewed,home_viewed,B(개선 UI),도심권
4754,1_app_opened,app_opened,B(개선 UI),도심권
4755,1_app_opened,app_opened,B(개선 UI),도심권
4755,2_home_viewed,home_viewed,B(개선 UI),도심권
4755,3_cart_interacted,cart_interacted,B(개선 UI),도심권
4756,1_app_opened,app_opened,B(개선 UI),외곽 주거지(초월읍 등)
4757,1_app_opened,app_opened,A(기존 UI),도심권
4758,1_app_opened,app_opened,B(개선 UI),도심권
4758,2_home_viewed,home_viewed,B(개선 UI),도심권
4759,1_app_opened,app_opened,A(기존 UI),외곽 주거지(초월읍 등)
4760,1_app_opened,app_opened,B(개선 UI),도심권
4760,2_home_viewed,home_viewed,B(개선 UI),도심권
4760,3_cart_interacted,cart_interacted,B(개선 UI),도심권
4761,1_app_opened,app_opened,A(기존 UI),도심권
4762,1_app_opened,app_opened,B(개선 UI),외곽 주거지(초월읍 등)
4762,2_home_viewed,home_viewed,B(개선 UI),외곽 주거지(초월읍 등)
4763,1_app_opened,app_opened,B(개선 UI),도심권
4764,1_app_opened,app_opened,A(기존 UI),도심권
4765,1_app_opened,app_opened,B(개선 UI),외곽 주거지(초월읍 등)
4765,2_home_viewed,home_viewed,B(개선 UI),외곽 주거지(초월읍 등)
4765,3_cart_interacted,cart_interacted,B(개선 UI),외곽 주거지(초월읍 등)
4765,4_purchase_completed,purchase_completed,B(개선 UI),외곽 주거지(초월읍 등)
4766,1_app_opened,app_opened,B(개선 UI),도심권
4767,1_app_opened,app_opened,B(개선 UI),도심권
4767,2_home_viewed,home_viewed,B(개선 UI),도심권
4767,3_cart_interacted,cart_interacted,B(개선 UI),도심권
4768,1_app_opened,app_opened,A(기존 UI),외곽 주거지(초월읍 등)
4769,1_app_opened,app_opened,B(개선 UI),도심권
4770,1_app_opened,app_opened,A(기존 UI),도심권
4771,1_app_opened,app_opened,A(기존 UI),외곽 주거지(초월읍 등)
4772,1_app_opened,app_opened,A(기존 UI),외곽 주거지(초월읍 등)
4773,1_app_opened,app_opened,A(기존 UI),도심권
4774,1_app_opened,app_opened,B(개선 UI),도심권
4775,1_app_opened,app_opened,A(기존 UI),외곽 주거지(초월읍 등)
4776,1_app_opened,app_opened,B(개선 UI),외곽 주거지(초월읍 등)
4776,2_home_viewed,home_viewed,B(개선 UI),외곽 주거지(초월읍 등)
4776,3_cart_interacted,cart_interacted,B(개선 UI),외곽 주거지(초월읍 등)
4777,1_app_opened,app_opened,A(기존 UI),도심권
4778,1_app_opened,app_opened,A(기존 UI),도심권
4779,1_app_opened,app_opened,A(기존 UI),도심권
4780,1_app_opened,app_opened,A(기존 UI),외곽 주거지(초월읍 등)
4781,1_app_opened,app_opened,A(기존 UI),외곽 주거지(초월읍 등)
4782,1_app_opened,app_opened,A(기존 UI),외곽 주거지(초월읍 등)
4783,1_app_opened,app_opened,B(개선 UI),외곽 주거지(초월읍 등)
4783,2_home_viewed,home_viewed,B(개선 UI),외곽 주거지(초월읍 등)
4784,1_app_opened,app_opened,A(기존 UI),도심권
4785,1_app_opened,app_opened,A(기존 UI),도심권
4785,2_home_viewed,home_viewed,A(기존 UI),도심권
4785,3_cart_interacted,cart_interacted,A(기존 UI),도심권
4785,4_purchase_completed,purchase_completed,A(기존 UI),도심권
4786,1_app_opened,app_opened,A(기존 UI),외곽 주거지(초월읍 등)
4787,1_app_opened,app_opened,B(개선 UI),외곽 주거지(초월읍 등)
4787,2_home_viewed,home_viewed,B(개선 UI),외곽 주거지(초월읍 등)
4787,3_cart_interacted,cart_interacted,B(개선 UI),외곽 주거지(초월읍 등)
4788,1_app_opened,app_opened,B(개선 UI),도심권
4789,1_app_opened,app_opened,A(기존 UI),도심권
4789,2_home_viewed,home_viewed,A(기존 UI),도심권
4790,1_app_opened,app_opened,A(기존 UI),외곽 주거지(초월읍 등)
4791,1_app_opened,app_opened,A(기존 UI),도심권
4792,1_app_opened,app_opened,B(개선 UI),도심권
4792,2_home_viewed,home_viewed,B(개선 UI),도심권
4792,3_cart_interacted,cart_interacted,B(개선 UI),도심권
4793,1_app_opened,app_opened,A(기존 UI),도심권
4794,1_app_opened,app_opened,A(기존 UI),도심권
4795,1_app_opened,app_opened,A(기존 UI),도심권
4796,1_app_opened,app_opened,A(기존 UI),외곽 주거지(초월읍 등)
4797,1_app_opened,app_opened,A(기존 UI),도심권
4797,2_home_viewed,home_viewed,A(기존 UI),도심권
4798,1_app_opened,app_opened,B(개선 UI),도심권
4798,2_home_viewed,home_viewed,B(개선 UI),도심권
4799,1_app_opened,app_opened,A(기존 UI),도심권
4800,1_app_opened,app_opened,B(개선 UI),외곽 주거지(초월읍 등)
4801,1_app_opened,app_opened,A(기존 UI),외곽 주거지(초월읍 등)
4802,1_app_opened,app_opened,A(기존 UI),외곽 주거지(초월읍 등)
4803,1_app_opened,app_opened,B(개선 UI),외곽 주거지(초월읍 등)
4804,1_app_opened,app_opened,A(기존 UI),도심권
4805,1_app_opened,app_opened,B(개선 UI),도심권
4805,2_home_viewed,home_viewed,B(개선 UI),도심권
4805,3_cart_interacted,cart_interacted,B(개선 UI),도심권
4805,4_purchase_completed,purchase_completed,B(개선 UI),도심권
4806,1_app_opened,app_opened,B(개선 UI),도심권
4806,2_home_viewed,home_viewed,B(개선 UI),도심권
4806,3_cart_interacted,cart_interacted,B(개선 UI),도심권
4806,4_purchase_completed,purchase_completed,B(개선 UI),도심권
4807,1_app_opened,app_opened,A(기존 UI),도심권
4807,2_home_viewed,home_viewed,A(기존 UI),도심권
4808,1_app_opened,app_opened,B(개선 UI),외곽 주거지(초월읍 등)
4808,2_home_viewed,home_viewed,B(개선 UI),외곽 주거지(초월읍 등)
4809,1_app_opened,app_opened,A(기존 UI),도심권
4810,1_app_opened,app_opened,B(개선 UI),외곽 주거지(초월읍 등)
4810,2_home_viewed,home_viewed,B(개선 UI),외곽 주거지(초월읍 등)
4810,3_cart_interacted,cart_interacted,B(개선 UI),외곽 주거지(초월읍 등)
4810,4_purchase_completed,purchase_completed,B(개선 UI),외곽 주거지(초월읍 등)
4811,1_app_opened,app_opened,A(기존 UI),도심권
4811,2_home_viewed,home_viewed,A(기존 UI),도심권
4812,1_app_opened,app_opened,B(개선 UI),도심권
4813,1_app_opened,app_opened,A(기존 UI),도심권
4813,2_home_viewed,home_viewed,A(기존 UI),도심권
4814,1_app_opened,app_opened,B(개선 UI),도심권
4815,1_app_opened,app_opened,B(개선 UI),도심권
4815,2_home_viewed,home_viewed,B(개선 UI),도심권
4816,1_app_opened,app_opened,B(개선 UI),도심권
4816,2_home_viewed,home_viewed,B(개선 UI),도심권
4816,3_cart_interacted,cart_interacted,B(개선 UI),도심권
4816,4_purchase_completed,purchase_completed,B(개선 UI),도심권
4817,1_app_opened,app_opened,B(개선 UI),도심권
4817,2_home_viewed,home_viewed,B(개선 UI),도심권
4817,3_cart_interacted,cart_interacted,B(개선 UI),도심권
4817,4_purchase_completed,purchase_completed,B(개선 UI),도심권
4818,1_app_opened,app_opened,B(개선 UI),도심권
4818,2_home_viewed,home_viewed,B(개선 UI),도심권
4819,1_app_opened,app_opened,B(개선 UI),도심권
4820,1_app_opened,app_opened,A(기존 UI),도심권
4821,1_app_opened,app_opened,A(기존 UI),도심권
4822,1_app_opened,app_opened,A(기존 UI),도심권
4823,1_app_opened,app_opened,A(기존 UI),도심권
4824,1_app_opened,app_opened,A(기존 UI),도심권
4825,1_app_opened,app_opened,B(개선 UI),도심권
4825,2_home_viewed,home_viewed,B(개선 UI),도심권
4825,3_cart_interacted,cart_interacted,B(개선 UI),도심권
4825,4_purchase_completed,purchase_completed,B(개선 UI),도심권
4826,1_app_opened,app_opened,A(기존 UI),도심권
4827,1_app_opened,app_opened,B(개선 UI),도심권
4828,1_app_opened,app_opened,A(기존 UI),도심권
4828,2_home_viewed,home_viewed,A(기존 UI),도심권
4828,3_cart_interacted,cart_interacted,A(기존 UI),도심권
4829,1_app_opened,app_opened,A(기존 UI),도심권
4830,1_app_opened,app_opened,B(개선 UI),외곽 주거지(초월읍 등)
4830,2_home_viewed,home_viewed,B(개선 UI),외곽 주거지(초월읍 등)
4831,1_app_opened,app_opened,B(개선 UI),도심권
4831,2_home_viewed,home_viewed,B(개선 UI),도심권
4832,1_app_opened,app_opened,B(개선 UI),도심권
4832,2_home_viewed,home_viewed,B(개선 UI),도심권
4832,3_cart_interacted,cart_interacted,B(개선 UI),도심권
4832,4_purchase_completed,purchase_completed,B(개선 UI),도심권
4833,1_app_opened,app_opened,B(개선 UI),외곽 주거지(초월읍 등)
4833,2_home_viewed,home_viewed,B(개선 UI),외곽 주거지(초월읍 등)
4834,1_app_opened,app_opened,A(기존 UI),도심권
4835,1_app_opened,app_opened,B(개선 UI),외곽 주거지(초월읍 등)
4835,2_home_viewed,home_viewed,B(개선 UI),외곽 주거지(초월읍 등)
4836,1_app_opened,app_opened,A(기존 UI),도심권
4836,2_home_viewed,home_viewed,A(기존 UI),도심권
4837,1_app_opened,app_opened,A(기존 UI),도심권
4838,1_app_opened,app_opened,A(기존 UI),외곽 주거지(초월읍 등)
4839,1_app_opened,app_opened,A(기존 UI),도심권
4840,1_app_opened,app_opened,A(기존 UI),도심권
4841,1_app_opened,app_opened,B(개선 UI),도심권
4842,1_app_opened,app_opened,B(개선 UI),도심권
4843,1_app_opened,app_opened,A(기존 UI),도심권
4844,1_app_opened,app_opened,A(기존 UI),도심권
4845,1_app_opened,app_opened,A(기존 UI),외곽 주거지(초월읍 등)
4845,2_home_viewed,home_viewed,A(기존 UI),외곽 주거지(초월읍 등)
4846,1_app_opened,app_opened,A(기존 UI),외곽 주거지(초월읍 등)
4847,1_app_opened,app_opened,B(개선 UI),도심권
4847,2_home_viewed,home_viewed,B(개선 UI),도심권
4848,1_app_opened,app_opened,A(기존 UI),외곽 주거지(초월읍 등)
4848,2_home_viewed,home_viewed,A(기존 UI),외곽 주거지(초월읍 등)
4849,1_app_opened,app_opened,B(개선 UI),도심권
4850,1_app_opened,app_opened,A(기존 UI),도심권
4851,1_app_opened,app_opened,B(개선 UI),외곽 주거지(초월읍 등)
4851,2_home_viewed,home_viewed,B(개선 UI),외곽 주거지(초월읍 등)
4852,1_app_opened,app_opened,A(기존 UI),외곽 주거지(초월읍 등)
4853,1_app_opened,app_opened,B(개선 UI),외곽 주거지(초월읍 등)
4853,2_home_viewed,home_viewed,B(개선 UI),외곽 주거지(초월읍 등)
4854,1_app_opened,app_opened,A(기존 UI),도심권
4854,2_home_viewed,home_viewed,A(기존 UI),도심권
4855,1_app_opened,app_opened,B(개선 UI),도심권
4855,2_home_viewed,home_viewed,B(개선 UI),도심권
4856,1_app_opened,app_opened,A(기존 UI),외곽 주거지(초월읍 등)
4857,1_app_opened,app_opened,A(기존 UI),도심권
4858,1_app_opened,app_opened,B(개선 UI),도심권
4859,1_app_opened,app_opened,B(개선 UI),도심권
4860,1_app_opened,app_opened,B(개선 UI),외곽 주거지(초월읍 등)
4860,2_home_viewed,home_viewed,B(개선 UI),외곽 주거지(초월읍 등)
4861,1_app_opened,app_opened,B(개선 UI),도심권
4861,2_home_viewed,home_viewed,B(개선 UI),도심권
4861,3_cart_interacted,cart_interacted,B(개선 UI),도심권
4861,4_purchase_completed,purchase_completed,B(개선 UI),도심권
4862,1_app_opened,app_opened,B(개선 UI),도심권
4862,2_home_viewed,home_viewed,B(개선 UI),도심권
4863,1_app_opened,app_opened,A(기존 UI),도심권
4863,2_home_viewed,home_viewed,A(기존 UI),도심권
4864,1_app_opened,app_opened,A(기존 UI),도심권
4865,1_app_opened,app_opened,A(기존 UI),외곽 주거지(초월읍 등)
4866,1_app_opened,app_opened,B(개선 UI),도심권
4866,2_home_viewed,home_viewed,B(개선 UI),도심권
4866,3_cart_interacted,cart_interacted,B(개선 UI),도심권
4866,4_purchase_completed,purchase_completed,B(개선 UI),도심권
4867,1_app_opened,app_opened,A(기존 UI),도심권
4868,1_app_opened,app_opened,A(기존 UI),도심권
4869,1_app_opened,app_opened,B(개선 UI),도심권
4869,2_home_viewed,home_viewed,B(개선 UI),도심권
4870,1_app_opened,app_opened,B(개선 UI),도심권
4871,1_app_opened,app_opened,A(기존 UI),도심권
4872,1_app_opened,app_opened,A(기존 UI),도심권
4873,1_app_opened,app_opened,A(기존 UI),도심권
4874,1_app_opened,app_opened,A(기존 UI),외곽 주거지(초월읍 등)
4875,1_app_opened,app_opened,A(기존 UI),외곽 주거지(초월읍 등)
4876,1_app_opened,app_opened,B(개선 UI),도심권
4877,1_app_opened,app_opened,B(개선 UI),도심권
4877,2_home_viewed,home_viewed,B(개선 UI),도심권
4877,3_cart_interacted,cart_interacted,B(개선 UI),도심권
4878,1_app_opened,app_opened,B(개선 UI),외곽 주거지(초월읍 등)
4879,1_app_opened,app_opened,A(기존 UI),도심권
4879,2_home_viewed,home_viewed,A(기존 UI),도심권
4880,1_app_opened,app_opened,B(개선 UI),도심권
4880,2_home_viewed,home_viewed,B(개선 UI),도심권
4880,3_cart_interacted,cart_interacted,B(개선 UI),도심권
4880,4_purchase_completed,purchase_completed,B(개선 UI),도심권
4881,1_app_opened,app_opened,A(기존 UI),외곽 주거지(초월읍 등)
4882,1_app_opened,app_opened,A(기존 UI),도심권
4883,1_app_opened,app_opened,B(개선 UI),도심권
4884,1_app_opened,app_opened,A(기존 UI),도심권
4885,1_app_opened,app_opened,A(기존 UI),도심권
4886,1_app_opened,app_opened,B(개선 UI),외곽 주거지(초월읍 등)
4887,1_app_opened,app_opened,A(기존 UI),도심권
4888,1_app_opened,app_opened,B(개선 UI),도심권
4888,2_home_viewed,home_viewed,B(개선 UI),도심권
4889,1_app_opened,app_opened,A(기존 UI),외곽 주거지(초월읍 등)
4890,1_app_opened,app_opened,B(개선 UI),외곽 주거지(초월읍 등)
4890,2_home_viewed,home_viewed,B(개선 UI),외곽 주거지(초월읍 등)
4890,3_cart_interacted,cart_interacted,B(개선 UI),외곽 주거지(초월읍 등)
4890,4_purchase_completed,purchase_completed,B(개선 UI),외곽 주거지(초월읍 등)
4891,1_app_opened,app_opened,A(기존 UI),도심권
4892,1_app_opened,app_opened,A(기존 UI),도심권
4892,2_home_viewed,home_viewed,A(기존 UI),도심권
4893,1_app_opened,app_opened,B(개선 UI),도심권
4894,1_app_opened,app_opened,A(기존 UI),외곽 주거지(초월읍 등)
4894,2_home_viewed,home_viewed,A(기존 UI),외곽 주거지(초월읍 등)
4894,3_cart_interacted,cart_interacted,A(기존 UI),외곽 주거지(초월읍 등)
4894,4_purchase_completed,purchase_completed,A(기존 UI),외곽 주거지(초월읍 등)
4895,1_app_opened,app_opened,A(기존 UI),도심권
4895,2_home_viewed,home_viewed,A(기존 UI),도심권
4896,1_app_opened,app_opened,A(기존 UI),도심권
4897,1_app_opened,app_opened,A(기존 UI),도심권
4898,1_app_opened,app_opened,A(기존 UI),도심권
4899,1_app_opened,app_opened,A(기존 UI),도심권
4899,2_home_viewed,home_viewed,A(기존 UI),도심권
4899,3_cart_interacted,cart_interacted,A(기존 UI),도심권
4900,1_app_opened,app_opened,B(개선 UI),도심권
4901,1_app_opened,app_opened,A(기존 UI),도심권
4901,2_home_viewed,home_viewed,A(기존 UI),도심권
4902,1_app_opened,app_opened,A(기존 UI),도심권
4903,1_app_opened,app_opened,A(기존 UI),도심권
4904,1_app_opened,app_opened,A(기존 UI),도심권
4904,2_home_viewed,home_viewed,A(기존 UI),도심권
4905,1_app_opened,app_opened,B(개선 UI),외곽 주거지(초월읍 등)
4905,2_home_viewed,home_viewed,B(개선 UI),외곽 주거지(초월읍 등)
4905,3_cart_interacted,cart_interacted,B(개선 UI),외곽 주거지(초월읍 등)
4906,1_app_opened,app_opened,A(기존 UI),외곽 주거지(초월읍 등)
4907,1_app_opened,app_opened,B(개선 UI),도심권
4908,1_app_opened,app_opened,A(기존 UI),도심권
4909,1_app_opened,app_opened,B(개선 UI),도심권
4910,1_app_opened,app_opened,B(개선 UI),도심권
4911,1_app_opened,app_opened,B(개선 UI),도심권
4912,1_app_opened,app_opened,B(개선 UI),도심권
4912,2_home_viewed,home_viewed,B(개선 UI),도심권
4912,3_cart_interacted,cart_interacted,B(개선 UI),도심권
4913,1_app_opened,app_opened,B(개선 UI),외곽 주거지(초월읍 등)
4914,1_app_opened,app_opened,A(기존 UI),도심권
4914,2_home_viewed,home_viewed,A(기존 UI),도심권
4915,1_app_opened,app_opened,A(기존 UI),도심권
4916,1_app_opened,app_opened,B(개선 UI),도심권
4916,2_home_viewed,home_viewed,B(개선 UI),도심권
4917,1_app_opened,app_opened,A(기존 UI),외곽 주거지(초월읍 등)
4918,1_app_opened,app_opened,A(기존 UI),도심권
4918,2_home_viewed,home_viewed,A(기존 UI),도심권
4919,1_app_opened,app_opened,B(개선 UI),외곽 주거지(초월읍 등)
4919,2_home_viewed,home_viewed,B(개선 UI),외곽 주거지(초월읍 등)
4920,1_app_opened,app_opened,A(기존 UI),도심권
4921,1_app_opened,app_opened,B(개선 UI),외곽 주거지(초월읍 등)
4921,2_home_viewed,home_viewed,B(개선 UI),외곽 주거지(초월읍 등)
4921,3_cart_interacted,cart_interacted,B(개선 UI),외곽 주거지(초월읍 등)
4922,1_app_opened,app_opened,B(개선 UI),외곽 주거지(초월읍 등)
4923,1_app_opened,app_opened,B(개선 UI),외곽 주거지(초월읍 등)
4924,1_app_opened,app_opened,B(개선 UI),도심권
4925,1_app_opened,app_opened,A(기존 UI),도심권
4926,1_app_opened,app_opened,A(기존 UI),도심권
4927,1_app_opened,app_opened,A(기존 UI),외곽 주거지(초월읍 등)
4927,2_home_viewed,home_viewed,A(기존 UI),외곽 주거지(초월읍 등)
4928,1_app_opened,app_opened,A(기존 UI),도심권
4929,1_app_opened,app_opened,B(개선 UI),도심권
4929,2_home_viewed,home_viewed,B(개선 UI),도심권
4930,1_app_opened,app_opened,B(개선 UI),도심권
4931,1_app_opened,app_opened,A(기존 UI),도심권
4932,1_app_opened,app_opened,A(기존 UI),도심권
4933,1_app_opened,app_opened,B(개선 UI),도심권
4933,2_home_viewed,home_viewed,B(개선 UI),도심권
4934,1_app_opened,app_opened,A(기존 UI),도심권
4935,1_app_opened,app_opened,A(기존 UI),도심권
4936,1_app_opened,app_opened,A(기존 UI),외곽 주거지(초월읍 등)
4937,1_app_opened,app_opened,B(개선 UI),외곽 주거지(초월읍 등)
4938,1_app_opened,app_opened,B(개선 UI),외곽 주거지(초월읍 등)
4938,2_home_viewed,home_viewed,B(개선 UI),외곽 주거지(초월읍 등)
4938,3_cart_interacted,cart_interacted,B(개선 UI),외곽 주거지(초월읍 등)
4939,1_app_opened,app_opened,B(개선 UI),도심권
4940,1_app_opened,app_opened,B(개선 UI),외곽 주거지(초월읍 등)
4940,2_home_viewed,home_viewed,B(개선 UI),외곽 주거지(초월읍 등)
4940,3_cart_interacted,cart_interacted,B(개선 UI),외곽 주거지(초월읍 등)
4940,4_purchase_completed,purchase_completed,B(개선 UI),외곽 주거지(초월읍 등)
4941,1_app_opened,app_opened,A(기존 UI),도심권
4942,1_app_opened,app_opened,A(기존 UI),도심권
4943,1_app_opened,app_opened,B(개선 UI),도심권
4943,2_home_viewed,home_viewed,B(개선 UI),도심권
4943,3_cart_interacted,cart_interacted,B(개선 UI),도심권
4944,1_app_opened,app_opened,A(기존 UI),도심권
4945,1_app_opened,app_opened,B(개선 UI),도심권
4946,1_app_opened,app_opened,B(개선 UI),외곽 주거지(초월읍 등)
4946,2_home_viewed,home_viewed,B(개선 UI),외곽 주거지(초월읍 등)
4947,1_app_opened,app_opened,B(개선 UI),도심권
4947,2_home_viewed,home_viewed,B(개선 UI),도심권
4947,3_cart_interacted,cart_interacted,B(개선 UI),도심권
4947,4_purchase_completed,purchase_completed,B(개선 UI),도심권
4948,1_app_opened,app_opened,B(개선 UI),도심권
4948,2_home_viewed,home_viewed,B(개선 UI),도심권
4949,1_app_opened,app_opened,B(개선 UI),도심권
4949,2_home_viewed,home_viewed,B(개선 UI),도심권
4950,1_app_opened,app_opened,B(개선 UI),도심권
4950,2_home_viewed,home_viewed,B(개선 UI),도심권
4951,1_app_opened,app_opened,A(기존 UI),도심권
4952,1_app_opened,app_opened,A(기존 UI),도심권
4953,1_app_opened,app_opened,A(기존 UI),외곽 주거지(초월읍 등)
4954,1_app_opened,app_opened,B(개선 UI),도심권
4954,2_home_viewed,home_viewed,B(개선 UI),도심권
4954,3_cart_interacted,cart_interacted,B(개선 UI),도심권
4954,4_purchase_completed,purchase_completed,B(개선 UI),도심권
4955,1_app_opened,app_opened,A(기존 UI),도심권
4956,1_app_opened,app_opened,B(개선 UI),외곽 주거지(초월읍 등)
4956,2_home_viewed,home_viewed,B(개선 UI),외곽 주거지(초월읍 등)
4956,3_cart_interacted,cart_interacted,B(개선 UI),외곽 주거지(초월읍 등)
4957,1_app_opened,app_opened,A(기존 UI),외곽 주거지(초월읍 등)
4958,1_app_opened,app_opened,B(개선 UI),외곽 주거지(초월읍 등)
4959,1_app_opened,app_opened,A(기존 UI),도심권
4960,1_app_opened,app_opened,B(개선 UI),도심권
4961,1_app_opened,app_opened,B(개선 UI),도심권
4961,2_home_viewed,home_viewed,B(개선 UI),도심권
4961,3_cart_interacted,cart_interacted,B(개선 UI),도심권
4961,4_purchase_completed,purchase_completed,B(개선 UI),도심권
4962,1_app_opened,app_opened,A(기존 UI),외곽 주거지(초월읍 등)
4963,1_app_opened,app_opened,A(기존 UI),외곽 주거지(초월읍 등)
4963,2_home_viewed,home_viewed,A(기존 UI),외곽 주거지(초월읍 등)
4964,1_app_opened,app_opened,B(개선 UI),도심권
4964,2_home_viewed,home_viewed,B(개선 UI),도심권
4965,1_app_opened,app_opened,A(기존 UI),도심권
4966,1_app_opened,app_opened,A(기존 UI),외곽 주거지(초월읍 등)
4967,1_app_opened,app_opened,B(개선 UI),도심권
4968,1_app_opened,app_opened,B(개선 UI),도심권
4969,1_app_opened,app_opened,B(개선 UI),도심권
4970,1_app_opened,app_opened,A(기존 UI),도심권
4971,1_app_opened,app_opened,A(기존 UI),외곽 주거지(초월읍 등)
4972,1_app_opened,app_opened,B(개선 UI),도심권
4973,1_app_opened,app_opened,B(개선 UI),도심권
4973,2_home_viewed,home_viewed,B(개선 UI),도심권
4973,3_cart_interacted,cart_interacted,B(개선 UI),도심권
4974,1_app_opened,app_opened,B(개선 UI),도심권
4975,1_app_opened,app_opened,A(기존 UI),도심권
4976,1_app_opened,app_opened,A(기존 UI),도심권
4977,1_app_opened,app_opened,A(기존 UI),도심권
4978,1_app_opened,app_opened,A(기존 UI),도심권
4979,1_app_opened,app_opened,A(기존 UI),도심권
4980,1_app_opened,app_opened,A(기존 UI),외곽 주거지(초월읍 등)
4981,1_app_opened,app_opened,B(개선 UI),도심권
4982,1_app_opened,app_opened,A(기존 UI),도심권
4982,2_home_viewed,home_viewed,A(기존 UI),도심권
4983,1_app_opened,app_opened,B(개선 UI),외곽 주거지(초월읍 등)
4983,2_home_viewed,home_viewed,B(개선 UI),외곽 주거지(초월읍 등)
4984,1_app_opened,app_opened,B(개선 UI),도심권
4984,2_home_viewed,home_viewed,B(개선 UI),도심권
4985,1_app_opened,app_opened,B(개선 UI),외곽 주거지(초월읍 등)
4986,1_app_opened,app_opened,A(기존 UI),도심권
4987,1_app_opened,app_opened,B(개선 UI),외곽 주거지(초월읍 등)
4988,1_app_opened,app_opened,B(개선 UI),외곽 주거지(초월읍 등)
4988,2_home_viewed,home_viewed,B(개선 UI),외곽 주거지(초월읍 등)
4989,1_app_opened,app_opened,B(개선 UI),도심권
4989,2_home_viewed,home_viewed,B(개선 UI),도심권
4989,3_cart_interacted,cart_interacted,B(개선 UI),도심권
4990,1_app_opened,app_opened,B(개선 UI),외곽 주거지(초월읍 등)
4991,1_app_opened,app_opened,B(개선 UI),외곽 주거지(초월읍 등)
4991,2_home_viewed,home_viewed,B(개선 UI),외곽 주거지(초월읍 등)
4992,1_app_opened,app_opened,B(개선 UI),도심권
4992,2_home_viewed,home_viewed,B(개선 UI),도심권
4992,3_cart_interacted,cart_interacted,B(개선 UI),도심권
4993,1_app_opened,app_opened,A(기존 UI),도심권
4993,2_home_viewed,home_viewed,A(기존 UI),도심권
4994,1_app_opened,app_opened,B(개선 UI),도심권
4994,2_home_viewed,home_viewed,B(개선 UI),도심권
4995,1_app_opened,app_opened,A(기존 UI),외곽 주거지(초월읍 등)
4996,1_app_opened,app_opened,B(개선 UI),도심권
4996,2_home_viewed,home_viewed,B(개선 UI),도심권
4997,1_app_opened,app_opened,A(기존 UI),도심권
4998,1_app_opened,app_opened,A(기존 UI),도심권
4999,1_app_opened,app_opened,B(개선 UI),도심권
5000,1_app_opened,app_opened,B(개선 UI),도심권
5000,2_home_viewed,home_viewed,B(개선 UI),도심권
5000,3_cart_interacted,cart_interacted,B(개선 UI),도심권
5000,4_purchase_completed,purchase_completed,B(개선 UI),도심권
5001,1_app_opened,app_opened,A(기존 UI),도심권
5002,1_app_opened,app_opened,A(기존 UI),외곽 주거지(초월읍 등)
5003,1_app_opened,app_opened,B(개선 UI),도심권
5003,2_home_viewed,home_viewed,B(개선 UI),도심권
5004,1_app_opened,app_opened,A(기존 UI),도심권
5005,1_app_opened,app_opened,B(개선 UI),도심권
5006,1_app_opened,app_opened,A(기존 UI),도심권
5007,1_app_opened,app_opened,B(개선 UI),도심권
5008,1_app_opened,app_opened,B(개선 UI),도심권
5009,1_app_opened,app_opened,A(기존 UI),도심권
5010,1_app_opened,app_opened,A(기존 UI),도심권
5011,1_app_opened,app_opened,A(기존 UI),도심권
5012,1_app_opened,app_opened,B(개선 UI),도심권
5012,2_home_viewed,home_viewed,B(개선 UI),도심권
5012,3_cart_interacted,cart_interacted,B(개선 UI),도심권
5012,4_purchase_completed,purchase_completed,B(개선 UI),도심권
5013,1_app_opened,app_opened,B(개선 UI),외곽 주거지(초월읍 등)
5013,2_home_viewed,home_viewed,B(개선 UI),외곽 주거지(초월읍 등)
5014,1_app_opened,app_opened,B(개선 UI),도심권
5015,1_app_opened,app_opened,A(기존 UI),외곽 주거지(초월읍 등)
5015,2_home_viewed,home_viewed,A(기존 UI),외곽 주거지(초월읍 등)
5016,1_app_opened,app_opened,A(기존 UI),외곽 주거지(초월읍 등)
5017,1_app_opened,app_opened,A(기존 UI),도심권
5017,2_home_viewed,home_viewed,A(기존 UI),도심권
5018,1_app_opened,app_opened,A(기존 UI),외곽 주거지(초월읍 등)
5019,1_app_opened,app_opened,B(개선 UI),도심권
5019,2_home_viewed,home_viewed,B(개선 UI),도심권
5019,3_cart_interacted,cart_interacted,B(개선 UI),도심권
5020,1_app_opened,app_opened,B(개선 UI),도심권
5020,2_home_viewed,home_viewed,B(개선 UI),도심권
5020,3_cart_interacted,cart_interacted,B(개선 UI),도심권
5021,1_app_opened,app_opened,B(개선 UI),도심권
5021,2_home_viewed,home_viewed,B(개선 UI),도심권
5021,3_cart_interacted,cart_interacted,B(개선 UI),도심권
5022,1_app_opened,app_opened,A(기존 UI),외곽 주거지(초월읍 등)
5022,2_home_viewed,home_viewed,A(기존 UI),외곽 주거지(초월읍 등)
5023,1_app_opened,app_opened,B(개선 UI),도심권
5023,2_home_viewed,home_viewed,B(개선 UI),도심권
5023,3_cart_interacted,cart_interacted,B(개선 UI),도심권
5023,4_purchase_completed,purchase_completed,B(개선 UI),도심권
5024,1_app_opened,app_opened,B(개선 UI),외곽 주거지(초월읍 등)
5024,2_home_viewed,home_viewed,B(개선 UI),외곽 주거지(초월읍 등)
5025,1_app_opened,app_opened,B(개선 UI),도심권
5025,2_home_viewed,home_viewed,B(개선 UI),도심권
5026,1_app_opened,app_opened,B(개선 UI),외곽 주거지(초월읍 등)
5027,1_app_opened,app_opened,A(기존 UI),도심권
5027,2_home_viewed,home_viewed,A(기존 UI),도심권
5028,1_app_opened,app_opened,A(기존 UI),도심권
5029,1_app_opened,app_opened,B(개선 UI),도심권
5030,1_app_opened,app_opened,A(기존 UI),도심권
5031,1_app_opened,app_opened,A(기존 UI),도심권
5032,1_app_opened,app_opened,B(개선 UI),외곽 주거지(초월읍 등)
5033,1_app_opened,app_opened,B(개선 UI),도심권
5033,2_home_viewed,home_viewed,B(개선 UI),도심권
5034,1_app_opened,app_opened,B(개선 UI),외곽 주거지(초월읍 등)
5035,1_app_opened,app_opened,A(기존 UI),도심권
5036,1_app_opened,app_opened,A(기존 UI),외곽 주거지(초월읍 등)
5036,2_home_viewed,home_viewed,A(기존 UI),외곽 주거지(초월읍 등)
5037,1_app_opened,app_opened,B(개선 UI),도심권
5037,2_home_viewed,home_viewed,B(개선 UI),도심권
5038,1_app_opened,app_opened,B(개선 UI),도심권
5039,1_app_opened,app_opened,B(개선 UI),외곽 주거지(초월읍 등)
5039,2_home_viewed,home_viewed,B(개선 UI),외곽 주거지(초월읍 등)
5040,1_app_opened,app_opened,B(개선 UI),도심권
5041,1_app_opened,app_opened,B(개선 UI),도심권
5041,2_home_viewed,home_viewed,B(개선 UI),도심권
5042,1_app_opened,app_opened,B(개선 UI),도심권
5043,1_app_opened,app_opened,A(기존 UI),도심권
5044,1_app_opened,app_opened,B(개선 UI),도심권
5045,1_app_opened,app_opened,B(개선 UI),외곽 주거지(초월읍 등)
5045,2_home_viewed,home_viewed,B(개선 UI),외곽 주거지(초월읍 등)
5046,1_app_opened,app_opened,B(개선 UI),도심권
5047,1_app_opened,app_opened,A(기존 UI),도심권
5048,1_app_opened,app_opened,B(개선 UI),도심권
5049,1_app_opened,app_opened,A(기존 UI),도심권
5050,1_app_opened,app_opened,B(개선 UI),도심권
5050,2_home_viewed,home_viewed,B(개선 UI),도심권
5050,3_cart_interacted,cart_interacted,B(개선 UI),도심권
5051,1_app_opened,app_opened,A(기존 UI),외곽 주거지(초월읍 등)
5052,1_app_opened,app_opened,B(개선 UI),외곽 주거지(초월읍 등)
5052,2_home_viewed,home_viewed,B(개선 UI),외곽 주거지(초월읍 등)
5053,1_app_opened,app_opened,A(기존 UI),도심권
5053,2_home_viewed,home_viewed,A(기존 UI),도심권
5054,1_app_opened,app_opened,A(기존 UI),외곽 주거지(초월읍 등)
5055,1_app_opened,app_opened,A(기존 UI),도심권
5056,1_app_opened,app_opened,B(개선 UI),외곽 주거지(초월읍 등)
5056,2_home_viewed,home_viewed,B(개선 UI),외곽 주거지(초월읍 등)
5057,1_app_opened,app_opened,A(기존 UI),도심권
5058,1_app_opened,app_opened,A(기존 UI),도심권
5059,1_app_opened,app_opened,B(개선 UI),도심권
5059,2_home_viewed,home_viewed,B(개선 UI),도심권
5060,1_app_opened,app_opened,A(기존 UI),도심권
5061,1_app_opened,app_opened,B(개선 UI),도심권
5062,1_app_opened,app_opened,B(개선 UI),도심권
5062,2_home_viewed,home_viewed,B(개선 UI),도심권
5063,1_app_opened,app_opened,B(개선 UI),도심권
5064,1_app_opened,app_opened,A(기존 UI),도심권
5065,1_app_opened,app_opened,B(개선 UI),도심권
5066,1_app_opened,app_opened,A(기존 UI),도심권
5066,2_home_viewed,home_viewed,A(기존 UI),도심권
5066,3_cart_interacted,cart_interacted,A(기존 UI),도심권
5067,1_app_opened,app_opened,A(기존 UI),도심권
5068,1_app_opened,app_opened,A(기존 UI),도심권
5069,1_app_opened,app_opened,B(개선 UI),도심권
5069,2_home_viewed,home_viewed,B(개선 UI),도심권
5070,1_app_opened,app_opened,A(기존 UI),외곽 주거지(초월읍 등)
5071,1_app_opened,app_opened,B(개선 UI),외곽 주거지(초월읍 등)
5071,2_home_viewed,home_viewed,B(개선 UI),외곽 주거지(초월읍 등)
5072,1_app_opened,app_opened,B(개선 UI),도심권
5073,1_app_opened,app_opened,A(기존 UI),도심권
5074,1_app_opened,app_opened,A(기존 UI),도심권
5075,1_app_opened,app_opened,B(개선 UI),외곽 주거지(초월읍 등)
5076,1_app_opened,app_opened,B(개선 UI),도심권
5076,2_home_viewed,home_viewed,B(개선 UI),도심권
5076,3_cart_interacted,cart_interacted,B(개선 UI),도심권
5076,4_purchase_completed,purchase_completed,B(개선 UI),도심권
5077,1_app_opened,app_opened,B(개선 UI),도심권
5078,1_app_opened,app_opened,A(기존 UI),도심권
5079,1_app_opened,app_opened,A(기존 UI),도심권
5080,1_app_opened,app_opened,A(기존 UI),도심권
5081,1_app_opened,app_opened,A(기존 UI),도심권
5081,2_home_viewed,home_viewed,A(기존 UI),도심권
5082,1_app_opened,app_opened,A(기존 UI),도심권
5083,1_app_opened,app_opened,B(개선 UI),도심권
5084,1_app_opened,app_opened,A(기존 UI),도심권
5084,2_home_viewed,home_viewed,A(기존 UI),도심권
5085,1_app_opened,app_opened,A(기존 UI),도심권
5086,1_app_opened,app_opened,B(개선 UI),도심권
5086,2_home_viewed,home_viewed,B(개선 UI),도심권
5086,3_cart_interacted,cart_interacted,B(개선 UI),도심권
5086,4_purchase_completed,purchase_completed,B(개선 UI),도심권
5087,1_app_opened,app_opened,B(개선 UI),외곽 주거지(초월읍 등)
5087,2_home_viewed,home_viewed,B(개선 UI),외곽 주거지(초월읍 등)
5088,1_app_opened,app_opened,A(기존 UI),도심권
5089,1_app_opened,app_opened,B(개선 UI),도심권
5089,2_home_viewed,home_viewed,B(개선 UI),도심권
5090,1_app_opened,app_opened,A(기존 UI),도심권
5091,1_app_opened,app_opened,A(기존 UI),도심권
5091,2_home_viewed,home_viewed,A(기존 UI),도심권
5092,1_app_opened,app_opened,A(기존 UI),도심권
5093,1_app_opened,app_opened,B(개선 UI),도심권
5093,2_home_viewed,home_viewed,B(개선 UI),도심권
5094,1_app_opened,app_opened,A(기존 UI),도심권
5095,1_app_opened,app_opened,A(기존 UI),도심권
5096,1_app_opened,app_opened,A(기존 UI),도심권
5097,1_app_opened,app_opened,B(개선 UI),도심권
5098,1_app_opened,app_opened,A(기존 UI),도심권
5099,1_app_opened,app_opened,A(기존 UI),도심권
5100,1_app_opened,app_opened,A(기존 UI),도심권
5101,1_app_opened,app_opened,A(기존 UI),도심권
5102,1_app_opened,app_opened,B(개선 UI),도심권
5102,2_home_viewed,home_viewed,B(개선 UI),도심권
5102,3_cart_interacted,cart_interacted,B(개선 UI),도심권
5102,4_purchase_completed,purchase_completed,B(개선 UI),도심권
5103,1_app_opened,app_opened,B(개선 UI),도심권
5104,1_app_opened,app_opened,A(기존 UI),도심권
5105,1_app_opened,app_opened,A(기존 UI),외곽 주거지(초월읍 등)
5106,1_app_opened,app_opened,A(기존 UI),외곽 주거지(초월읍 등)
5107,1_app_opened,app_opened,A(기존 UI),도심권
5108,1_app_opened,app_opened,A(기존 UI),도심권
5108,2_home_viewed,home_viewed,A(기존 UI),도심권
5109,1_app_opened,app_opened,B(개선 UI),도심권
5110,1_app_opened,app_opened,B(개선 UI),도심권
5110,2_home_viewed,home_viewed,B(개선 UI),도심권
5110,3_cart_interacted,cart_interacted,B(개선 UI),도심권
5111,1_app_opened,app_opened,B(개선 UI),외곽 주거지(초월읍 등)
5111,2_home_viewed,home_viewed,B(개선 UI),외곽 주거지(초월읍 등)
5112,1_app_opened,app_opened,B(개선 UI),외곽 주거지(초월읍 등)
5113,1_app_opened,app_opened,B(개선 UI),외곽 주거지(초월읍 등)
5114,1_app_opened,app_opened,B(개선 UI),도심권
5114,2_home_viewed,home_viewed,B(개선 UI),도심권
5114,3_cart_interacted,cart_interacted,B(개선 UI),도심권
5114,4_purchase_completed,purchase_completed,B(개선 UI),도심권
5115,1_app_opened,app_opened,A(기존 UI),도심권
5115,2_home_viewed,home_viewed,A(기존 UI),도심권
5116,1_app_opened,app_opened,B(개선 UI),외곽 주거지(초월읍 등)
5116,2_home_viewed,home_viewed,B(개선 UI),외곽 주거지(초월읍 등)
5116,3_cart_interacted,cart_interacted,B(개선 UI),외곽 주거지(초월읍 등)
5116,4_purchase_completed,purchase_completed,B(개선 UI),외곽 주거지(초월읍 등)
5117,1_app_opened,app_opened,A(기존 UI),도심권
5118,1_app_opened,app_opened,A(기존 UI),외곽 주거지(초월읍 등)
5119,1_app_opened,app_opened,B(개선 UI),도심권
5119,2_home_viewed,home_viewed,B(개선 UI),도심권
5119,3_cart_interacted,cart_interacted,B(개선 UI),도심권
5119,4_purchase_completed,purchase_completed,B(개선 UI),도심권
5120,1_app_opened,app_opened,A(기존 UI),도심권
5120,2_home_viewed,home_viewed,A(기존 UI),도심권
5121,1_app_opened,app_opened,A(기존 UI),도심권
5122,1_app_opened,app_opened,B(개선 UI),도심권
5122,2_home_viewed,home_viewed,B(개선 UI),도심권
5123,1_app_opened,app_opened,A(기존 UI),도심권
5123,2_home_viewed,home_viewed,A(기존 UI),도심권
5124,1_app_opened,app_opened,A(기존 UI),도심권
5125,1_app_opened,app_opened,B(개선 UI),도심권
5125,2_home_viewed,home_viewed,B(개선 UI),도심권
5125,3_cart_interacted,cart_interacted,B(개선 UI),도심권
5125,4_purchase_completed,purchase_completed,B(개선 UI),도심권
5126,1_app_opened,app_opened,B(개선 UI),도심권
5126,2_home_viewed,home_viewed,B(개선 UI),도심권
5127,1_app_opened,app_opened,B(개선 UI),도심권
5128,1_app_opened,app_opened,A(기존 UI),도심권
5128,2_home_viewed,home_viewed,A(기존 UI),도심권
5129,1_app_opened,app_opened,A(기존 UI),외곽 주거지(초월읍 등)
5130,1_app_opened,app_opened,B(개선 UI),도심권
5131,1_app_opened,app_opened,B(개선 UI),도심권
5131,2_home_viewed,home_viewed,B(개선 UI),도심권
5132,1_app_opened,app_opened,B(개선 UI),외곽 주거지(초월읍 등)
5132,2_home_viewed,home_viewed,B(개선 UI),외곽 주거지(초월읍 등)
5133,1_app_opened,app_opened,A(기존 UI),외곽 주거지(초월읍 등)
5134,1_app_opened,app_opened,A(기존 UI),도심권
5135,1_app_opened,app_opened,B(개선 UI),외곽 주거지(초월읍 등)
5136,1_app_opened,app_opened,A(기존 UI),도심권
5137,1_app_opened,app_opened,B(개선 UI),도심권
5137,2_home_viewed,home_viewed,B(개선 UI),도심권
5138,1_app_opened,app_opened,A(기존 UI),도심권
5139,1_app_opened,app_opened,B(개선 UI),도심권
5139,2_home_viewed,home_viewed,B(개선 UI),도심권
5140,1_app_opened,app_opened,B(개선 UI),외곽 주거지(초월읍 등)
5140,2_home_viewed,home_viewed,B(개선 UI),외곽 주거지(초월읍 등)
5141,1_app_opened,app_opened,B(개선 UI),외곽 주거지(초월읍 등)
5142,1_app_opened,app_opened,A(기존 UI),외곽 주거지(초월읍 등)
5143,1_app_opened,app_opened,B(개선 UI),외곽 주거지(초월읍 등)
5143,2_home_viewed,home_viewed,B(개선 UI),외곽 주거지(초월읍 등)
5144,1_app_opened,app_opened,B(개선 UI),도심권
5144,2_home_viewed,home_viewed,B(개선 UI),도심권
5145,1_app_opened,app_opened,A(기존 UI),도심권
5146,1_app_opened,app_opened,B(개선 UI),외곽 주거지(초월읍 등)
5146,2_home_viewed,home_viewed,B(개선 UI),외곽 주거지(초월읍 등)
5147,1_app_opened,app_opened,B(개선 UI),외곽 주거지(초월읍 등)
5148,1_app_opened,app_opened,B(개선 UI),외곽 주거지(초월읍 등)
5148,2_home_viewed,home_viewed,B(개선 UI),외곽 주거지(초월읍 등)
5149,1_app_opened,app_opened,B(개선 UI),외곽 주거지(초월읍 등)
5150,1_app_opened,app_opened,A(기존 UI),도심권
5151,1_app_opened,app_opened,A(기존 UI),외곽 주거지(초월읍 등)
5151,2_home_viewed,home_viewed,A(기존 UI),외곽 주거지(초월읍 등)
5152,1_app_opened,app_opened,A(기존 UI),외곽 주거지(초월읍 등)
5153,1_app_opened,app_opened,B(개선 UI),외곽 주거지(초월읍 등)
5153,2_home_viewed,home_viewed,B(개선 UI),외곽 주거지(초월읍 등)
5153,3_cart_interacted,cart_interacted,B(개선 UI),외곽 주거지(초월읍 등)
5153,4_purchase_completed,purchase_completed,B(개선 UI),외곽 주거지(초월읍 등)
5154,1_app_opened,app_opened,B(개선 UI),도심권
5155,1_app_opened,app_opened,B(개선 UI),도심권
5155,2_home_viewed,home_viewed,B(개선 UI),도심권
5156,1_app_opened,app_opened,A(기존 UI),도심권
5157,1_app_opened,app_opened,A(기존 UI),도심권
5158,1_app_opened,app_opened,B(개선 UI),도심권
5158,2_home_viewed,home_viewed,B(개선 UI),도심권
5159,1_app_opened,app_opened,A(기존 UI),도심권
5160,1_app_opened,app_opened,A(기존 UI),도심권
5161,1_app_opened,app_opened,B(개선 UI),도심권
5162,1_app_opened,app_opened,A(기존 UI),도심권
5163,1_app_opened,app_opened,A(기존 UI),도심권
5164,1_app_opened,app_opened,A(기존 UI),도심권
5164,2_home_viewed,home_viewed,A(기존 UI),도심권
5165,1_app_opened,app_opened,A(기존 UI),도심권
5166,1_app_opened,app_opened,B(개선 UI),도심권
5166,2_home_viewed,home_viewed,B(개선 UI),도심권
5167,1_app_opened,app_opened,A(기존 UI),도심권
5168,1_app_opened,app_opened,A(기존 UI),도심권
5169,1_app_opened,app_opened,A(기존 UI),도심권
5170,1_app_opened,app_opened,B(개선 UI),외곽 주거지(초월읍 등)
5171,1_app_opened,app_opened,A(기존 UI),도심권
5172,1_app_opened,app_opened,B(개선 UI),도심권
5173,1_app_opened,app_opened,A(기존 UI),외곽 주거지(초월읍 등)
5174,1_app_opened,app_opened,A(기존 UI),도심권
5175,1_app_opened,app_opened,A(기존 UI),외곽 주거지(초월읍 등)
5176,1_app_opened,app_opened,B(개선 UI),외곽 주거지(초월읍 등)
5176,2_home_viewed,home_viewed,B(개선 UI),외곽 주거지(초월읍 등)
5177,1_app_opened,app_opened,B(개선 UI),도심권
5177,2_home_viewed,home_viewed,B(개선 UI),도심권
5177,3_cart_interacted,cart_interacted,B(개선 UI),도심권
5178,1_app_opened,app_opened,A(기존 UI),도심권
5178,2_home_viewed,home_viewed,A(기존 UI),도심권
5179,1_app_opened,app_opened,B(개선 UI),도심권
5179,2_home_viewed,home_viewed,B(개선 UI),도심권
5180,1_app_opened,app_opened,B(개선 UI),도심권
5181,1_app_opened,app_opened,A(기존 UI),도심권
5182,1_app_opened,app_opened,B(개선 UI),도심권
5182,2_home_viewed,home_viewed,B(개선 UI),도심권
5182,3_cart_interacted,cart_interacted,B(개선 UI),도심권
5183,1_app_opened,app_opened,A(기존 UI),외곽 주거지(초월읍 등)
5184,1_app_opened,app_opened,B(개선 UI),도심권
5185,1_app_opened,app_opened,B(개선 UI),도심권
5185,2_home_viewed,home_viewed,B(개선 UI),도심권
5185,3_cart_interacted,cart_interacted,B(개선 UI),도심권
5185,4_purchase_completed,purchase_completed,B(개선 UI),도심권
5186,1_app_opened,app_opened,B(개선 UI),도심권
5186,2_home_viewed,home_viewed,B(개선 UI),도심권
5187,1_app_opened,app_opened,B(개선 UI),도심권
5188,1_app_opened,app_opened,A(기존 UI),도심권
5189,1_app_opened,app_opened,B(개선 UI),도심권
5190,1_app_opened,app_opened,A(기존 UI),도심권
5190,2_home_viewed,home_viewed,A(기존 UI),도심권
5191,1_app_opened,app_opened,A(기존 UI),외곽 주거지(초월읍 등)
5192,1_app_opened,app_opened,B(개선 UI),도심권
5192,2_home_viewed,home_viewed,B(개선 UI),도심권
5193,1_app_opened,app_opened,B(개선 UI),도심권
5193,2_home_viewed,home_viewed,B(개선 UI),도심권
5194,1_app_opened,app_opened,B(개선 UI),도심권
5195,1_app_opened,app_opened,A(기존 UI),도심권
5196,1_app_opened,app_opened,B(개선 UI),도심권
5197,1_app_opened,app_opened,B(개선 UI),외곽 주거지(초월읍 등)
5197,2_home_viewed,home_viewed,B(개선 UI),외곽 주거지(초월읍 등)
5198,1_app_opened,app_opened,A(기존 UI),외곽 주거지(초월읍 등)
5199,1_app_opened,app_opened,A(기존 UI),도심권
5200,1_app_opened,app_opened,A(기존 UI),도심권
5201,1_app_opened,app_opened,A(기존 UI),도심권
5202,1_app_opened,app_opened,B(개선 UI),도심권
5202,2_home_viewed,home_viewed,B(개선 UI),도심권
5203,1_app_opened,app_opened,B(개선 UI),도심권
5203,2_home_viewed,home_viewed,B(개선 UI),도심권
5204,1_app_opened,app_opened,B(개선 UI),도심권
5204,2_home_viewed,home_viewed,B(개선 UI),도심권
5204,3_cart_interacted,cart_interacted,B(개선 UI),도심권
5205,1_app_opened,app_opened,B(개선 UI),도심권
5205,2_home_viewed,home_viewed,B(개선 UI),도심권
5205,3_cart_interacted,cart_interacted,B(개선 UI),도심권
5206,1_app_opened,app_opened,A(기존 UI),도심권
5206,2_home_viewed,home_viewed,A(기존 UI),도심권
5207,1_app_opened,app_opened,B(개선 UI),외곽 주거지(초월읍 등)
5207,2_home_viewed,home_viewed,B(개선 UI),외곽 주거지(초월읍 등)
5208,1_app_opened,app_opened,A(기존 UI),외곽 주거지(초월읍 등)
5209,1_app_opened,app_opened,B(개선 UI),도심권
5209,2_home_viewed,home_viewed,B(개선 UI),도심권
5210,1_app_opened,app_opened,A(기존 UI),도심권
5211,1_app_opened,app_opened,B(개선 UI),외곽 주거지(초월읍 등)
5212,1_app_opened,app_opened,A(기존 UI),도심권
5213,1_app_opened,app_opened,A(기존 UI),외곽 주거지(초월읍 등)
5214,1_app_opened,app_opened,B(개선 UI),도심권
5215,1_app_opened,app_opened,A(기존 UI),도심권
5216,1_app_opened,app_opened,B(개선 UI),도심권
5216,2_home_viewed,home_viewed,B(개선 UI),도심권
5216,3_cart_interacted,cart_interacted,B(개선 UI),도심권
5217,1_app_opened,app_opened,A(기존 UI),외곽 주거지(초월읍 등)
5218,1_app_opened,app_opened,B(개선 UI),도심권
5218,2_home_viewed,home_viewed,B(개선 UI),도심권
5218,3_cart_interacted,cart_interacted,B(개선 UI),도심권
5218,4_purchase_completed,purchase_completed,B(개선 UI),도심권
5219,1_app_opened,app_opened,A(기존 UI),도심권
5220,1_app_opened,app_opened,A(기존 UI),도심권
5221,1_app_opened,app_opened,A(기존 UI),외곽 주거지(초월읍 등)
5222,1_app_opened,app_opened,A(기존 UI),외곽 주거지(초월읍 등)
5223,1_app_opened,app_opened,A(기존 UI),외곽 주거지(초월읍 등)
5224,1_app_opened,app_opened,A(기존 UI),외곽 주거지(초월읍 등)
5225,1_app_opened,app_opened,A(기존 UI),도심권
5226,1_app_opened,app_opened,A(기존 UI),도심권
5227,1_app_opened,app_opened,B(개선 UI),도심권
5228,1_app_opened,app_opened,B(개선 UI),도심권
5229,1_app_opened,app_opened,A(기존 UI),외곽 주거지(초월읍 등)
5230,1_app_opened,app_opened,B(개선 UI),외곽 주거지(초월읍 등)
5230,2_home_viewed,home_viewed,B(개선 UI),외곽 주거지(초월읍 등)
5231,1_app_opened,app_opened,B(개선 UI),도심권
5232,1_app_opened,app_opened,A(기존 UI),도심권
5233,1_app_opened,app_opened,B(개선 UI),외곽 주거지(초월읍 등)
5234,1_app_opened,app_opened,A(기존 UI),도심권
5235,1_app_opened,app_opened,B(개선 UI),도심권
5235,2_home_viewed,home_viewed,B(개선 UI),도심권
5236,1_app_opened,app_opened,A(기존 UI),도심권
5237,1_app_opened,app_opened,B(개선 UI),도심권
5237,2_home_viewed,home_viewed,B(개선 UI),도심권
5238,1_app_opened,app_opened,B(개선 UI),도심권
5239,1_app_opened,app_opened,A(기존 UI),도심권
5240,1_app_opened,app_opened,A(기존 UI),도심권
5240,2_home_viewed,home_viewed,A(기존 UI),도심권
5241,1_app_opened,app_opened,B(개선 UI),외곽 주거지(초월읍 등)
5242,1_app_opened,app_opened,A(기존 UI),도심권
5243,1_app_opened,app_opened,B(개선 UI),도심권
5243,2_home_viewed,home_viewed,B(개선 UI),도심권
5244,1_app_opened,app_opened,B(개선 UI),외곽 주거지(초월읍 등)
5245,1_app_opened,app_opened,B(개선 UI),도심권
5245,2_home_viewed,home_viewed,B(개선 UI),도심권
5245,3_cart_interacted,cart_interacted,B(개선 UI),도심권
5245,4_purchase_completed,purchase_completed,B(개선 UI),도심권
5246,1_app_opened,app_opened,B(개선 UI),도심권
5247,1_app_opened,app_opened,B(개선 UI),외곽 주거지(초월읍 등)
5247,2_home_viewed,home_viewed,B(개선 UI),외곽 주거지(초월읍 등)
5248,1_app_opened,app_opened,B(개선 UI),도심권
5249,1_app_opened,app_opened,A(기존 UI),외곽 주거지(초월읍 등)
5250,1_app_opened,app_opened,A(기존 UI),도심권
5251,1_app_opened,app_opened,A(기존 UI),도심권
5252,1_app_opened,app_opened,B(개선 UI),도심권
5252,2_home_viewed,home_viewed,B(개선 UI),도심권
5253,1_app_opened,app_opened,B(개선 UI),도심권
5254,1_app_opened,app_opened,A(기존 UI),외곽 주거지(초월읍 등)
5254,2_home_viewed,home_viewed,A(기존 UI),외곽 주거지(초월읍 등)
5255,1_app_opened,app_opened,B(개선 UI),도심권
5256,1_app_opened,app_opened,A(기존 UI),외곽 주거지(초월읍 등)
5257,1_app_opened,app_opened,A(기존 UI),외곽 주거지(초월읍 등)
5257,2_home_viewed,home_viewed,A(기존 UI),외곽 주거지(초월읍 등)
5258,1_app_opened,app_opened,B(개선 UI),도심권
5259,1_app_opened,app_opened,A(기존 UI),외곽 주거지(초월읍 등)
5260,1_app_opened,app_opened,B(개선 UI),도심권
5260,2_home_viewed,home_viewed,B(개선 UI),도심권
5261,1_app_opened,app_opened,A(기존 UI),도심권
5262,1_app_opened,app_opened,B(개선 UI),외곽 주거지(초월읍 등)
5262,2_home_viewed,home_viewed,B(개선 UI),외곽 주거지(초월읍 등)
5262,3_cart_interacted,cart_interacted,B(개선 UI),외곽 주거지(초월읍 등)
5263,1_app_opened,app_opened,B(개선 UI),도심권
5263,2_home_viewed,home_viewed,B(개선 UI),도심권
5264,1_app_opened,app_opened,A(기존 UI),도심권
5265,1_app_opened,app_opened,B(개선 UI),도심권
5265,2_home_viewed,home_viewed,B(개선 UI),도심권
5265,3_cart_interacted,cart_interacted,B(개선 UI),도심권
5266,1_app_opened,app_opened,B(개선 UI),도심권
5266,2_home_viewed,home_viewed,B(개선 UI),도심권
5266,3_cart_interacted,cart_interacted,B(개선 UI),도심권
5267,1_app_opened,app_opened,A(기존 UI),도심권
5268,1_app_opened,app_opened,A(기존 UI),도심권
5269,1_app_opened,app_opened,B(개선 UI),도심권
5269,2_home_viewed,home_viewed,B(개선 UI),도심권
5269,3_cart_interacted,cart_interacted,B(개선 UI),도심권
5269,4_purchase_completed,purchase_completed,B(개선 UI),도심권
5270,1_app_opened,app_opened,A(기존 UI),도심권
5271,1_app_opened,app_opened,A(기존 UI),도심권
5272,1_app_opened,app_opened,A(기존 UI),도심권
5273,1_app_opened,app_opened,A(기존 UI),도심권
5274,1_app_opened,app_opened,B(개선 UI),외곽 주거지(초월읍 등)
5275,1_app_opened,app_opened,A(기존 UI),도심권
5276,1_app_opened,app_opened,A(기존 UI),도심권
5277,1_app_opened,app_opened,A(기존 UI),도심권
5277,2_home_viewed,home_viewed,A(기존 UI),도심권
5278,1_app_opened,app_opened,A(기존 UI),도심권
5279,1_app_opened,app_opened,B(개선 UI),도심권
5279,2_home_viewed,home_viewed,B(개선 UI),도심권
5279,3_cart_interacted,cart_interacted,B(개선 UI),도심권
5280,1_app_opened,app_opened,A(기존 UI),외곽 주거지(초월읍 등)
5281,1_app_opened,app_opened,B(개선 UI),외곽 주거지(초월읍 등)
5282,1_app_opened,app_opened,A(기존 UI),외곽 주거지(초월읍 등)
5282,2_home_viewed,home_viewed,A(기존 UI),외곽 주거지(초월읍 등)
5282,3_cart_interacted,cart_interacted,A(기존 UI),외곽 주거지(초월읍 등)
5283,1_app_opened,app_opened,A(기존 UI),외곽 주거지(초월읍 등)
5283,2_home_viewed,home_viewed,A(기존 UI),외곽 주거지(초월읍 등)
5284,1_app_opened,app_opened,B(개선 UI),도심권
5285,1_app_opened,app_opened,A(기존 UI),도심권
5285,2_home_viewed,home_viewed,A(기존 UI),도심권
5286,1_app_opened,app_opened,B(개선 UI),외곽 주거지(초월읍 등)
5286,2_home_viewed,home_viewed,B(개선 UI),외곽 주거지(초월읍 등)
5287,1_app_opened,app_opened,B(개선 UI),도심권
5288,1_app_opened,app_opened,A(기존 UI),외곽 주거지(초월읍 등)
5289,1_app_opened,app_opened,A(기존 UI),외곽 주거지(초월읍 등)
5290,1_app_opened,app_opened,B(개선 UI),외곽 주거지(초월읍 등)
5290,2_home_viewed,home_viewed,B(개선 UI),외곽 주거지(초월읍 등)
5291,1_app_opened,app_opened,A(기존 UI),도심권
5292,1_app_opened,app_opened,A(기존 UI),외곽 주거지(초월읍 등)
5293,1_app_opened,app_opened,A(기존 UI),도심권
5294,1_app_opened,app_opened,A(기존 UI),도심권
5295,1_app_opened,app_opened,B(개선 UI),도심권
5296,1_app_opened,app_opened,A(기존 UI),외곽 주거지(초월읍 등)
5297,1_app_opened,app_opened,A(기존 UI),외곽 주거지(초월읍 등)
5298,1_app_opened,app_opened,B(개선 UI),도심권
5298,2_home_viewed,home_viewed,B(개선 UI),도심권
5298,3_cart_interacted,cart_interacted,B(개선 UI),도심권
5298,4_purchase_completed,purchase_completed,B(개선 UI),도심권
5299,1_app_opened,app_opened,A(기존 UI),도심권
5300,1_app_opened,app_opened,A(기존 UI),도심권
5300,2_home_viewed,home_viewed,A(기존 UI),도심권
5301,1_app_opened,app_opened,B(개선 UI),외곽 주거지(초월읍 등)
5302,1_app_opened,app_opened,A(기존 UI),도심권
5303,1_app_opened,app_opened,B(개선 UI),도심권
5304,1_app_opened,app_opened,B(개선 UI),도심권
5304,2_home_viewed,home_viewed,B(개선 UI),도심권
5305,1_app_opened,app_opened,A(기존 UI),도심권
5306,1_app_opened,app_opened,B(개선 UI),도심권
5306,2_home_viewed,home_viewed,B(개선 UI),도심권
5307,1_app_opened,app_opened,A(기존 UI),도심권
5308,1_app_opened,app_opened,A(기존 UI),외곽 주거지(초월읍 등)
5309,1_app_opened,app_opened,B(개선 UI),외곽 주거지(초월읍 등)
5310,1_app_opened,app_opened,B(개선 UI),도심권
5311,1_app_opened,app_opened,A(기존 UI),외곽 주거지(초월읍 등)
5312,1_app_opened,app_opened,B(개선 UI),도심권
5312,2_home_viewed,home_viewed,B(개선 UI),도심권
5312,3_cart_interacted,cart_interacted,B(개선 UI),도심권
5313,1_app_opened,app_opened,B(개선 UI),도심권
5314,1_app_opened,app_opened,B(개선 UI),도심권
5315,1_app_opened,app_opened,B(개선 UI),도심권
5315,2_home_viewed,home_viewed,B(개선 UI),도심권
5315,3_cart_interacted,cart_interacted,B(개선 UI),도심권
5315,4_purchase_completed,purchase_completed,B(개선 UI),도심권
5316,1_app_opened,app_opened,A(기존 UI),외곽 주거지(초월읍 등)
5317,1_app_opened,app_opened,A(기존 UI),도심권
5318,1_app_opened,app_opened,B(개선 UI),도심권
5318,2_home_viewed,home_viewed,B(개선 UI),도심권
5319,1_app_opened,app_opened,A(기존 UI),외곽 주거지(초월읍 등)
5320,1_app_opened,app_opened,B(개선 UI),도심권
5321,1_app_opened,app_opened,A(기존 UI),외곽 주거지(초월읍 등)
5321,2_home_viewed,home_viewed,A(기존 UI),외곽 주거지(초월읍 등)
5322,1_app_opened,app_opened,A(기존 UI),외곽 주거지(초월읍 등)
5323,1_app_opened,app_opened,A(기존 UI),도심권
5324,1_app_opened,app_opened,B(개선 UI),외곽 주거지(초월읍 등)
5325,1_app_opened,app_opened,A(기존 UI),도심권
5326,1_app_opened,app_opened,B(개선 UI),도심권
5327,1_app_opened,app_opened,A(기존 UI),도심권
5328,1_app_opened,app_opened,A(기존 UI),도심권
5329,1_app_opened,app_opened,A(기존 UI),외곽 주거지(초월읍 등)
5329,2_home_viewed,home_viewed,A(기존 UI),외곽 주거지(초월읍 등)
5330,1_app_opened,app_opened,B(개선 UI),도심권
5330,2_home_viewed,home_viewed,B(개선 UI),도심권
5331,1_app_opened,app_opened,A(기존 UI),도심권
5332,1_app_opened,app_opened,A(기존 UI),외곽 주거지(초월읍 등)
5333,1_app_opened,app_opened,A(기존 UI),도심권
5333,2_home_viewed,home_viewed,A(기존 UI),도심권
5334,1_app_opened,app_opened,A(기존 UI),도심권
5335,1_app_opened,app_opened,B(개선 UI),도심권
5336,1_app_opened,app_opened,B(개선 UI),외곽 주거지(초월읍 등)
5336,2_home_viewed,home_viewed,B(개선 UI),외곽 주거지(초월읍 등)
5337,1_app_opened,app_opened,A(기존 UI),도심권
5337,2_home_viewed,home_viewed,A(기존 UI),도심권
5338,1_app_opened,app_opened,B(개선 UI),도심권
5338,2_home_viewed,home_viewed,B(개선 UI),도심권
5339,1_app_opened,app_opened,B(개선 UI),도심권
5339,2_home_viewed,home_viewed,B(개선 UI),도심권
5339,3_cart_interacted,cart_interacted,B(개선 UI),도심권
5340,1_app_opened,app_opened,A(기존 UI),도심권
5341,1_app_opened,app_opened,B(개선 UI),외곽 주거지(초월읍 등)
5341,2_home_viewed,home_viewed,B(개선 UI),외곽 주거지(초월읍 등)
5342,1_app_opened,app_opened,B(개선 UI),도심권
5343,1_app_opened,app_opened,A(기존 UI),도심권
5343,2_home_viewed,home_viewed,A(기존 UI),도심권
5344,1_app_opened,app_opened,A(기존 UI),도심권
5345,1_app_opened,app_opened,B(개선 UI),외곽 주거지(초월읍 등)
5346,1_app_opened,app_opened,B(개선 UI),외곽 주거지(초월읍 등)
5346,2_home_viewed,home_viewed,B(개선 UI),외곽 주거지(초월읍 등)
5346,3_cart_interacted,cart_interacted,B(개선 UI),외곽 주거지(초월읍 등)
5347,1_app_opened,app_opened,A(기존 UI),도심권
5348,1_app_opened,app_opened,A(기존 UI),도심권
5348,2_home_viewed,home_viewed,A(기존 UI),도심권
5348,3_cart_interacted,cart_interacted,A(기존 UI),도심권
5349,1_app_opened,app_opened,A(기존 UI),도심권
5350,1_app_opened,app_opened,B(개선 UI),도심권
5350,2_home_viewed,home_viewed,B(개선 UI),도심권
5351,1_app_opened,app_opened,B(개선 UI),도심권
5352,1_app_opened,app_opened,B(개선 UI),도심권
5353,1_app_opened,app_opened,A(기존 UI),도심권
5354,1_app_opened,app_opened,B(개선 UI),외곽 주거지(초월읍 등)
5355,1_app_opened,app_opened,B(개선 UI),도심권
5356,1_app_opened,app_opened,A(기존 UI),외곽 주거지(초월읍 등)
5357,1_app_opened,app_opened,A(기존 UI),도심권
5358,1_app_opened,app_opened,B(개선 UI),외곽 주거지(초월읍 등)
5359,1_app_opened,app_opened,B(개선 UI),도심권
5359,2_home_viewed,home_viewed,B(개선 UI),도심권
5360,1_app_opened,app_opened,A(기존 UI),도심권
5361,1_app_opened,app_opened,B(개선 UI),외곽 주거지(초월읍 등)
5362,1_app_opened,app_opened,A(기존 UI),도심권
5363,1_app_opened,app_opened,B(개선 UI),도심권
5363,2_home_viewed,home_viewed,B(개선 UI),도심권
5363,3_cart_interacted,cart_interacted,B(개선 UI),도심권
5363,4_purchase_completed,purchase_completed,B(개선 UI),도심권
5364,1_app_opened,app_opened,B(개선 UI),도심권
5364,2_home_viewed,home_viewed,B(개선 UI),도심권
5365,1_app_opened,app_opened,B(개선 UI),외곽 주거지(초월읍 등)
5366,1_app_opened,app_opened,B(개선 UI),도심권
5367,1_app_opened,app_opened,B(개선 UI),외곽 주거지(초월읍 등)
5367,2_home_viewed,home_viewed,B(개선 UI),외곽 주거지(초월읍 등)
5368,1_app_opened,app_opened,A(기존 UI),도심권
5369,1_app_opened,app_opened,B(개선 UI),도심권
5370,1_app_opened,app_opened,A(기존 UI),도심권
5371,1_app_opened,app_opened,A(기존 UI),도심권
5371,2_home_viewed,home_viewed,A(기존 UI),도심권
5371,3_cart_interacted,cart_interacted,A(기존 UI),도심권
5372,1_app_opened,app_opened,A(기존 UI),도심권
5373,1_app_opened,app_opened,A(기존 UI),도심권
5374,1_app_opened,app_opened,B(개선 UI),도심권
5374,2_home_viewed,home_viewed,B(개선 UI),도심권
5374,3_cart_interacted,cart_interacted,B(개선 UI),도심권
5375,1_app_opened,app_opened,A(기존 UI),도심권
5376,1_app_opened,app_opened,B(개선 UI),도심권
5376,2_home_viewed,home_viewed,B(개선 UI),도심권
5377,1_app_opened,app_opened,B(개선 UI),외곽 주거지(초월읍 등)
5377,2_home_viewed,home_viewed,B(개선 UI),외곽 주거지(초월읍 등)
5378,1_app_opened,app_opened,A(기존 UI),외곽 주거지(초월읍 등)
5379,1_app_opened,app_opened,B(개선 UI),외곽 주거지(초월읍 등)
5379,2_home_viewed,home_viewed,B(개선 UI),외곽 주거지(초월읍 등)
5379,3_cart_interacted,cart_interacted,B(개선 UI),외곽 주거지(초월읍 등)
5380,1_app_opened,app_opened,A(기존 UI),도심권
5381,1_app_opened,app_opened,A(기존 UI),외곽 주거지(초월읍 등)
5382,1_app_opened,app_opened,B(개선 UI),도심권
5382,2_home_viewed,home_viewed,B(개선 UI),도심권
5383,1_app_opened,app_opened,A(기존 UI),도심권
5383,2_home_viewed,home_viewed,A(기존 UI),도심권
5384,1_app_opened,app_opened,A(기존 UI),외곽 주거지(초월읍 등)
5385,1_app_opened,app_opened,B(개선 UI),외곽 주거지(초월읍 등)
5386,1_app_opened,app_opened,B(개선 UI),도심권
5386,2_home_viewed,home_viewed,B(개선 UI),도심권
5386,3_cart_interacted,cart_interacted,B(개선 UI),도심권
5387,1_app_opened,app_opened,A(기존 UI),도심권
5387,2_home_viewed,home_viewed,A(기존 UI),도심권
5388,1_app_opened,app_opened,B(개선 UI),도심권
5389,1_app_opened,app_opened,B(개선 UI),도심권
5389,2_home_viewed,home_viewed,B(개선 UI),도심권
5390,1_app_opened,app_opened,B(개선 UI),외곽 주거지(초월읍 등)
5390,2_home_viewed,home_viewed,B(개선 UI),외곽 주거지(초월읍 등)
5391,1_app_opened,app_opened,A(기존 UI),도심권
5392,1_app_opened,app_opened,B(개선 UI),외곽 주거지(초월읍 등)
5393,1_app_opened,app_opened,B(개선 UI),도심권
5393,2_home_viewed,home_viewed,B(개선 UI),도심권
5394,1_app_opened,app_opened,B(개선 UI),외곽 주거지(초월읍 등)
5394,2_home_viewed,home_viewed,B(개선 UI),외곽 주거지(초월읍 등)
5395,1_app_opened,app_opened,B(개선 UI),외곽 주거지(초월읍 등)
5396,1_app_opened,app_opened,A(기존 UI),도심권
5397,1_app_opened,app_opened,A(기존 UI),도심권
5397,2_home_viewed,home_viewed,A(기존 UI),도심권
5398,1_app_opened,app_opened,A(기존 UI),외곽 주거지(초월읍 등)
5398,2_home_viewed,home_viewed,A(기존 UI),외곽 주거지(초월읍 등)
5399,1_app_opened,app_opened,A(기존 UI),도심권
5400,1_app_opened,app_opened,B(개선 UI),도심권
5401,1_app_opened,app_opened,A(기존 UI),도심권
5402,1_app_opened,app_opened,B(개선 UI),도심권
5403,1_app_opened,app_opened,B(개선 UI),외곽 주거지(초월읍 등)
5404,1_app_opened,app_opened,A(기존 UI),도심권
5405,1_app_opened,app_opened,A(기존 UI),외곽 주거지(초월읍 등)
5406,1_app_opened,app_opened,B(개선 UI),도심권
5407,1_app_opened,app_opened,B(개선 UI),외곽 주거지(초월읍 등)
5408,1_app_opened,app_opened,A(기존 UI),도심권
5409,1_app_opened,app_opened,A(기존 UI),도심권
5410,1_app_opened,app_opened,B(개선 UI),도심권
5410,2_home_viewed,home_viewed,B(개선 UI),도심권
5410,3_cart_interacted,cart_interacted,B(개선 UI),도심권
5411,1_app_opened,app_opened,B(개선 UI),외곽 주거지(초월읍 등)
5411,2_home_viewed,home_viewed,B(개선 UI),외곽 주거지(초월읍 등)
5412,1_app_opened,app_opened,A(기존 UI),도심권
5413,1_app_opened,app_opened,B(개선 UI),외곽 주거지(초월읍 등)
5413,2_home_viewed,home_viewed,B(개선 UI),외곽 주거지(초월읍 등)
5414,1_app_opened,app_opened,A(기존 UI),도심권
5415,1_app_opened,app_opened,A(기존 UI),도심권
5416,1_app_opened,app_opened,A(기존 UI),외곽 주거지(초월읍 등)
5417,1_app_opened,app_opened,A(기존 UI),도심권
5418,1_app_opened,app_opened,A(기존 UI),도심권
5419,1_app_opened,app_opened,A(기존 UI),도심권
5419,2_home_viewed,home_viewed,A(기존 UI),도심권
5419,3_cart_interacted,cart_interacted,A(기존 UI),도심권
5420,1_app_opened,app_opened,A(기존 UI),도심권
5421,1_app_opened,app_opened,A(기존 UI),도심권
5421,2_home_viewed,home_viewed,A(기존 UI),도심권
5422,1_app_opened,app_opened,A(기존 UI),도심권
5423,1_app_opened,app_opened,B(개선 UI),도심권
5424,1_app_opened,app_opened,A(기존 UI),외곽 주거지(초월읍 등)
5424,2_home_viewed,home_viewed,A(기존 UI),외곽 주거지(초월읍 등)
5425,1_app_opened,app_opened,A(기존 UI),외곽 주거지(초월읍 등)
5426,1_app_opened,app_opened,B(개선 UI),도심권
5427,1_app_opened,app_opened,B(개선 UI),도심권
5428,1_app_opened,app_opened,A(기존 UI),도심권
5428,2_home_viewed,home_viewed,A(기존 UI),도심권
5429,1_app_opened,app_opened,B(개선 UI),외곽 주거지(초월읍 등)
5429,2_home_viewed,home_viewed,B(개선 UI),외곽 주거지(초월읍 등)
5430,1_app_opened,app_opened,B(개선 UI),도심권
5431,1_app_opened,app_opened,B(개선 UI),도심권
5431,2_home_viewed,home_viewed,B(개선 UI),도심권
5432,1_app_opened,app_opened,A(기존 UI),외곽 주거지(초월읍 등)
5432,2_home_viewed,home_viewed,A(기존 UI),외곽 주거지(초월읍 등)
5432,3_cart_interacted,cart_interacted,A(기존 UI),외곽 주거지(초월읍 등)
5433,1_app_opened,app_opened,B(개선 UI),도심권
5434,1_app_opened,app_opened,A(기존 UI),외곽 주거지(초월읍 등)
5435,1_app_opened,app_opened,B(개선 UI),도심권
5436,1_app_opened,app_opened,B(개선 UI),도심권
5437,1_app_opened,app_opened,A(기존 UI),외곽 주거지(초월읍 등)
5438,1_app_opened,app_opened,B(개선 UI),도심권
5438,2_home_viewed,home_viewed,B(개선 UI),도심권
5438,3_cart_interacted,cart_interacted,B(개선 UI),도심권
5439,1_app_opened,app_opened,A(기존 UI),외곽 주거지(초월읍 등)
5440,1_app_opened,app_opened,B(개선 UI),도심권
5441,1_app_opened,app_opened,A(기존 UI),외곽 주거지(초월읍 등)
5442,1_app_opened,app_opened,A(기존 UI),도심권
5443,1_app_opened,app_opened,A(기존 UI),도심권
5444,1_app_opened,app_opened,B(개선 UI),도심권
5445,1_app_opened,app_opened,A(기존 UI),도심권
5446,1_app_opened,app_opened,A(기존 UI),도심권
5447,1_app_opened,app_opened,A(기존 UI),도심권
5448,1_app_opened,app_opened,B(개선 UI),도심권
5449,1_app_opened,app_opened,B(개선 UI),도심권
5449,2_home_viewed,home_viewed,B(개선 UI),도심권
5450,1_app_opened,app_opened,A(기존 UI),도심권
5451,1_app_opened,app_opened,A(기존 UI),도심권
5451,2_home_viewed,home_viewed,A(기존 UI),도심권
5451,3_cart_interacted,cart_interacted,A(기존 UI),도심권
5452,1_app_opened,app_opened,A(기존 UI),도심권
5453,1_app_opened,app_opened,A(기존 UI),외곽 주거지(초월읍 등)
5454,1_app_opened,app_opened,A(기존 UI),도심권
5454,2_home_viewed,home_viewed,A(기존 UI),도심권
5455,1_app_opened,app_opened,B(개선 UI),도심권
5455,2_home_viewed,home_viewed,B(개선 UI),도심권
5455,3_cart_interacted,cart_interacted,B(개선 UI),도심권
5456,1_app_opened,app_opened,A(기존 UI),도심권
5457,1_app_opened,app_opened,A(기존 UI),외곽 주거지(초월읍 등)
5457,2_home_viewed,home_viewed,A(기존 UI),외곽 주거지(초월읍 등)
5458,1_app_opened,app_opened,A(기존 UI),도심권
5459,1_app_opened,app_opened,B(개선 UI),도심권
5459,2_home_viewed,home_viewed,B(개선 UI),도심권
5460,1_app_opened,app_opened,B(개선 UI),도심권
5460,2_home_viewed,home_viewed,B(개선 UI),도심권
5460,3_cart_interacted,cart_interacted,B(개선 UI),도심권
5461,1_app_opened,app_opened,B(개선 UI),도심권
5462,1_app_opened,app_opened,A(기존 UI),외곽 주거지(초월읍 등)
5462,2_home_viewed,home_viewed,A(기존 UI),외곽 주거지(초월읍 등)
5463,1_app_opened,app_opened,A(기존 UI),도심권
5463,2_home_viewed,home_viewed,A(기존 UI),도심권
5464,1_app_opened,app_opened,A(기존 UI),도심권
5465,1_app_opened,app_opened,A(기존 UI),외곽 주거지(초월읍 등)
5466,1_app_opened,app_opened,B(개선 UI),도심권
5466,2_home_viewed,home_viewed,B(개선 UI),도심권
5467,1_app_opened,app_opened,B(개선 UI),외곽 주거지(초월읍 등)
5467,2_home_viewed,home_viewed,B(개선 UI),외곽 주거지(초월읍 등)
5468,1_app_opened,app_opened,B(개선 UI),도심권
5469,1_app_opened,app_opened,B(개선 UI),외곽 주거지(초월읍 등)
5469,2_home_viewed,home_viewed,B(개선 UI),외곽 주거지(초월읍 등)
5470,1_app_opened,app_opened,A(기존 UI),외곽 주거지(초월읍 등)
5471,1_app_opened,app_opened,B(개선 UI),도심권
5472,1_app_opened,app_opened,A(기존 UI),외곽 주거지(초월읍 등)
5472,2_home_viewed,home_viewed,A(기존 UI),외곽 주거지(초월읍 등)
5473,1_app_opened,app_opened,A(기존 UI),도심권
5473,2_home_viewed,home_viewed,A(기존 UI),도심권
5474,1_app_opened,app_opened,B(개선 UI),도심권
5475,1_app_opened,app_opened,A(기존 UI),도심권
5475,2_home_viewed,home_viewed,A(기존 UI),도심권
5475,3_cart_interacted,cart_interacted,A(기존 UI),도심권
5475,4_purchase_completed,purchase_completed,A(기존 UI),도심권
5476,1_app_opened,app_opened,A(기존 UI),도심권
5476,2_home_viewed,home_viewed,A(기존 UI),도심권
5477,1_app_opened,app_opened,A(기존 UI),외곽 주거지(초월읍 등)
5478,1_app_opened,app_opened,B(개선 UI),도심권
5478,2_home_viewed,home_viewed,B(개선 UI),도심권
5479,1_app_opened,app_opened,B(개선 UI),외곽 주거지(초월읍 등)
5479,2_home_viewed,home_viewed,B(개선 UI),외곽 주거지(초월읍 등)
5480,1_app_opened,app_opened,A(기존 UI),도심권
5481,1_app_opened,app_opened,B(개선 UI),도심권
5481,2_home_viewed,home_viewed,B(개선 UI),도심권
5482,1_app_opened,app_opened,A(기존 UI),도심권
5482,2_home_viewed,home_viewed,A(기존 UI),도심권
5483,1_app_opened,app_opened,A(기존 UI),도심권
5484,1_app_opened,app_opened,B(개선 UI),외곽 주거지(초월읍 등)
5484,2_home_viewed,home_viewed,B(개선 UI),외곽 주거지(초월읍 등)
5485,1_app_opened,app_opened,B(개선 UI),외곽 주거지(초월읍 등)
5486,1_app_opened,app_opened,B(개선 UI),외곽 주거지(초월읍 등)
5486,2_home_viewed,home_viewed,B(개선 UI),외곽 주거지(초월읍 등)
5487,1_app_opened,app_opened,A(기존 UI),외곽 주거지(초월읍 등)
5488,1_app_opened,app_opened,B(개선 UI),도심권
5488,2_home_viewed,home_viewed,B(개선 UI),도심권
5489,1_app_opened,app_opened,B(개선 UI),도심권
5489,2_home_viewed,home_viewed,B(개선 UI),도심권
5490,1_app_opened,app_opened,B(개선 UI),도심권
5490,2_home_viewed,home_viewed,B(개선 UI),도심권
5490,3_cart_interacted,cart_interacted,B(개선 UI),도심권
5491,1_app_opened,app_opened,A(기존 UI),도심권
5492,1_app_opened,app_opened,B(개선 UI),도심권
5492,2_home_viewed,home_viewed,B(개선 UI),도심권
5492,3_cart_interacted,cart_interacted,B(개선 UI),도심권
5493,1_app_opened,app_opened,B(개선 UI),도심권
5494,1_app_opened,app_opened,A(기존 UI),도심권
5495,1_app_opened,app_opened,A(기존 UI),도심권
5496,1_app_opened,app_opened,A(기존 UI),외곽 주거지(초월읍 등)
5497,1_app_opened,app_opened,B(개선 UI),도심권
5497,2_home_viewed,home_viewed,B(개선 UI),도심권
5498,1_app_opened,app_opened,B(개선 UI),도심권
5498,2_home_viewed,home_viewed,B(개선 UI),도심권
5498,3_cart_interacted,cart_interacted,B(개선 UI),도심권
5498,4_purchase_completed,purchase_completed,B(개선 UI),도심권
5499,1_app_opened,app_opened,B(개선 UI),도심권
5500,1_app_opened,app_opened,B(개선 UI),외곽 주거지(초월읍 등)
5500,2_home_viewed,home_viewed,B(개선 UI),외곽 주거지(초월읍 등)
5500,3_cart_interacted,cart_interacted,B(개선 UI),외곽 주거지(초월읍 등)
5500,4_purchase_completed,purchase_completed,B(개선 UI),외곽 주거지(초월읍 등)
5501,1_app_opened,app_opened,B(개선 UI),외곽 주거지(초월읍 등)
5501,2_home_viewed,home_viewed,B(개선 UI),외곽 주거지(초월읍 등)
5502,1_app_opened,app_opened,A(기존 UI),도심권
5503,1_app_opened,app_opened,A(기존 UI),도심권
5503,2_home_viewed,home_viewed,A(기존 UI),도심권
5504,1_app_opened,app_opened,A(기존 UI),외곽 주거지(초월읍 등)
5505,1_app_opened,app_opened,A(기존 UI),도심권
5506,1_app_opened,app_opened,A(기존 UI),외곽 주거지(초월읍 등)
5506,2_home_viewed,home_viewed,A(기존 UI),외곽 주거지(초월읍 등)
5507,1_app_opened,app_opened,B(개선 UI),외곽 주거지(초월읍 등)
5508,1_app_opened,app_opened,A(기존 UI),도심권
5509,1_app_opened,app_opened,A(기존 UI),도심권
5510,1_app_opened,app_opened,A(기존 UI),도심권
5511,1_app_opened,app_opened,A(기존 UI),도심권
5511,2_home_viewed,home_viewed,A(기존 UI),도심권
5512,1_app_opened,app_opened,B(개선 UI),외곽 주거지(초월읍 등)
5512,2_home_viewed,home_viewed,B(개선 UI),외곽 주거지(초월읍 등)
5512,3_cart_interacted,cart_interacted,B(개선 UI),외곽 주거지(초월읍 등)
5513,1_app_opened,app_opened,B(개선 UI),외곽 주거지(초월읍 등)
5513,2_home_viewed,home_viewed,B(개선 UI),외곽 주거지(초월읍 등)
5513,3_cart_interacted,cart_interacted,B(개선 UI),외곽 주거지(초월읍 등)
5513,4_purchase_completed,purchase_completed,B(개선 UI),외곽 주거지(초월읍 등)
5514,1_app_opened,app_opened,B(개선 UI),외곽 주거지(초월읍 등)
5514,2_home_viewed,home_viewed,B(개선 UI),외곽 주거지(초월읍 등)
5514,3_cart_interacted,cart_interacted,B(개선 UI),외곽 주거지(초월읍 등)
5515,1_app_opened,app_opened,A(기존 UI),도심권
5516,1_app_opened,app_opened,B(개선 UI),도심권
5516,2_home_viewed,home_viewed,B(개선 UI),도심권
5516,3_cart_interacted,cart_interacted,B(개선 UI),도심권
5517,1_app_opened,app_opened,B(개선 UI),도심권
5517,2_home_viewed,home_viewed,B(개선 UI),도심권
5517,3_cart_interacted,cart_interacted,B(개선 UI),도심권
5517,4_purchase_completed,purchase_completed,B(개선 UI),도심권
5518,1_app_opened,app_opened,B(개선 UI),도심권
5519,1_app_opened,app_opened,A(기존 UI),도심권
5520,1_app_opened,app_opened,B(개선 UI),도심권
5520,2_home_viewed,home_viewed,B(개선 UI),도심권
5521,1_app_opened,app_opened,B(개선 UI),도심권
5521,2_home_viewed,home_viewed,B(개선 UI),도심권
5522,1_app_opened,app_opened,B(개선 UI),외곽 주거지(초월읍 등)
5522,2_home_viewed,home_viewed,B(개선 UI),외곽 주거지(초월읍 등)
5523,1_app_opened,app_opened,B(개선 UI),도심권
5523,2_home_viewed,home_viewed,B(개선 UI),도심권
5524,1_app_opened,app_opened,A(기존 UI),외곽 주거지(초월읍 등)
5525,1_app_opened,app_opened,B(개선 UI),도심권
5526,1_app_opened,app_opened,A(기존 UI),도심권
5527,1_app_opened,app_opened,B(개선 UI),외곽 주거지(초월읍 등)
5528,1_app_opened,app_opened,A(기존 UI),외곽 주거지(초월읍 등)
5529,1_app_opened,app_opened,A(기존 UI),도심권
5529,2_home_viewed,home_viewed,A(기존 UI),도심권
5530,1_app_opened,app_opened,A(기존 UI),도심권
5531,1_app_opened,app_opened,B(개선 UI),도심권
5531,2_home_viewed,home_viewed,B(개선 UI),도심권
5532,1_app_opened,app_opened,A(기존 UI),도심권
5533,1_app_opened,app_opened,B(개선 UI),외곽 주거지(초월읍 등)
5533,2_home_viewed,home_viewed,B(개선 UI),외곽 주거지(초월읍 등)
5534,1_app_opened,app_opened,B(개선 UI),도심권
5535,1_app_opened,app_opened,A(기존 UI),도심권
5536,1_app_opened,app_opened,A(기존 UI),외곽 주거지(초월읍 등)
5536,2_home_viewed,home_viewed,A(기존 UI),외곽 주거지(초월읍 등)
5536,3_cart_interacted,cart_interacted,A(기존 UI),외곽 주거지(초월읍 등)
5537,1_app_opened,app_opened,A(기존 UI),도심권
5537,2_home_viewed,home_viewed,A(기존 UI),도심권
5537,3_cart_interacted,cart_interacted,A(기존 UI),도심권
5537,4_purchase_completed,purchase_completed,A(기존 UI),도심권
5538,1_app_opened,app_opened,B(개선 UI),도심권
5539,1_app_opened,app_opened,B(개선 UI),도심권
5539,2_home_viewed,home_viewed,B(개선 UI),도심권
5540,1_app_opened,app_opened,A(기존 UI),도심권
5541,1_app_opened,app_opened,A(기존 UI),도심권
5542,1_app_opened,app_opened,B(개선 UI),도심권
5542,2_home_viewed,home_viewed,B(개선 UI),도심권
5543,1_app_opened,app_opened,B(개선 UI),도심권
5544,1_app_opened,app_opened,B(개선 UI),외곽 주거지(초월읍 등)
5544,2_home_viewed,home_viewed,B(개선 UI),외곽 주거지(초월읍 등)
5545,1_app_opened,app_opened,B(개선 UI),외곽 주거지(초월읍 등)
5546,1_app_opened,app_opened,A(기존 UI),도심권
5547,1_app_opened,app_opened,A(기존 UI),도심권
5548,1_app_opened,app_opened,A(기존 UI),도심권
5549,1_app_opened,app_opened,A(기존 UI),도심권
5550,1_app_opened,app_opened,A(기존 UI),외곽 주거지(초월읍 등)
5551,1_app_opened,app_opened,A(기존 UI),도심권
5552,1_app_opened,app_opened,A(기존 UI),도심권
5553,1_app_opened,app_opened,B(개선 UI),도심권
5554,1_app_opened,app_opened,B(개선 UI),도심권
5555,1_app_opened,app_opened,B(개선 UI),도심권
5555,2_home_viewed,home_viewed,B(개선 UI),도심권
5555,3_cart_interacted,cart_interacted,B(개선 UI),도심권
5555,4_purchase_completed,purchase_completed,B(개선 UI),도심권
5556,1_app_opened,app_opened,B(개선 UI),외곽 주거지(초월읍 등)
5556,2_home_viewed,home_viewed,B(개선 UI),외곽 주거지(초월읍 등)
5557,1_app_opened,app_opened,A(기존 UI),외곽 주거지(초월읍 등)
5558,1_app_opened,app_opened,B(개선 UI),외곽 주거지(초월읍 등)
5558,2_home_viewed,home_viewed,B(개선 UI),외곽 주거지(초월읍 등)
5558,3_cart_interacted,cart_interacted,B(개선 UI),외곽 주거지(초월읍 등)
5559,1_app_opened,app_opened,A(기존 UI),외곽 주거지(초월읍 등)
5560,1_app_opened,app_opened,B(개선 UI),외곽 주거지(초월읍 등)
5560,2_home_viewed,home_viewed,B(개선 UI),외곽 주거지(초월읍 등)
5561,1_app_opened,app_opened,A(기존 UI),도심권
5562,1_app_opened,app_opened,B(개선 UI),도심권
5562,2_home_viewed,home_viewed,B(개선 UI),도심권
5563,1_app_opened,app_opened,A(기존 UI),외곽 주거지(초월읍 등)
5564,1_app_opened,app_opened,A(기존 UI),도심권
5565,1_app_opened,app_opened,B(개선 UI),도심권
5565,2_home_viewed,home_viewed,B(개선 UI),도심권
5566,1_app_opened,app_opened,A(기존 UI),도심권
5567,1_app_opened,app_opened,B(개선 UI),도심권
5568,1_app_opened,app_opened,B(개선 UI),도심권
5568,2_home_viewed,home_viewed,B(개선 UI),도심권
5569,1_app_opened,app_opened,B(개선 UI),도심권
5570,1_app_opened,app_opened,B(개선 UI),도심권
5571,1_app_opened,app_opened,B(개선 UI),외곽 주거지(초월읍 등)
5572,1_app_opened,app_opened,A(기존 UI),도심권
5573,1_app_opened,app_opened,B(개선 UI),외곽 주거지(초월읍 등)
5574,1_app_opened,app_opened,B(개선 UI),도심권
5574,2_home_viewed,home_viewed,B(개선 UI),도심권
5575,1_app_opened,app_opened,B(개선 UI),도심권
5576,1_app_opened,app_opened,A(기존 UI),도심권
5577,1_app_opened,app_opened,B(개선 UI),도심권
5578,1_app_opened,app_opened,B(개선 UI),도심권
5578,2_home_viewed,home_viewed,B(개선 UI),도심권
5579,1_app_opened,app_opened,B(개선 UI),외곽 주거지(초월읍 등)
5580,1_app_opened,app_opened,A(기존 UI),외곽 주거지(초월읍 등)
5581,1_app_opened,app_opened,A(기존 UI),외곽 주거지(초월읍 등)
5582,1_app_opened,app_opened,A(기존 UI),도심권
5583,1_app_opened,app_opened,B(개선 UI),도심권
5583,2_home_viewed,home_viewed,B(개선 UI),도심권
5583,3_cart_interacted,cart_interacted,B(개선 UI),도심권
5583,4_purchase_completed,purchase_completed,B(개선 UI),도심권
5584,1_app_opened,app_opened,B(개선 UI),도심권
5585,1_app_opened,app_opened,A(기존 UI),도심권
5586,1_app_opened,app_opened,A(기존 UI),도심권
5587,1_app_opened,app_opened,A(기존 UI),도심권
5588,1_app_opened,app_opened,A(기존 UI),도심권
5589,1_app_opened,app_opened,B(개선 UI),도심권
5589,2_home_viewed,home_viewed,B(개선 UI),도심권
5589,3_cart_interacted,cart_interacted,B(개선 UI),도심권
5590,1_app_opened,app_opened,B(개선 UI),도심권
5590,2_home_viewed,home_viewed,B(개선 UI),도심권
5591,1_app_opened,app_opened,A(기존 UI),도심권
5592,1_app_opened,app_opened,B(개선 UI),도심권
5592,2_home_viewed,home_viewed,B(개선 UI),도심권
5592,3_cart_interacted,cart_interacted,B(개선 UI),도심권
5592,4_purchase_completed,purchase_completed,B(개선 UI),도심권
5593,1_app_opened,app_opened,A(기존 UI),외곽 주거지(초월읍 등)
5594,1_app_opened,app_opened,B(개선 UI),도심권
5595,1_app_opened,app_opened,A(기존 UI),도심권
5596,1_app_opened,app_opened,A(기존 UI),도심권
5597,1_app_opened,app_opened,A(기존 UI),도심권
5598,1_app_opened,app_opened,B(개선 UI),외곽 주거지(초월읍 등)
5599,1_app_opened,app_opened,B(개선 UI),외곽 주거지(초월읍 등)
5600,1_app_opened,app_opened,B(개선 UI),도심권
5601,1_app_opened,app_opened,A(기존 UI),도심권
5601,2_home_viewed,home_viewed,A(기존 UI),도심권
5602,1_app_opened,app_opened,A(기존 UI),외곽 주거지(초월읍 등)
5603,1_app_opened,app_opened,A(기존 UI),도심권
5604,1_app_opened,app_opened,B(개선 UI),외곽 주거지(초월읍 등)
5604,2_home_viewed,home_viewed,B(개선 UI),외곽 주거지(초월읍 등)
5605,1_app_opened,app_opened,A(기존 UI),도심권
5606,1_app_opened,app_opened,B(개선 UI),도심권
5606,2_home_viewed,home_viewed,B(개선 UI),도심권
5606,3_cart_interacted,cart_interacted,B(개선 UI),도심권
5607,1_app_opened,app_opened,B(개선 UI),외곽 주거지(초월읍 등)
5607,2_home_viewed,home_viewed,B(개선 UI),외곽 주거지(초월읍 등)
5608,1_app_opened,app_opened,B(개선 UI),도심권
5608,2_home_viewed,home_viewed,B(개선 UI),도심권
5609,1_app_opened,app_opened,A(기존 UI),도심권
5609,2_home_viewed,home_viewed,A(기존 UI),도심권
5610,1_app_opened,app_opened,A(기존 UI),도심권
5610,2_home_viewed,home_viewed,A(기존 UI),도심권
5610,3_cart_interacted,cart_interacted,A(기존 UI),도심권
5611,1_app_opened,app_opened,A(기존 UI),도심권
5611,2_home_viewed,home_viewed,A(기존 UI),도심권
5612,1_app_opened,app_opened,B(개선 UI),외곽 주거지(초월읍 등)
5612,2_home_viewed,home_viewed,B(개선 UI),외곽 주거지(초월읍 등)
5613,1_app_opened,app_opened,B(개선 UI),도심권
5613,2_home_viewed,home_viewed,B(개선 UI),도심권
5614,1_app_opened,app_opened,A(기존 UI),도심권
5614,2_home_viewed,home_viewed,A(기존 UI),도심권
5615,1_app_opened,app_opened,A(기존 UI),외곽 주거지(초월읍 등)
5615,2_home_viewed,home_viewed,A(기존 UI),외곽 주거지(초월읍 등)
5616,1_app_opened,app_opened,B(개선 UI),도심권
5617,1_app_opened,app_opened,B(개선 UI),도심권
5617,2_home_viewed,home_viewed,B(개선 UI),도심권
5617,3_cart_interacted,cart_interacted,B(개선 UI),도심권
5617,4_purchase_completed,purchase_completed,B(개선 UI),도심권
5618,1_app_opened,app_opened,A(기존 UI),외곽 주거지(초월읍 등)
5619,1_app_opened,app_opened,B(개선 UI),외곽 주거지(초월읍 등)
5620,1_app_opened,app_opened,A(기존 UI),도심권
5620,2_home_viewed,home_viewed,A(기존 UI),도심권
5621,1_app_opened,app_opened,A(기존 UI),도심권
5621,2_home_viewed,home_viewed,A(기존 UI),도심권
5622,1_app_opened,app_opened,B(개선 UI),외곽 주거지(초월읍 등)
5623,1_app_opened,app_opened,B(개선 UI),외곽 주거지(초월읍 등)
5624,1_app_opened,app_opened,B(개선 UI),외곽 주거지(초월읍 등)
5624,2_home_viewed,home_viewed,B(개선 UI),외곽 주거지(초월읍 등)
5624,3_cart_interacted,cart_interacted,B(개선 UI),외곽 주거지(초월읍 등)
5625,1_app_opened,app_opened,A(기존 UI),도심권
5626,1_app_opened,app_opened,B(개선 UI),도심권
5626,2_home_viewed,home_viewed,B(개선 UI),도심권
5627,1_app_opened,app_opened,A(기존 UI),도심권
5628,1_app_opened,app_opened,A(기존 UI),외곽 주거지(초월읍 등)
5629,1_app_opened,app_opened,B(개선 UI),외곽 주거지(초월읍 등)
5630,1_app_opened,app_opened,A(기존 UI),도심권
5631,1_app_opened,app_opened,B(개선 UI),도심권
5632,1_app_opened,app_opened,B(개선 UI),도심권
5633,1_app_opened,app_opened,A(기존 UI),외곽 주거지(초월읍 등)
5634,1_app_opened,app_opened,A(기존 UI),도심권
5635,1_app_opened,app_opened,A(기존 UI),도심권
5636,1_app_opened,app_opened,A(기존 UI),도심권
5637,1_app_opened,app_opened,B(개선 UI),도심권
5637,2_home_viewed,home_viewed,B(개선 UI),도심권
5637,3_cart_interacted,cart_interacted,B(개선 UI),도심권
5637,4_purchase_completed,purchase_completed,B(개선 UI),도심권
5638,1_app_opened,app_opened,B(개선 UI),도심권
5638,2_home_viewed,home_viewed,B(개선 UI),도심권
5639,1_app_opened,app_opened,A(기존 UI),외곽 주거지(초월읍 등)
5640,1_app_opened,app_opened,A(기존 UI),외곽 주거지(초월읍 등)
5641,1_app_opened,app_opened,B(개선 UI),도심권
5642,1_app_opened,app_opened,B(개선 UI),도심권
5642,2_home_viewed,home_viewed,B(개선 UI),도심권
5643,1_app_opened,app_opened,A(기존 UI),외곽 주거지(초월읍 등)
5644,1_app_opened,app_opened,A(기존 UI),도심권
5645,1_app_opened,app_opened,B(개선 UI),도심권
5645,2_home_viewed,home_viewed,B(개선 UI),도심권
5646,1_app_opened,app_opened,A(기존 UI),외곽 주거지(초월읍 등)
5647,1_app_opened,app_opened,A(기존 UI),외곽 주거지(초월읍 등)
5648,1_app_opened,app_opened,B(개선 UI),외곽 주거지(초월읍 등)
5648,2_home_viewed,home_viewed,B(개선 UI),외곽 주거지(초월읍 등)
5649,1_app_opened,app_opened,B(개선 UI),도심권
5649,2_home_viewed,home_viewed,B(개선 UI),도심권
5650,1_app_opened,app_opened,B(개선 UI),도심권
5651,1_app_opened,app_opened,B(개선 UI),도심권
5652,1_app_opened,app_opened,B(개선 UI),도심권
5652,2_home_viewed,home_viewed,B(개선 UI),도심권
5653,1_app_opened,app_opened,A(기존 UI),외곽 주거지(초월읍 등)
5653,2_home_viewed,home_viewed,A(기존 UI),외곽 주거지(초월읍 등)
5654,1_app_opened,app_opened,A(기존 UI),도심권
5655,1_app_opened,app_opened,A(기존 UI),외곽 주거지(초월읍 등)
5656,1_app_opened,app_opened,A(기존 UI),도심권
5657,1_app_opened,app_opened,B(개선 UI),도심권
5657,2_home_viewed,home_viewed,B(개선 UI),도심권
5658,1_app_opened,app_opened,B(개선 UI),외곽 주거지(초월읍 등)
5658,2_home_viewed,home_viewed,B(개선 UI),외곽 주거지(초월읍 등)
5659,1_app_opened,app_opened,B(개선 UI),도심권
5659,2_home_viewed,home_viewed,B(개선 UI),도심권
5659,3_cart_interacted,cart_interacted,B(개선 UI),도심권
5659,4_purchase_completed,purchase_completed,B(개선 UI),도심권
5660,1_app_opened,app_opened,B(개선 UI),도심권
5661,1_app_opened,app_opened,A(기존 UI),도심권
5662,1_app_opened,app_opened,A(기존 UI),도심권
5663,1_app_opened,app_opened,B(개선 UI),도심권
5664,1_app_opened,app_opened,B(개선 UI),도심권
5664,2_home_viewed,home_viewed,B(개선 UI),도심권
5664,3_cart_interacted,cart_interacted,B(개선 UI),도심권
5664,4_purchase_completed,purchase_completed,B(개선 UI),도심권
5665,1_app_opened,app_opened,B(개선 UI),도심권
5665,2_home_viewed,home_viewed,B(개선 UI),도심권
5666,1_app_opened,app_opened,B(개선 UI),외곽 주거지(초월읍 등)
5666,2_home_viewed,home_viewed,B(개선 UI),외곽 주거지(초월읍 등)
5667,1_app_opened,app_opened,B(개선 UI),도심권
5667,2_home_viewed,home_viewed,B(개선 UI),도심권
5668,1_app_opened,app_opened,B(개선 UI),도심권
5669,1_app_opened,app_opened,A(기존 UI),도심권
5670,1_app_opened,app_opened,B(개선 UI),도심권
5670,2_home_viewed,home_viewed,B(개선 UI),도심권
5670,3_cart_interacted,cart_interacted,B(개선 UI),도심권
5670,4_purchase_completed,purchase_completed,B(개선 UI),도심권
5671,1_app_opened,app_opened,B(개선 UI),도심권
5671,2_home_viewed,home_viewed,B(개선 UI),도심권
5671,3_cart_interacted,cart_interacted,B(개선 UI),도심권
5671,4_purchase_completed,purchase_completed,B(개선 UI),도심권
5672,1_app_opened,app_opened,A(기존 UI),도심권
5672,2_home_viewed,home_viewed,A(기존 UI),도심권
5672,3_cart_interacted,cart_interacted,A(기존 UI),도심권
5673,1_app_opened,app_opened,B(개선 UI),도심권
5673,2_home_viewed,home_viewed,B(개선 UI),도심권
5674,1_app_opened,app_opened,A(기존 UI),외곽 주거지(초월읍 등)
5675,1_app_opened,app_opened,B(개선 UI),외곽 주거지(초월읍 등)
5675,2_home_viewed,home_viewed,B(개선 UI),외곽 주거지(초월읍 등)
5675,3_cart_interacted,cart_interacted,B(개선 UI),외곽 주거지(초월읍 등)
5676,1_app_opened,app_opened,A(기존 UI),외곽 주거지(초월읍 등)
5677,1_app_opened,app_opened,B(개선 UI),도심권
5677,2_home_viewed,home_viewed,B(개선 UI),도심권
5677,3_cart_interacted,cart_interacted,B(개선 UI),도심권
5677,4_purchase_completed,purchase_completed,B(개선 UI),도심권
5678,1_app_opened,app_opened,A(기존 UI),도심권
5679,1_app_opened,app_opened,B(개선 UI),외곽 주거지(초월읍 등)
5680,1_app_opened,app_opened,A(기존 UI),도심권
5681,1_app_opened,app_opened,A(기존 UI),외곽 주거지(초월읍 등)
5682,1_app_opened,app_opened,A(기존 UI),도심권
5683,1_app_opened,app_opened,B(개선 UI),도심권
5684,1_app_opened,app_opened,A(기존 UI),외곽 주거지(초월읍 등)
5685,1_app_opened,app_opened,A(기존 UI),외곽 주거지(초월읍 등)
5686,1_app_opened,app_opened,B(개선 UI),외곽 주거지(초월읍 등)
5687,1_app_opened,app_opened,B(개선 UI),외곽 주거지(초월읍 등)
5687,2_home_viewed,home_viewed,B(개선 UI),외곽 주거지(초월읍 등)
5688,1_app_opened,app_opened,B(개선 UI),도심권
5689,1_app_opened,app_opened,A(기존 UI),도심권
5689,2_home_viewed,home_viewed,A(기존 UI),도심권
5690,1_app_opened,app_opened,B(개선 UI),외곽 주거지(초월읍 등)
5690,2_home_viewed,home_viewed,B(개선 UI),외곽 주거지(초월읍 등)
5691,1_app_opened,app_opened,A(기존 UI),도심권
5692,1_app_opened,app_opened,A(기존 UI),도심권
5693,1_app_opened,app_opened,B(개선 UI),도심권
5693,2_home_viewed,home_viewed,B(개선 UI),도심권
5694,1_app_opened,app_opened,B(개선 UI),도심권
5695,1_app_opened,app_opened,B(개선 UI),도심권
5695,2_home_viewed,home_viewed,B(개선 UI),도심권
5696,1_app_opened,app_opened,A(기존 UI),도심권
5697,1_app_opened,app_opened,A(기존 UI),외곽 주거지(초월읍 등)
5698,1_app_opened,app_opened,A(기존 UI),외곽 주거지(초월읍 등)
5699,1_app_opened,app_opened,B(개선 UI),도심권
5699,2_home_viewed,home_viewed,B(개선 UI),도심권
5700,1_app_opened,app_opened,A(기존 UI),도심권
5700,2_home_viewed,home_viewed,A(기존 UI),도심권
5701,1_app_opened,app_opened,A(기존 UI),도심권
5702,1_app_opened,app_opened,A(기존 UI),도심권
5703,1_app_opened,app_opened,B(개선 UI),도심권
5704,1_app_opened,app_opened,A(기존 UI),도심권
5705,1_app_opened,app_opened,B(개선 UI),도심권
5706,1_app_opened,app_opened,A(기존 UI),도심권
5707,1_app_opened,app_opened,B(개선 UI),도심권
5708,1_app_opened,app_opened,A(기존 UI),도심권
5709,1_app_opened,app_opened,B(개선 UI),도심권
5710,1_app_opened,app_opened,B(개선 UI),도심권
5711,1_app_opened,app_opened,A(기존 UI),도심권
5711,2_home_viewed,home_viewed,A(기존 UI),도심권
5712,1_app_opened,app_opened,B(개선 UI),외곽 주거지(초월읍 등)
5713,1_app_opened,app_opened,A(기존 UI),도심권
5714,1_app_opened,app_opened,B(개선 UI),외곽 주거지(초월읍 등)
5714,2_home_viewed,home_viewed,B(개선 UI),외곽 주거지(초월읍 등)
5715,1_app_opened,app_opened,B(개선 UI),도심권
5716,1_app_opened,app_opened,A(기존 UI),외곽 주거지(초월읍 등)
5716,2_home_viewed,home_viewed,A(기존 UI),외곽 주거지(초월읍 등)
5716,3_cart_interacted,cart_interacted,A(기존 UI),외곽 주거지(초월읍 등)
5717,1_app_opened,app_opened,A(기존 UI),도심권
5718,1_app_opened,app_opened,A(기존 UI),외곽 주거지(초월읍 등)
5719,1_app_opened,app_opened,A(기존 UI),도심권
5720,1_app_opened,app_opened,A(기존 UI),외곽 주거지(초월읍 등)
5721,1_app_opened,app_opened,A(기존 UI),도심권
5722,1_app_opened,app_opened,A(기존 UI),도심권
5723,1_app_opened,app_opened,B(개선 UI),외곽 주거지(초월읍 등)
5724,1_app_opened,app_opened,A(기존 UI),도심권
5724,2_home_viewed,home_viewed,A(기존 UI),도심권
5725,1_app_opened,app_opened,A(기존 UI),외곽 주거지(초월읍 등)
5726,1_app_opened,app_opened,B(개선 UI),도심권
5727,1_app_opened,app_opened,A(기존 UI),도심권
5728,1_app_opened,app_opened,A(기존 UI),외곽 주거지(초월읍 등)
5729,1_app_opened,app_opened,A(기존 UI),도심권
5729,2_home_viewed,home_viewed,A(기존 UI),도심권
5730,1_app_opened,app_opened,B(개선 UI),도심권
5730,2_home_viewed,home_viewed,B(개선 UI),도심권
5731,1_app_opened,app_opened,B(개선 UI),외곽 주거지(초월읍 등)
5732,1_app_opened,app_opened,A(기존 UI),외곽 주거지(초월읍 등)
5733,1_app_opened,app_opened,B(개선 UI),외곽 주거지(초월읍 등)
5733,2_home_viewed,home_viewed,B(개선 UI),외곽 주거지(초월읍 등)
5734,1_app_opened,app_opened,B(개선 UI),도심권
5734,2_home_viewed,home_viewed,B(개선 UI),도심권
5734,3_cart_interacted,cart_interacted,B(개선 UI),도심권
5734,4_purchase_completed,purchase_completed,B(개선 UI),도심권
5735,1_app_opened,app_opened,B(개선 UI),도심권
5736,1_app_opened,app_opened,B(개선 UI),도심권
5736,2_home_viewed,home_viewed,B(개선 UI),도심권
5736,3_cart_interacted,cart_interacted,B(개선 UI),도심권
5736,4_purchase_completed,purchase_completed,B(개선 UI),도심권
5737,1_app_opened,app_opened,B(개선 UI),도심권
5737,2_home_viewed,home_viewed,B(개선 UI),도심권
5737,3_cart_interacted,cart_interacted,B(개선 UI),도심권
5737,4_purchase_completed,purchase_completed,B(개선 UI),도심권
5738,1_app_opened,app_opened,A(기존 UI),외곽 주거지(초월읍 등)
5739,1_app_opened,app_opened,A(기존 UI),도심권
5740,1_app_opened,app_opened,A(기존 UI),도심권
5741,1_app_opened,app_opened,B(개선 UI),도심권
5742,1_app_opened,app_opened,B(개선 UI),외곽 주거지(초월읍 등)
5743,1_app_opened,app_opened,B(개선 UI),외곽 주거지(초월읍 등)
5743,2_home_viewed,home_viewed,B(개선 UI),외곽 주거지(초월읍 등)
5744,1_app_opened,app_opened,B(개선 UI),도심권
5744,2_home_viewed,home_viewed,B(개선 UI),도심권
5744,3_cart_interacted,cart_interacted,B(개선 UI),도심권
5744,4_purchase_completed,purchase_completed,B(개선 UI),도심권
5745,1_app_opened,app_opened,A(기존 UI),도심권
5746,1_app_opened,app_opened,B(개선 UI),외곽 주거지(초월읍 등)
5746,2_home_viewed,home_viewed,B(개선 UI),외곽 주거지(초월읍 등)
5746,3_cart_interacted,cart_interacted,B(개선 UI),외곽 주거지(초월읍 등)
5747,1_app_opened,app_opened,B(개선 UI),도심권
5747,2_home_viewed,home_viewed,B(개선 UI),도심권
5748,1_app_opened,app_opened,B(개선 UI),도심권
5748,2_home_viewed,home_viewed,B(개선 UI),도심권
5749,1_app_opened,app_opened,B(개선 UI),도심권
5749,2_home_viewed,home_viewed,B(개선 UI),도심권
5749,3_cart_interacted,cart_interacted,B(개선 UI),도심권
5750,1_app_opened,app_opened,B(개선 UI),도심권
5751,1_app_opened,app_opened,A(기존 UI),도심권
5752,1_app_opened,app_opened,B(개선 UI),외곽 주거지(초월읍 등)
5753,1_app_opened,app_opened,A(기존 UI),도심권
5753,2_home_viewed,home_viewed,A(기존 UI),도심권
5754,1_app_opened,app_opened,B(개선 UI),도심권
5754,2_home_viewed,home_viewed,B(개선 UI),도심권
5755,1_app_opened,app_opened,B(개선 UI),외곽 주거지(초월읍 등)
5756,1_app_opened,app_opened,A(기존 UI),외곽 주거지(초월읍 등)
5757,1_app_opened,app_opened,B(개선 UI),도심권
5757,2_home_viewed,home_viewed,B(개선 UI),도심권
5758,1_app_opened,app_opened,A(기존 UI),도심권
5759,1_app_opened,app_opened,A(기존 UI),도심권
5760,1_app_opened,app_opened,A(기존 UI),도심권
5761,1_app_opened,app_opened,B(개선 UI),도심권
5762,1_app_opened,app_opened,B(개선 UI),도심권
5762,2_home_viewed,home_viewed,B(개선 UI),도심권
5763,1_app_opened,app_opened,B(개선 UI),도심권
5763,2_home_viewed,home_viewed,B(개선 UI),도심권
5763,3_cart_interacted,cart_interacted,B(개선 UI),도심권
5764,1_app_opened,app_opened,A(기존 UI),도심권
5765,1_app_opened,app_opened,B(개선 UI),도심권
5766,1_app_opened,app_opened,B(개선 UI),도심권
5766,2_home_viewed,home_viewed,B(개선 UI),도심권
5766,3_cart_interacted,cart_interacted,B(개선 UI),도심권
5767,1_app_opened,app_opened,A(기존 UI),도심권
5768,1_app_opened,app_opened,A(기존 UI),도심권
5769,1_app_opened,app_opened,A(기존 UI),도심권
5769,2_home_viewed,home_viewed,A(기존 UI),도심권
5770,1_app_opened,app_opened,B(개선 UI),도심권
5770,2_home_viewed,home_viewed,B(개선 UI),도심권
5771,1_app_opened,app_opened,B(개선 UI),도심권
5771,2_home_viewed,home_viewed,B(개선 UI),도심권
5772,1_app_opened,app_opened,B(개선 UI),도심권
5773,1_app_opened,app_opened,A(기존 UI),도심권
5774,1_app_opened,app_opened,B(개선 UI),외곽 주거지(초월읍 등)
5774,2_home_viewed,home_viewed,B(개선 UI),외곽 주거지(초월읍 등)
5774,3_cart_interacted,cart_interacted,B(개선 UI),외곽 주거지(초월읍 등)
5774,4_purchase_completed,purchase_completed,B(개선 UI),외곽 주거지(초월읍 등)
5775,1_app_opened,app_opened,A(기존 UI),외곽 주거지(초월읍 등)
5776,1_app_opened,app_opened,A(기존 UI),도심권
5777,1_app_opened,app_opened,B(개선 UI),외곽 주거지(초월읍 등)
5777,2_home_viewed,home_viewed,B(개선 UI),외곽 주거지(초월읍 등)
5777,3_cart_interacted,cart_interacted,B(개선 UI),외곽 주거지(초월읍 등)
5777,4_purchase_completed,purchase_completed,B(개선 UI),외곽 주거지(초월읍 등)
5778,1_app_opened,app_opened,A(기존 UI),도심권
5779,1_app_opened,app_opened,B(개선 UI),도심권
5780,1_app_opened,app_opened,A(기존 UI),외곽 주거지(초월읍 등)
5780,2_home_viewed,home_viewed,A(기존 UI),외곽 주거지(초월읍 등)
5781,1_app_opened,app_opened,B(개선 UI),도심권
5782,1_app_opened,app_opened,A(기존 UI),도심권
5783,1_app_opened,app_opened,B(개선 UI),도심권
5784,1_app_opened,app_opened,A(기존 UI),도심권
5785,1_app_opened,app_opened,A(기존 UI),도심권
5785,2_home_viewed,home_viewed,A(기존 UI),도심권
5786,1_app_opened,app_opened,B(개선 UI),도심권
5787,1_app_opened,app_opened,A(기존 UI),도심권
5788,1_app_opened,app_opened,B(개선 UI),도심권
5788,2_home_viewed,home_viewed,B(개선 UI),도심권
5788,3_cart_interacted,cart_interacted,B(개선 UI),도심권
5788,4_purchase_completed,purchase_completed,B(개선 UI),도심권
5789,1_app_opened,app_opened,B(개선 UI),도심권
5789,2_home_viewed,home_viewed,B(개선 UI),도심권
5790,1_app_opened,app_opened,A(기존 UI),외곽 주거지(초월읍 등)
5790,2_home_viewed,home_viewed,A(기존 UI),외곽 주거지(초월읍 등)
5791,1_app_opened,app_opened,A(기존 UI),외곽 주거지(초월읍 등)
5792,1_app_opened,app_opened,B(개선 UI),도심권
5792,2_home_viewed,home_viewed,B(개선 UI),도심권
5793,1_app_opened,app_opened,B(개선 UI),도심권
5793,2_home_viewed,home_viewed,B(개선 UI),도심권
5794,1_app_opened,app_opened,B(개선 UI),외곽 주거지(초월읍 등)
5794,2_home_viewed,home_viewed,B(개선 UI),외곽 주거지(초월읍 등)
5795,1_app_opened,app_opened,B(개선 UI),도심권
5795,2_home_viewed,home_viewed,B(개선 UI),도심권
5796,1_app_opened,app_opened,B(개선 UI),도심권
5796,2_home_viewed,home_viewed,B(개선 UI),도심권
5796,3_cart_interacted,cart_interacted,B(개선 UI),도심권
5796,4_purchase_completed,purchase_completed,B(개선 UI),도심권
5797,1_app_opened,app_opened,A(기존 UI),도심권
5797,2_home_viewed,home_viewed,A(기존 UI),도심권
5798,1_app_opened,app_opened,B(개선 UI),외곽 주거지(초월읍 등)
5799,1_app_opened,app_opened,B(개선 UI),도심권
5799,2_home_viewed,home_viewed,B(개선 UI),도심권
5800,1_app_opened,app_opened,A(기존 UI),도심권
5800,2_home_viewed,home_viewed,A(기존 UI),도심권
5801,1_app_opened,app_opened,A(기존 UI),도심권
5802,1_app_opened,app_opened,A(기존 UI),도심권
5803,1_app_opened,app_opened,A(기존 UI),도심권
5803,2_home_viewed,home_viewed,A(기존 UI),도심권
5804,1_app_opened,app_opened,B(개선 UI),도심권
5804,2_home_viewed,home_viewed,B(개선 UI),도심권
5805,1_app_opened,app_opened,A(기존 UI),도심권
5805,2_home_viewed,home_viewed,A(기존 UI),도심권
5806,1_app_opened,app_opened,A(기존 UI),도심권
5807,1_app_opened,app_opened,A(기존 UI),도심권
5808,1_app_opened,app_opened,B(개선 UI),외곽 주거지(초월읍 등)
5808,2_home_viewed,home_viewed,B(개선 UI),외곽 주거지(초월읍 등)
5809,1_app_opened,app_opened,B(개선 UI),외곽 주거지(초월읍 등)
5810,1_app_opened,app_opened,A(기존 UI),도심권
5810,2_home_viewed,home_viewed,A(기존 UI),도심권
5811,1_app_opened,app_opened,A(기존 UI),도심권
5811,2_home_viewed,home_viewed,A(기존 UI),도심권
5811,3_cart_interacted,cart_interacted,A(기존 UI),도심권
5812,1_app_opened,app_opened,B(개선 UI),도심권
5812,2_home_viewed,home_viewed,B(개선 UI),도심권
5813,1_app_opened,app_opened,B(개선 UI),도심권
5813,2_home_viewed,home_viewed,B(개선 UI),도심권
5814,1_app_opened,app_opened,A(기존 UI),외곽 주거지(초월읍 등)
5815,1_app_opened,app_opened,A(기존 UI),도심권
5816,1_app_opened,app_opened,A(기존 UI),도심권
5817,1_app_opened,app_opened,A(기존 UI),외곽 주거지(초월읍 등)
5817,2_home_viewed,home_viewed,A(기존 UI),외곽 주거지(초월읍 등)
5818,1_app_opened,app_opened,B(개선 UI),외곽 주거지(초월읍 등)
5818,2_home_viewed,home_viewed,B(개선 UI),외곽 주거지(초월읍 등)
5819,1_app_opened,app_opened,B(개선 UI),도심권
5819,2_home_viewed,home_viewed,B(개선 UI),도심권
5820,1_app_opened,app_opened,A(기존 UI),도심권
5821,1_app_opened,app_opened,B(개선 UI),도심권
5822,1_app_opened,app_opened,A(기존 UI),외곽 주거지(초월읍 등)
5823,1_app_opened,app_opened,B(개선 UI),외곽 주거지(초월읍 등)
5823,2_home_viewed,home_viewed,B(개선 UI),외곽 주거지(초월읍 등)
5824,1_app_opened,app_opened,B(개선 UI),도심권
5825,1_app_opened,app_opened,A(기존 UI),도심권
5826,1_app_opened,app_opened,A(기존 UI),도심권
5827,1_app_opened,app_opened,B(개선 UI),도심권
5828,1_app_opened,app_opened,A(기존 UI),도심권
5828,2_home_viewed,home_viewed,A(기존 UI),도심권
5828,3_cart_interacted,cart_interacted,A(기존 UI),도심권
5829,1_app_opened,app_opened,A(기존 UI),도심권
5829,2_home_viewed,home_viewed,A(기존 UI),도심권
5830,1_app_opened,app_opened,B(개선 UI),도심권
5830,2_home_viewed,home_viewed,B(개선 UI),도심권
5831,1_app_opened,app_opened,B(개선 UI),외곽 주거지(초월읍 등)
5832,1_app_opened,app_opened,A(기존 UI),도심권
5833,1_app_opened,app_opened,B(개선 UI),도심권
5833,2_home_viewed,home_viewed,B(개선 UI),도심권
5833,3_cart_interacted,cart_interacted,B(개선 UI),도심권
5834,1_app_opened,app_opened,A(기존 UI),도심권
5835,1_app_opened,app_opened,B(개선 UI),외곽 주거지(초월읍 등)
5835,2_home_viewed,home_viewed,B(개선 UI),외곽 주거지(초월읍 등)
5835,3_cart_interacted,cart_interacted,B(개선 UI),외곽 주거지(초월읍 등)
5836,1_app_opened,app_opened,B(개선 UI),도심권
5836,2_home_viewed,home_viewed,B(개선 UI),도심권
5837,1_app_opened,app_opened,B(개선 UI),외곽 주거지(초월읍 등)
5837,2_home_viewed,home_viewed,B(개선 UI),외곽 주거지(초월읍 등)
5838,1_app_opened,app_opened,A(기존 UI),도심권
5839,1_app_opened,app_opened,B(개선 UI),외곽 주거지(초월읍 등)
5839,2_home_viewed,home_viewed,B(개선 UI),외곽 주거지(초월읍 등)
5840,1_app_opened,app_opened,B(개선 UI),외곽 주거지(초월읍 등)
5840,2_home_viewed,home_viewed,B(개선 UI),외곽 주거지(초월읍 등)
5841,1_app_opened,app_opened,A(기존 UI),도심권
5842,1_app_opened,app_opened,A(기존 UI),외곽 주거지(초월읍 등)
5843,1_app_opened,app_opened,A(기존 UI),도심권
5844,1_app_opened,app_opened,A(기존 UI),도심권
5845,1_app_opened,app_opened,B(개선 UI),도심권
5845,2_home_viewed,home_viewed,B(개선 UI),도심권
5846,1_app_opened,app_opened,A(기존 UI),도심권
5847,1_app_opened,app_opened,A(기존 UI),외곽 주거지(초월읍 등)
5848,1_app_opened,app_opened,B(개선 UI),외곽 주거지(초월읍 등)
5848,2_home_viewed,home_viewed,B(개선 UI),외곽 주거지(초월읍 등)
5849,1_app_opened,app_opened,A(기존 UI),도심권
5850,1_app_opened,app_opened,B(개선 UI),도심권
5851,1_app_opened,app_opened,A(기존 UI),도심권
5852,1_app_opened,app_opened,B(개선 UI),도심권
5853,1_app_opened,app_opened,B(개선 UI),도심권
5853,2_home_viewed,home_viewed,B(개선 UI),도심권
5853,3_cart_interacted,cart_interacted,B(개선 UI),도심권
5854,1_app_opened,app_opened,B(개선 UI),외곽 주거지(초월읍 등)
5854,2_home_viewed,home_viewed,B(개선 UI),외곽 주거지(초월읍 등)
5855,1_app_opened,app_opened,A(기존 UI),도심권
5856,1_app_opened,app_opened,B(개선 UI),도심권
5857,1_app_opened,app_opened,A(기존 UI),외곽 주거지(초월읍 등)
5857,2_home_viewed,home_viewed,A(기존 UI),외곽 주거지(초월읍 등)
5858,1_app_opened,app_opened,A(기존 UI),도심권
5859,1_app_opened,app_opened,A(기존 UI),도심권
5860,1_app_opened,app_opened,B(개선 UI),도심권
5861,1_app_opened,app_opened,A(기존 UI),도심권
5862,1_app_opened,app_opened,B(개선 UI),외곽 주거지(초월읍 등)
5862,2_home_viewed,home_viewed,B(개선 UI),외곽 주거지(초월읍 등)
5863,1_app_opened,app_opened,A(기존 UI),도심권
5864,1_app_opened,app_opened,A(기존 UI),도심권
5865,1_app_opened,app_opened,B(개선 UI),도심권
5865,2_home_viewed,home_viewed,B(개선 UI),도심권
5866,1_app_opened,app_opened,A(기존 UI),도심권
5866,2_home_viewed,home_viewed,A(기존 UI),도심권
5866,3_cart_interacted,cart_interacted,A(기존 UI),도심권
5867,1_app_opened,app_opened,B(개선 UI),외곽 주거지(초월읍 등)
5868,1_app_opened,app_opened,A(기존 UI),외곽 주거지(초월읍 등)
5869,1_app_opened,app_opened,B(개선 UI),외곽 주거지(초월읍 등)
5869,2_home_viewed,home_viewed,B(개선 UI),외곽 주거지(초월읍 등)
5870,1_app_opened,app_opened,B(개선 UI),도심권
5870,2_home_viewed,home_viewed,B(개선 UI),도심권
5871,1_app_opened,app_opened,A(기존 UI),도심권
5872,1_app_opened,app_opened,A(기존 UI),도심권
5872,2_home_viewed,home_viewed,A(기존 UI),도심권
5873,1_app_opened,app_opened,B(개선 UI),도심권
5874,1_app_opened,app_opened,B(개선 UI),도심권
5874,2_home_viewed,home_viewed,B(개선 UI),도심권
5874,3_cart_interacted,cart_interacted,B(개선 UI),도심권
5874,4_purchase_completed,purchase_completed,B(개선 UI),도심권
5875,1_app_opened,app_opened,A(기존 UI),도심권
5875,2_home_viewed,home_viewed,A(기존 UI),도심권
5876,1_app_opened,app_opened,A(기존 UI),외곽 주거지(초월읍 등)
5877,1_app_opened,app_opened,B(개선 UI),도심권
5877,2_home_viewed,home_viewed,B(개선 UI),도심권
5877,3_cart_interacted,cart_interacted,B(개선 UI),도심권
5878,1_app_opened,app_opened,B(개선 UI),도심권
5879,1_app_opened,app_opened,A(기존 UI),도심권
5880,1_app_opened,app_opened,A(기존 UI),도심권
5881,1_app_opened,app_opened,A(기존 UI),도심권
5882,1_app_opened,app_opened,B(개선 UI),도심권
5882,2_home_viewed,home_viewed,B(개선 UI),도심권
5883,1_app_opened,app_opened,A(기존 UI),도심권
5884,1_app_opened,app_opened,B(개선 UI),도심권
5884,2_home_viewed,home_viewed,B(개선 UI),도심권
5884,3_cart_interacted,cart_interacted,B(개선 UI),도심권
5885,1_app_opened,app_opened,A(기존 UI),외곽 주거지(초월읍 등)
5885,2_home_viewed,home_viewed,A(기존 UI),외곽 주거지(초월읍 등)
5886,1_app_opened,app_opened,A(기존 UI),도심권
5887,1_app_opened,app_opened,B(개선 UI),도심권
5887,2_home_viewed,home_viewed,B(개선 UI),도심권
5888,1_app_opened,app_opened,B(개선 UI),도심권
5889,1_app_opened,app_opened,B(개선 UI),도심권
5890,1_app_opened,app_opened,A(기존 UI),외곽 주거지(초월읍 등)
5891,1_app_opened,app_opened,B(개선 UI),도심권
5892,1_app_opened,app_opened,B(개선 UI),도심권
5893,1_app_opened,app_opened,A(기존 UI),외곽 주거지(초월읍 등)
5894,1_app_opened,app_opened,A(기존 UI),도심권
5895,1_app_opened,app_opened,A(기존 UI),도심권
5896,1_app_opened,app_opened,A(기존 UI),도심권
5896,2_home_viewed,home_viewed,A(기존 UI),도심권
5897,1_app_opened,app_opened,B(개선 UI),도심권
5897,2_home_viewed,home_viewed,B(개선 UI),도심권
5898,1_app_opened,app_opened,A(기존 UI),외곽 주거지(초월읍 등)
5898,2_home_viewed,home_viewed,A(기존 UI),외곽 주거지(초월읍 등)
5899,1_app_opened,app_opened,B(개선 UI),도심권
5900,1_app_opened,app_opened,B(개선 UI),도심권
5900,2_home_viewed,home_viewed,B(개선 UI),도심권
5900,3_cart_interacted,cart_interacted,B(개선 UI),도심권
5901,1_app_opened,app_opened,B(개선 UI),도심권
5901,2_home_viewed,home_viewed,B(개선 UI),도심권
5902,1_app_opened,app_opened,B(개선 UI),도심권
5903,1_app_opened,app_opened,A(기존 UI),도심권
5904,1_app_opened,app_opened,A(기존 UI),도심권
5905,1_app_opened,app_opened,A(기존 UI),도심권
5906,1_app_opened,app_opened,B(개선 UI),도심권
5907,1_app_opened,app_opened,A(기존 UI),외곽 주거지(초월읍 등)
5907,2_home_viewed,home_viewed,A(기존 UI),외곽 주거지(초월읍 등)
5908,1_app_opened,app_opened,B(개선 UI),도심권
5909,1_app_opened,app_opened,A(기존 UI),도심권
5909,2_home_viewed,home_viewed,A(기존 UI),도심권
5909,3_cart_interacted,cart_interacted,A(기존 UI),도심권
5909,4_purchase_completed,purchase_completed,A(기존 UI),도심권
5910,1_app_opened,app_opened,A(기존 UI),도심권
5911,1_app_opened,app_opened,A(기존 UI),외곽 주거지(초월읍 등)
5912,1_app_opened,app_opened,B(개선 UI),외곽 주거지(초월읍 등)
5912,2_home_viewed,home_viewed,B(개선 UI),외곽 주거지(초월읍 등)
5912,3_cart_interacted,cart_interacted,B(개선 UI),외곽 주거지(초월읍 등)
5913,1_app_opened,app_opened,B(개선 UI),외곽 주거지(초월읍 등)
5913,2_home_viewed,home_viewed,B(개선 UI),외곽 주거지(초월읍 등)
5914,1_app_opened,app_opened,A(기존 UI),도심권
5915,1_app_opened,app_opened,B(개선 UI),외곽 주거지(초월읍 등)
5915,2_home_viewed,home_viewed,B(개선 UI),외곽 주거지(초월읍 등)
5916,1_app_opened,app_opened,A(기존 UI),도심권
5917,1_app_opened,app_opened,B(개선 UI),도심권
5917,2_home_viewed,home_viewed,B(개선 UI),도심권
5917,3_cart_interacted,cart_interacted,B(개선 UI),도심권
5918,1_app_opened,app_opened,B(개선 UI),도심권
5918,2_home_viewed,home_viewed,B(개선 UI),도심권
5919,1_app_opened,app_opened,A(기존 UI),외곽 주거지(초월읍 등)
5920,1_app_opened,app_opened,B(개선 UI),외곽 주거지(초월읍 등)
5920,2_home_viewed,home_viewed,B(개선 UI),외곽 주거지(초월읍 등)
5921,1_app_opened,app_opened,A(기존 UI),외곽 주거지(초월읍 등)
5922,1_app_opened,app_opened,B(개선 UI),외곽 주거지(초월읍 등)
5922,2_home_viewed,home_viewed,B(개선 UI),외곽 주거지(초월읍 등)
5923,1_app_opened,app_opened,A(기존 UI),도심권
5924,1_app_opened,app_opened,B(개선 UI),도심권
5924,2_home_viewed,home_viewed,B(개선 UI),도심권
5924,3_cart_interacted,cart_interacted,B(개선 UI),도심권
5925,1_app_opened,app_opened,A(기존 UI),도심권
5926,1_app_opened,app_opened,B(개선 UI),외곽 주거지(초월읍 등)
5927,1_app_opened,app_opened,B(개선 UI),도심권
5928,1_app_opened,app_opened,B(개선 UI),외곽 주거지(초월읍 등)
5928,2_home_viewed,home_viewed,B(개선 UI),외곽 주거지(초월읍 등)
5929,1_app_opened,app_opened,B(개선 UI),도심권
5930,1_app_opened,app_opened,B(개선 UI),도심권
5930,2_home_viewed,home_viewed,B(개선 UI),도심권
5931,1_app_opened,app_opened,A(기존 UI),도심권
5931,2_home_viewed,home_viewed,A(기존 UI),도심권
5932,1_app_opened,app_opened,A(기존 UI),도심권
5933,1_app_opened,app_opened,A(기존 UI),외곽 주거지(초월읍 등)
5934,1_app_opened,app_opened,B(개선 UI),도심권
5935,1_app_opened,app_opened,A(기존 UI),도심권
5936,1_app_opened,app_opened,B(개선 UI),도심권
5936,2_home_viewed,home_viewed,B(개선 UI),도심권
5937,1_app_opened,app_opened,B(개선 UI),도심권
5938,1_app_opened,app_opened,A(기존 UI),도심권
5938,2_home_viewed,home_viewed,A(기존 UI),도심권
5939,1_app_opened,app_opened,A(기존 UI),도심권
5940,1_app_opened,app_opened,A(기존 UI),외곽 주거지(초월읍 등)
5941,1_app_opened,app_opened,A(기존 UI),도심권
5942,1_app_opened,app_opened,A(기존 UI),도심권
5943,1_app_opened,app_opened,A(기존 UI),도심권
5943,2_home_viewed,home_viewed,A(기존 UI),도심권
5944,1_app_opened,app_opened,B(개선 UI),도심권
5944,2_home_viewed,home_viewed,B(개선 UI),도심권
5945,1_app_opened,app_opened,B(개선 UI),도심권
5946,1_app_opened,app_opened,A(기존 UI),도심권
5947,1_app_opened,app_opened,A(기존 UI),도심권
5948,1_app_opened,app_opened,A(기존 UI),도심권
5949,1_app_opened,app_opened,B(개선 UI),도심권
5949,2_home_viewed,home_viewed,B(개선 UI),도심권
5949,3_cart_interacted,cart_interacted,B(개선 UI),도심권
5950,1_app_opened,app_opened,B(개선 UI),외곽 주거지(초월읍 등)
5950,2_home_viewed,home_viewed,B(개선 UI),외곽 주거지(초월읍 등)
5951,1_app_opened,app_opened,A(기존 UI),외곽 주거지(초월읍 등)
5952,1_app_opened,app_opened,A(기존 UI),도심권
5953,1_app_opened,app_opened,B(개선 UI),도심권
5953,2_home_viewed,home_viewed,B(개선 UI),도심권
5954,1_app_opened,app_opened,B(개선 UI),도심권
5954,2_home_viewed,home_viewed,B(개선 UI),도심권
5954,3_cart_interacted,cart_interacted,B(개선 UI),도심권
5955,1_app_opened,app_opened,A(기존 UI),도심권
5956,1_app_opened,app_opened,B(개선 UI),외곽 주거지(초월읍 등)
5957,1_app_opened,app_opened,A(기존 UI),외곽 주거지(초월읍 등)
5957,2_home_viewed,home_viewed,A(기존 UI),외곽 주거지(초월읍 등)
5958,1_app_opened,app_opened,A(기존 UI),도심권
5959,1_app_opened,app_opened,B(개선 UI),도심권
5960,1_app_opened,app_opened,B(개선 UI),도심권
5961,1_app_opened,app_opened,A(기존 UI),도심권
5961,2_home_viewed,home_viewed,A(기존 UI),도심권
5961,3_cart_interacted,cart_interacted,A(기존 UI),도심권
5961,4_purchase_completed,purchase_completed,A(기존 UI),도심권
5962,1_app_opened,app_opened,B(개선 UI),외곽 주거지(초월읍 등)
5963,1_app_opened,app_opened,A(기존 UI),도심권
5963,2_home_viewed,home_viewed,A(기존 UI),도심권
5964,1_app_opened,app_opened,B(개선 UI),도심권
5964,2_home_viewed,home_viewed,B(개선 UI),도심권
5964,3_cart_interacted,cart_interacted,B(개선 UI),도심권
5964,4_purchase_completed,purchase_completed,B(개선 UI),도심권
5965,1_app_opened,app_opened,A(기존 UI),도심권
5966,1_app_opened,app_opened,B(개선 UI),도심권
5966,2_home_viewed,home_viewed,B(개선 UI),도심권
5967,1_app_opened,app_opened,B(개선 UI),도심권
5967,2_home_viewed,home_viewed,B(개선 UI),도심권
5968,1_app_opened,app_opened,A(기존 UI),도심권
5969,1_app_opened,app_opened,B(개선 UI),도심권
5969,2_home_viewed,home_viewed,B(개선 UI),도심권
5969,3_cart_interacted,cart_interacted,B(개선 UI),도심권
5970,1_app_opened,app_opened,B(개선 UI),외곽 주거지(초월읍 등)
5970,2_home_viewed,home_viewed,B(개선 UI),외곽 주거지(초월읍 등)
5971,1_app_opened,app_opened,B(개선 UI),외곽 주거지(초월읍 등)
5971,2_home_viewed,home_viewed,B(개선 UI),외곽 주거지(초월읍 등)
5972,1_app_opened,app_opened,A(기존 UI),도심권
5973,1_app_opened,app_opened,B(개선 UI),외곽 주거지(초월읍 등)
5973,2_home_viewed,home_viewed,B(개선 UI),외곽 주거지(초월읍 등)
5974,1_app_opened,app_opened,B(개선 UI),도심권
5975,1_app_opened,app_opened,A(기존 UI),외곽 주거지(초월읍 등)
5976,1_app_opened,app_opened,B(개선 UI),외곽 주거지(초월읍 등)
5976,2_home_viewed,home_viewed,B(개선 UI),외곽 주거지(초월읍 등)
5977,1_app_opened,app_opened,A(기존 UI),도심권
5978,1_app_opened,app_opened,A(기존 UI),외곽 주거지(초월읍 등)
5979,1_app_opened,app_opened,B(개선 UI),도심권
5980,1_app_opened,app_opened,B(개선 UI),도심권
5981,1_app_opened,app_opened,B(개선 UI),도심권
5982,1_app_opened,app_opened,A(기존 UI),외곽 주거지(초월읍 등)
5983,1_app_opened,app_opened,B(개선 UI),외곽 주거지(초월읍 등)
5984,1_app_opened,app_opened,A(기존 UI),도심권
5985,1_app_opened,app_opened,A(기존 UI),도심권
5986,1_app_opened,app_opened,A(기존 UI),도심권
5986,2_home_viewed,home_viewed,A(기존 UI),도심권
5987,1_app_opened,app_opened,B(개선 UI),외곽 주거지(초월읍 등)
5987,2_home_viewed,home_viewed,B(개선 UI),외곽 주거지(초월읍 등)
5987,3_cart_interacted,cart_interacted,B(개선 UI),외곽 주거지(초월읍 등)
5988,1_app_opened,app_opened,B(개선 UI),도심권
5988,2_home_viewed,home_viewed,B(개선 UI),도심권
5989,1_app_opened,app_opened,B(개선 UI),외곽 주거지(초월읍 등)
5989,2_home_viewed,home_viewed,B(개선 UI),외곽 주거지(초월읍 등)
5989,3_cart_interacted,cart_interacted,B(개선 UI),외곽 주거지(초월읍 등)
5990,1_app_opened,app_opened,B(개선 UI),도심권
5991,1_app_opened,app_opened,A(기존 UI),도심권
5992,1_app_opened,app_opened,B(개선 UI),도심권
5992,2_home_viewed,home_viewed,B(개선 UI),도심권
5992,3_cart_interacted,cart_interacted,B(개선 UI),도심권
5993,1_app_opened,app_opened,A(기존 UI),외곽 주거지(초월읍 등)
5994,1_app_opened,app_opened,A(기존 UI),도심권
5995,1_app_opened,app_opened,A(기존 UI),외곽 주거지(초월읍 등)
5996,1_app_opened,app_opened,B(개선 UI),도심권
5996,2_home_viewed,home_viewed,B(개선 UI),도심권
5996,3_cart_interacted,cart_interacted,B(개선 UI),도심권
5996,4_purchase_completed,purchase_completed,B(개선 UI),도심권
5997,1_app_opened,app_opened,B(개선 UI),도심권
5998,1_app_opened,app_opened,B(개선 UI),외곽 주거지(초월읍 등)
5998,2_home_viewed,home_viewed,B(개선 UI),외곽 주거지(초월읍 등)
5999,1_app_opened,app_opened,A(기존 UI),외곽 주거지(초월읍 등)
6000,1_app_opened,app_opened,A(기존 UI),외곽 주거지(초월읍 등)
6001,1_app_opened,app_opened,B(개선 UI),도심권
6001,2_home_viewed,home_viewed,B(개선 UI),도심권
6001,3_cart_interacted,cart_interacted,B(개선 UI),도심권
6002,1_app_opened,app_opened,A(기존 UI),도심권
6003,1_app_opened,app_opened,B(개선 UI),도심권
6003,2_home_viewed,home_viewed,B(개선 UI),도심권
6003,3_cart_interacted,cart_interacted,B(개선 UI),도심권
6004,1_app_opened,app_opened,B(개선 UI),도심권
6004,2_home_viewed,home_viewed,B(개선 UI),도심권
6005,1_app_opened,app_opened,A(기존 UI),외곽 주거지(초월읍 등)
6006,1_app_opened,app_opened,B(개선 UI),도심권
6006,2_home_viewed,home_viewed,B(개선 UI),도심권
6007,1_app_opened,app_opened,B(개선 UI),도심권
6007,2_home_viewed,home_viewed,B(개선 UI),도심권
6008,1_app_opened,app_opened,A(기존 UI),도심권
6009,1_app_opened,app_opened,B(개선 UI),도심권
6010,1_app_opened,app_opened,A(기존 UI),도심권
6011,1_app_opened,app_opened,B(개선 UI),도심권
6012,1_app_opened,app_opened,B(개선 UI),도심권
6012,2_home_viewed,home_viewed,B(개선 UI),도심권
6012,3_cart_interacted,cart_interacted,B(개선 UI),도심권
6012,4_purchase_completed,purchase_completed,B(개선 UI),도심권
6013,1_app_opened,app_opened,B(개선 UI),도심권
6013,2_home_viewed,home_viewed,B(개선 UI),도심권
6014,1_app_opened,app_opened,B(개선 UI),외곽 주거지(초월읍 등)
6015,1_app_opened,app_opened,A(기존 UI),도심권
6016,1_app_opened,app_opened,B(개선 UI),도심권
6017,1_app_opened,app_opened,A(기존 UI),외곽 주거지(초월읍 등)
6018,1_app_opened,app_opened,B(개선 UI),외곽 주거지(초월읍 등)
6019,1_app_opened,app_opened,B(개선 UI),외곽 주거지(초월읍 등)
6019,2_home_viewed,home_viewed,B(개선 UI),외곽 주거지(초월읍 등)
6020,1_app_opened,app_opened,A(기존 UI),외곽 주거지(초월읍 등)
6021,1_app_opened,app_opened,A(기존 UI),도심권
6022,1_app_opened,app_opened,B(개선 UI),도심권
6022,2_home_viewed,home_viewed,B(개선 UI),도심권
6022,3_cart_interacted,cart_interacted,B(개선 UI),도심권
6022,4_purchase_completed,purchase_completed,B(개선 UI),도심권
6023,1_app_opened,app_opened,B(개선 UI),도심권
6023,2_home_viewed,home_viewed,B(개선 UI),도심권
6024,1_app_opened,app_opened,A(기존 UI),도심권
6024,2_home_viewed,home_viewed,A(기존 UI),도심권
6025,1_app_opened,app_opened,A(기존 UI),외곽 주거지(초월읍 등)
6026,1_app_opened,app_opened,A(기존 UI),도심권
6027,1_app_opened,app_opened,B(개선 UI),외곽 주거지(초월읍 등)
6027,2_home_viewed,home_viewed,B(개선 UI),외곽 주거지(초월읍 등)
6027,3_cart_interacted,cart_interacted,B(개선 UI),외곽 주거지(초월읍 등)
6028,1_app_opened,app_opened,A(기존 UI),외곽 주거지(초월읍 등)
6029,1_app_opened,app_opened,B(개선 UI),도심권
6029,2_home_viewed,home_viewed,B(개선 UI),도심권
6030,1_app_opened,app_opened,A(기존 UI),외곽 주거지(초월읍 등)
6031,1_app_opened,app_opened,B(개선 UI),도심권
6031,2_home_viewed,home_viewed,B(개선 UI),도심권
6032,1_app_opened,app_opened,A(기존 UI),도심권
6033,1_app_opened,app_opened,B(개선 UI),외곽 주거지(초월읍 등)
6034,1_app_opened,app_opened,A(기존 UI),도심권
6035,1_app_opened,app_opened,B(개선 UI),외곽 주거지(초월읍 등)
6035,2_home_viewed,home_viewed,B(개선 UI),외곽 주거지(초월읍 등)
6035,3_cart_interacted,cart_interacted,B(개선 UI),외곽 주거지(초월읍 등)
6036,1_app_opened,app_opened,A(기존 UI),도심권
6036,2_home_viewed,home_viewed,A(기존 UI),도심권
6037,1_app_opened,app_opened,B(개선 UI),도심권
6037,2_home_viewed,home_viewed,B(개선 UI),도심권
6038,1_app_opened,app_opened,B(개선 UI),외곽 주거지(초월읍 등)
6038,2_home_viewed,home_viewed,B(개선 UI),외곽 주거지(초월읍 등)
6039,1_app_opened,app_opened,A(기존 UI),도심권
6039,2_home_viewed,home_viewed,A(기존 UI),도심권
6040,1_app_opened,app_opened,B(개선 UI),도심권
6041,1_app_opened,app_opened,B(개선 UI),도심권
6041,2_home_viewed,home_viewed,B(개선 UI),도심권
6042,1_app_opened,app_opened,A(기존 UI),외곽 주거지(초월읍 등)
6043,1_app_opened,app_opened,A(기존 UI),도심권
6043,2_home_viewed,home_viewed,A(기존 UI),도심권
6044,1_app_opened,app_opened,A(기존 UI),외곽 주거지(초월읍 등)
6045,1_app_opened,app_opened,B(개선 UI),도심권
6045,2_home_viewed,home_viewed,B(개선 UI),도심권
6046,1_app_opened,app_opened,B(개선 UI),도심권
6046,2_home_viewed,home_viewed,B(개선 UI),도심권
6046,3_cart_interacted,cart_interacted,B(개선 UI),도심권
6046,4_purchase_completed,purchase_completed,B(개선 UI),도심권
6047,1_app_opened,app_opened,A(기존 UI),외곽 주거지(초월읍 등)
6048,1_app_opened,app_opened,B(개선 UI),도심권
6049,1_app_opened,app_opened,B(개선 UI),도심권
6049,2_home_viewed,home_viewed,B(개선 UI),도심권
6049,3_cart_interacted,cart_interacted,B(개선 UI),도심권
6050,1_app_opened,app_opened,B(개선 UI),외곽 주거지(초월읍 등)
6050,2_home_viewed,home_viewed,B(개선 UI),외곽 주거지(초월읍 등)
6051,1_app_opened,app_opened,B(개선 UI),외곽 주거지(초월읍 등)
6051,2_home_viewed,home_viewed,B(개선 UI),외곽 주거지(초월읍 등)
6052,1_app_opened,app_opened,B(개선 UI),도심권
6053,1_app_opened,app_opened,B(개선 UI),도심권
6054,1_app_opened,app_opened,A(기존 UI),외곽 주거지(초월읍 등)
6055,1_app_opened,app_opened,B(개선 UI),외곽 주거지(초월읍 등)
6055,2_home_viewed,home_viewed,B(개선 UI),외곽 주거지(초월읍 등)
6056,1_app_opened,app_opened,A(기존 UI),외곽 주거지(초월읍 등)
6057,1_app_opened,app_opened,A(기존 UI),도심권
6058,1_app_opened,app_opened,A(기존 UI),외곽 주거지(초월읍 등)
6059,1_app_opened,app_opened,B(개선 UI),도심권
6059,2_home_viewed,home_viewed,B(개선 UI),도심권
6059,3_cart_interacted,cart_interacted,B(개선 UI),도심권
6059,4_purchase_completed,purchase_completed,B(개선 UI),도심권
6060,1_app_opened,app_opened,B(개선 UI),도심권
6060,2_home_viewed,home_viewed,B(개선 UI),도심권
6061,1_app_opened,app_opened,A(기존 UI),도심권
6062,1_app_opened,app_opened,A(기존 UI),도심권
6063,1_app_opened,app_opened,A(기존 UI),도심권
6064,1_app_opened,app_opened,B(개선 UI),도심권
6065,1_app_opened,app_opened,A(기존 UI),도심권
6066,1_app_opened,app_opened,B(개선 UI),도심권
6066,2_home_viewed,home_viewed,B(개선 UI),도심권
6067,1_app_opened,app_opened,A(기존 UI),도심권
6068,1_app_opened,app_opened,A(기존 UI),도심권
6069,1_app_opened,app_opened,A(기존 UI),도심권
6070,1_app_opened,app_opened,A(기존 UI),도심권
6071,1_app_opened,app_opened,B(개선 UI),도심권
6071,2_home_viewed,home_viewed,B(개선 UI),도심권
6072,1_app_opened,app_opened,A(기존 UI),도심권
6073,1_app_opened,app_opened,A(기존 UI),외곽 주거지(초월읍 등)
6074,1_app_opened,app_opened,A(기존 UI),외곽 주거지(초월읍 등)
6075,1_app_opened,app_opened,A(기존 UI),외곽 주거지(초월읍 등)
6076,1_app_opened,app_opened,A(기존 UI),도심권
6077,1_app_opened,app_opened,A(기존 UI),도심권
6077,2_home_viewed,home_viewed,A(기존 UI),도심권
6078,1_app_opened,app_opened,B(개선 UI),도심권
6078,2_home_viewed,home_viewed,B(개선 UI),도심권
6078,3_cart_interacted,cart_interacted,B(개선 UI),도심권
6078,4_purchase_completed,purchase_completed,B(개선 UI),도심권
6079,1_app_opened,app_opened,B(개선 UI),외곽 주거지(초월읍 등)
6079,2_home_viewed,home_viewed,B(개선 UI),외곽 주거지(초월읍 등)
6079,3_cart_interacted,cart_interacted,B(개선 UI),외곽 주거지(초월읍 등)
6080,1_app_opened,app_opened,A(기존 UI),도심권
6081,1_app_opened,app_opened,A(기존 UI),도심권
6081,2_home_viewed,home_viewed,A(기존 UI),도심권
6082,1_app_opened,app_opened,B(개선 UI),도심권
6082,2_home_viewed,home_viewed,B(개선 UI),도심권
6083,1_app_opened,app_opened,A(기존 UI),도심권
6084,1_app_opened,app_opened,A(기존 UI),외곽 주거지(초월읍 등)
6085,1_app_opened,app_opened,A(기존 UI),외곽 주거지(초월읍 등)
6086,1_app_opened,app_opened,A(기존 UI),외곽 주거지(초월읍 등)
6087,1_app_opened,app_opened,B(개선 UI),도심권
6088,1_app_opened,app_opened,A(기존 UI),외곽 주거지(초월읍 등)
6088,2_home_viewed,home_viewed,A(기존 UI),외곽 주거지(초월읍 등)
6089,1_app_opened,app_opened,B(개선 UI),도심권
6089,2_home_viewed,home_viewed,B(개선 UI),도심권
6089,3_cart_interacted,cart_interacted,B(개선 UI),도심권
6090,1_app_opened,app_opened,A(기존 UI),외곽 주거지(초월읍 등)
6091,1_app_opened,app_opened,A(기존 UI),도심권
6092,1_app_opened,app_opened,B(개선 UI),도심권
6093,1_app_opened,app_opened,A(기존 UI),도심권
6094,1_app_opened,app_opened,B(개선 UI),도심권
6094,2_home_viewed,home_viewed,B(개선 UI),도심권
6095,1_app_opened,app_opened,A(기존 UI),외곽 주거지(초월읍 등)
6096,1_app_opened,app_opened,B(개선 UI),외곽 주거지(초월읍 등)
6096,2_home_viewed,home_viewed,B(개선 UI),외곽 주거지(초월읍 등)
6096,3_cart_interacted,cart_interacted,B(개선 UI),외곽 주거지(초월읍 등)
6097,1_app_opened,app_opened,A(기존 UI),도심권
6098,1_app_opened,app_opened,B(개선 UI),도심권
6099,1_app_opened,app_opened,A(기존 UI),도심권
6100,1_app_opened,app_opened,B(개선 UI),외곽 주거지(초월읍 등)
6100,2_home_viewed,home_viewed,B(개선 UI),외곽 주거지(초월읍 등)
6101,1_app_opened,app_opened,A(기존 UI),도심권
6102,1_app_opened,app_opened,B(개선 UI),도심권
6102,2_home_viewed,home_viewed,B(개선 UI),도심권
6103,1_app_opened,app_opened,A(기존 UI),도심권
6103,2_home_viewed,home_viewed,A(기존 UI),도심권
6104,1_app_opened,app_opened,B(개선 UI),도심권
6105,1_app_opened,app_opened,A(기존 UI),외곽 주거지(초월읍 등)
6106,1_app_opened,app_opened,A(기존 UI),도심권
6107,1_app_opened,app_opened,A(기존 UI),도심권
6107,2_home_viewed,home_viewed,A(기존 UI),도심권
6108,1_app_opened,app_opened,A(기존 UI),외곽 주거지(초월읍 등)
6109,1_app_opened,app_opened,A(기존 UI),도심권
6109,2_home_viewed,home_viewed,A(기존 UI),도심권
6110,1_app_opened,app_opened,B(개선 UI),도심권
6110,2_home_viewed,home_viewed,B(개선 UI),도심권
6111,1_app_opened,app_opened,B(개선 UI),도심권
6111,2_home_viewed,home_viewed,B(개선 UI),도심권
6112,1_app_opened,app_opened,A(기존 UI),도심권
6113,1_app_opened,app_opened,B(개선 UI),도심권
6114,1_app_opened,app_opened,B(개선 UI),외곽 주거지(초월읍 등)
6115,1_app_opened,app_opened,A(기존 UI),외곽 주거지(초월읍 등)
6116,1_app_opened,app_opened,B(개선 UI),외곽 주거지(초월읍 등)
6117,1_app_opened,app_opened,B(개선 UI),외곽 주거지(초월읍 등)
6117,2_home_viewed,home_viewed,B(개선 UI),외곽 주거지(초월읍 등)
6118,1_app_opened,app_opened,B(개선 UI),도심권
6119,1_app_opened,app_opened,A(기존 UI),도심권
6120,1_app_opened,app_opened,B(개선 UI),도심권
6120,2_home_viewed,home_viewed,B(개선 UI),도심권
6121,1_app_opened,app_opened,A(기존 UI),외곽 주거지(초월읍 등)
6122,1_app_opened,app_opened,A(기존 UI),도심권
6123,1_app_opened,app_opened,A(기존 UI),도심권
6123,2_home_viewed,home_viewed,A(기존 UI),도심권
6124,1_app_opened,app_opened,B(개선 UI),도심권
6125,1_app_opened,app_opened,B(개선 UI),도심권
6125,2_home_viewed,home_viewed,B(개선 UI),도심권
6126,1_app_opened,app_opened,B(개선 UI),도심권
6127,1_app_opened,app_opened,B(개선 UI),외곽 주거지(초월읍 등)
6127,2_home_viewed,home_viewed,B(개선 UI),외곽 주거지(초월읍 등)
6128,1_app_opened,app_opened,A(기존 UI),도심권
6129,1_app_opened,app_opened,A(기존 UI),외곽 주거지(초월읍 등)
6130,1_app_opened,app_opened,A(기존 UI),도심권
6131,1_app_opened,app_opened,A(기존 UI),외곽 주거지(초월읍 등)
6132,1_app_opened,app_opened,B(개선 UI),외곽 주거지(초월읍 등)
6132,2_home_viewed,home_viewed,B(개선 UI),외곽 주거지(초월읍 등)
6133,1_app_opened,app_opened,B(개선 UI),외곽 주거지(초월읍 등)
6133,2_home_viewed,home_viewed,B(개선 UI),외곽 주거지(초월읍 등)
6134,1_app_opened,app_opened,A(기존 UI),도심권
6135,1_app_opened,app_opened,A(기존 UI),도심권
6136,1_app_opened,app_opened,A(기존 UI),도심권
6137,1_app_opened,app_opened,A(기존 UI),도심권
6138,1_app_opened,app_opened,B(개선 UI),도심권
6139,1_app_opened,app_opened,B(개선 UI),외곽 주거지(초월읍 등)
6140,1_app_opened,app_opened,B(개선 UI),도심권
6141,1_app_opened,app_opened,A(기존 UI),도심권
6142,1_app_opened,app_opened,A(기존 UI),도심권
6142,2_home_viewed,home_viewed,A(기존 UI),도심권
6143,1_app_opened,app_opened,A(기존 UI),외곽 주거지(초월읍 등)
6144,1_app_opened,app_opened,B(개선 UI),외곽 주거지(초월읍 등)
6144,2_home_viewed,home_viewed,B(개선 UI),외곽 주거지(초월읍 등)
6144,3_cart_interacted,cart_interacted,B(개선 UI),외곽 주거지(초월읍 등)
6145,1_app_opened,app_opened,B(개선 UI),도심권
6145,2_home_viewed,home_viewed,B(개선 UI),도심권
6146,1_app_opened,app_opened,A(기존 UI),도심권
6147,1_app_opened,app_opened,B(개선 UI),외곽 주거지(초월읍 등)
6148,1_app_opened,app_opened,A(기존 UI),도심권
6149,1_app_opened,app_opened,B(개선 UI),도심권
6149,2_home_viewed,home_viewed,B(개선 UI),도심권
6149,3_cart_interacted,cart_interacted,B(개선 UI),도심권
6149,4_purchase_completed,purchase_completed,B(개선 UI),도심권
6150,1_app_opened,app_opened,B(개선 UI),외곽 주거지(초월읍 등)
6151,1_app_opened,app_opened,B(개선 UI),외곽 주거지(초월읍 등)
6151,2_home_viewed,home_viewed,B(개선 UI),외곽 주거지(초월읍 등)
6152,1_app_opened,app_opened,B(개선 UI),도심권
6152,2_home_viewed,home_viewed,B(개선 UI),도심권
6152,3_cart_interacted,cart_interacted,B(개선 UI),도심권
6153,1_app_opened,app_opened,A(기존 UI),도심권
6154,1_app_opened,app_opened,A(기존 UI),도심권
6154,2_home_viewed,home_viewed,A(기존 UI),도심권
6154,3_cart_interacted,cart_interacted,A(기존 UI),도심권
6154,4_purchase_completed,purchase_completed,A(기존 UI),도심권
6155,1_app_opened,app_opened,A(기존 UI),도심권
6156,1_app_opened,app_opened,A(기존 UI),도심권
6157,1_app_opened,app_opened,B(개선 UI),도심권
6157,2_home_viewed,home_viewed,B(개선 UI),도심권
6158,1_app_opened,app_opened,B(개선 UI),도심권
6159,1_app_opened,app_opened,A(기존 UI),도심권
6160,1_app_opened,app_opened,B(개선 UI),도심권
6161,1_app_opened,app_opened,A(기존 UI),도심권
6162,1_app_opened,app_opened,A(기존 UI),도심권
6162,2_home_viewed,home_viewed,A(기존 UI),도심권
6163,1_app_opened,app_opened,A(기존 UI),도심권
6164,1_app_opened,app_opened,A(기존 UI),도심권
6164,2_home_viewed,home_viewed,A(기존 UI),도심권
6164,3_cart_interacted,cart_interacted,A(기존 UI),도심권
6164,4_purchase_completed,purchase_completed,A(기존 UI),도심권
6165,1_app_opened,app_opened,A(기존 UI),도심권
6166,1_app_opened,app_opened,A(기존 UI),외곽 주거지(초월읍 등)
6166,2_home_viewed,home_viewed,A(기존 UI),외곽 주거지(초월읍 등)
6167,1_app_opened,app_opened,A(기존 UI),도심권
6167,2_home_viewed,home_viewed,A(기존 UI),도심권
6168,1_app_opened,app_opened,B(개선 UI),외곽 주거지(초월읍 등)
6168,2_home_viewed,home_viewed,B(개선 UI),외곽 주거지(초월읍 등)
6168,3_cart_interacted,cart_interacted,B(개선 UI),외곽 주거지(초월읍 등)
6169,1_app_opened,app_opened,A(기존 UI),도심권
6170,1_app_opened,app_opened,A(기존 UI),도심권
6171,1_app_opened,app_opened,A(기존 UI),도심권
6172,1_app_opened,app_opened,B(개선 UI),도심권
6173,1_app_opened,app_opened,A(기존 UI),외곽 주거지(초월읍 등)
6174,1_app_opened,app_opened,B(개선 UI),외곽 주거지(초월읍 등)
6174,2_home_viewed,home_viewed,B(개선 UI),외곽 주거지(초월읍 등)
6174,3_cart_interacted,cart_interacted,B(개선 UI),외곽 주거지(초월읍 등)
6175,1_app_opened,app_opened,B(개선 UI),외곽 주거지(초월읍 등)
6175,2_home_viewed,home_viewed,B(개선 UI),외곽 주거지(초월읍 등)
6176,1_app_opened,app_opened,B(개선 UI),도심권
6176,2_home_viewed,home_viewed,B(개선 UI),도심권
6176,3_cart_interacted,cart_interacted,B(개선 UI),도심권
6176,4_purchase_completed,purchase_completed,B(개선 UI),도심권
6177,1_app_opened,app_opened,B(개선 UI),도심권
6178,1_app_opened,app_opened,A(기존 UI),도심권
6179,1_app_opened,app_opened,A(기존 UI),도심권
6180,1_app_opened,app_opened,A(기존 UI),도심권
6181,1_app_opened,app_opened,B(개선 UI),외곽 주거지(초월읍 등)
6181,2_home_viewed,home_viewed,B(개선 UI),외곽 주거지(초월읍 등)
6182,1_app_opened,app_opened,A(기존 UI),외곽 주거지(초월읍 등)
6183,1_app_opened,app_opened,A(기존 UI),도심권
6184,1_app_opened,app_opened,B(개선 UI),도심권
6185,1_app_opened,app_opened,A(기존 UI),도심권
6186,1_app_opened,app_opened,B(개선 UI),도심권
6187,1_app_opened,app_opened,B(개선 UI),도심권
6187,2_home_viewed,home_viewed,B(개선 UI),도심권
6188,1_app_opened,app_opened,A(기존 UI),외곽 주거지(초월읍 등)
6189,1_app_opened,app_opened,A(기존 UI),도심권
6190,1_app_opened,app_opened,A(기존 UI),도심권
6191,1_app_opened,app_opened,B(개선 UI),도심권
6191,2_home_viewed,home_viewed,B(개선 UI),도심권
6192,1_app_opened,app_opened,B(개선 UI),도심권
6192,2_home_viewed,home_viewed,B(개선 UI),도심권
6193,1_app_opened,app_opened,B(개선 UI),외곽 주거지(초월읍 등)
6193,2_home_viewed,home_viewed,B(개선 UI),외곽 주거지(초월읍 등)
6193,3_cart_interacted,cart_interacted,B(개선 UI),외곽 주거지(초월읍 등)
6193,4_purchase_completed,purchase_completed,B(개선 UI),외곽 주거지(초월읍 등)
6194,1_app_opened,app_opened,B(개선 UI),도심권
6194,2_home_viewed,home_viewed,B(개선 UI),도심권
6195,1_app_opened,app_opened,B(개선 UI),외곽 주거지(초월읍 등)
6195,2_home_viewed,home_viewed,B(개선 UI),외곽 주거지(초월읍 등)
6196,1_app_opened,app_opened,A(기존 UI),도심권
6197,1_app_opened,app_opened,A(기존 UI),외곽 주거지(초월읍 등)
6198,1_app_opened,app_opened,B(개선 UI),도심권
6198,2_home_viewed,home_viewed,B(개선 UI),도심권
6198,3_cart_interacted,cart_interacted,B(개선 UI),도심권
6198,4_purchase_completed,purchase_completed,B(개선 UI),도심권
6199,1_app_opened,app_opened,A(기존 UI),도심권
6200,1_app_opened,app_opened,A(기존 UI),외곽 주거지(초월읍 등)
6201,1_app_opened,app_opened,B(개선 UI),외곽 주거지(초월읍 등)
6201,2_home_viewed,home_viewed,B(개선 UI),외곽 주거지(초월읍 등)
6201,3_cart_interacted,cart_interacted,B(개선 UI),외곽 주거지(초월읍 등)
6202,1_app_opened,app_opened,A(기존 UI),외곽 주거지(초월읍 등)
6203,1_app_opened,app_opened,B(개선 UI),도심권
6204,1_app_opened,app_opened,B(개선 UI),외곽 주거지(초월읍 등)
6204,2_home_viewed,home_viewed,B(개선 UI),외곽 주거지(초월읍 등)
6205,1_app_opened,app_opened,A(기존 UI),외곽 주거지(초월읍 등)
6205,2_home_viewed,home_viewed,A(기존 UI),외곽 주거지(초월읍 등)
6206,1_app_opened,app_opened,B(개선 UI),도심권
6206,2_home_viewed,home_viewed,B(개선 UI),도심권
6207,1_app_opened,app_opened,A(기존 UI),외곽 주거지(초월읍 등)
6208,1_app_opened,app_opened,A(기존 UI),도심권
6209,1_app_opened,app_opened,A(기존 UI),도심권
6210,1_app_opened,app_opened,A(기존 UI),도심권
6211,1_app_opened,app_opened,A(기존 UI),외곽 주거지(초월읍 등)
6212,1_app_opened,app_opened,A(기존 UI),도심권
6212,2_home_viewed,home_viewed,A(기존 UI),도심권
6213,1_app_opened,app_opened,A(기존 UI),도심권
6214,1_app_opened,app_opened,A(기존 UI),도심권
6215,1_app_opened,app_opened,B(개선 UI),도심권
6216,1_app_opened,app_opened,B(개선 UI),도심권
6216,2_home_viewed,home_viewed,B(개선 UI),도심권
6217,1_app_opened,app_opened,A(기존 UI),도심권
6218,1_app_opened,app_opened,A(기존 UI),외곽 주거지(초월읍 등)
6219,1_app_opened,app_opened,A(기존 UI),외곽 주거지(초월읍 등)
6220,1_app_opened,app_opened,A(기존 UI),외곽 주거지(초월읍 등)
6221,1_app_opened,app_opened,B(개선 UI),외곽 주거지(초월읍 등)
6221,2_home_viewed,home_viewed,B(개선 UI),외곽 주거지(초월읍 등)
6222,1_app_opened,app_opened,B(개선 UI),도심권
6222,2_home_viewed,home_viewed,B(개선 UI),도심권
6223,1_app_opened,app_opened,A(기존 UI),도심권
6224,1_app_opened,app_opened,A(기존 UI),도심권
6224,2_home_viewed,home_viewed,A(기존 UI),도심권
6225,1_app_opened,app_opened,A(기존 UI),도심권
6226,1_app_opened,app_opened,B(개선 UI),외곽 주거지(초월읍 등)
6226,2_home_viewed,home_viewed,B(개선 UI),외곽 주거지(초월읍 등)
6227,1_app_opened,app_opened,A(기존 UI),도심권
6228,1_app_opened,app_opened,B(개선 UI),외곽 주거지(초월읍 등)
6229,1_app_opened,app_opened,B(개선 UI),도심권
6230,1_app_opened,app_opened,A(기존 UI),외곽 주거지(초월읍 등)
6231,1_app_opened,app_opened,B(개선 UI),도심권
6232,1_app_opened,app_opened,B(개선 UI),도심권
6232,2_home_viewed,home_viewed,B(개선 UI),도심권
6233,1_app_opened,app_opened,B(개선 UI),외곽 주거지(초월읍 등)
6233,2_home_viewed,home_viewed,B(개선 UI),외곽 주거지(초월읍 등)
6234,1_app_opened,app_opened,A(기존 UI),도심권
6235,1_app_opened,app_opened,A(기존 UI),외곽 주거지(초월읍 등)
6235,2_home_viewed,home_viewed,A(기존 UI),외곽 주거지(초월읍 등)
6236,1_app_opened,app_opened,B(개선 UI),도심권
6236,2_home_viewed,home_viewed,B(개선 UI),도심권
6236,3_cart_interacted,cart_interacted,B(개선 UI),도심권
6237,1_app_opened,app_opened,B(개선 UI),도심권
6238,1_app_opened,app_opened,B(개선 UI),외곽 주거지(초월읍 등)
6238,2_home_viewed,home_viewed,B(개선 UI),외곽 주거지(초월읍 등)
6239,1_app_opened,app_opened,B(개선 UI),도심권
6239,2_home_viewed,home_viewed,B(개선 UI),도심권
6240,1_app_opened,app_opened,B(개선 UI),외곽 주거지(초월읍 등)
6240,2_home_viewed,home_viewed,B(개선 UI),외곽 주거지(초월읍 등)
6241,1_app_opened,app_opened,B(개선 UI),도심권
6241,2_home_viewed,home_viewed,B(개선 UI),도심권
6242,1_app_opened,app_opened,A(기존 UI),도심권
6243,1_app_opened,app_opened,B(개선 UI),도심권
6244,1_app_opened,app_opened,B(개선 UI),도심권
6245,1_app_opened,app_opened,B(개선 UI),도심권
6245,2_home_viewed,home_viewed,B(개선 UI),도심권
6245,3_cart_interacted,cart_interacted,B(개선 UI),도심권
6246,1_app_opened,app_opened,B(개선 UI),도심권
6246,2_home_viewed,home_viewed,B(개선 UI),도심권
6246,3_cart_interacted,cart_interacted,B(개선 UI),도심권
6246,4_purchase_completed,purchase_completed,B(개선 UI),도심권
6247,1_app_opened,app_opened,A(기존 UI),도심권
6247,2_home_viewed,home_viewed,A(기존 UI),도심권
6248,1_app_opened,app_opened,B(개선 UI),도심권
6249,1_app_opened,app_opened,B(개선 UI),도심권
6249,2_home_viewed,home_viewed,B(개선 UI),도심권
6249,3_cart_interacted,cart_interacted,B(개선 UI),도심권
6249,4_purchase_completed,purchase_completed,B(개선 UI),도심권
6250,1_app_opened,app_opened,A(기존 UI),도심권
6251,1_app_opened,app_opened,A(기존 UI),도심권
6252,1_app_opened,app_opened,A(기존 UI),도심권
6253,1_app_opened,app_opened,A(기존 UI),도심권
6254,1_app_opened,app_opened,A(기존 UI),도심권
6255,1_app_opened,app_opened,A(기존 UI),도심권
6256,1_app_opened,app_opened,B(개선 UI),외곽 주거지(초월읍 등)
6256,2_home_viewed,home_viewed,B(개선 UI),외곽 주거지(초월읍 등)
6257,1_app_opened,app_opened,B(개선 UI),외곽 주거지(초월읍 등)
6257,2_home_viewed,home_viewed,B(개선 UI),외곽 주거지(초월읍 등)
6258,1_app_opened,app_opened,B(개선 UI),도심권
6258,2_home_viewed,home_viewed,B(개선 UI),도심권
6258,3_cart_interacted,cart_interacted,B(개선 UI),도심권
6259,1_app_opened,app_opened,B(개선 UI),도심권
6260,1_app_opened,app_opened,A(기존 UI),외곽 주거지(초월읍 등)
6261,1_app_opened,app_opened,A(기존 UI),도심권
6261,2_home_viewed,home_viewed,A(기존 UI),도심권
6261,3_cart_interacted,cart_interacted,A(기존 UI),도심권
6262,1_app_opened,app_opened,B(개선 UI),외곽 주거지(초월읍 등)
6262,2_home_viewed,home_viewed,B(개선 UI),외곽 주거지(초월읍 등)
6263,1_app_opened,app_opened,A(기존 UI),외곽 주거지(초월읍 등)
6264,1_app_opened,app_opened,B(개선 UI),도심권
6265,1_app_opened,app_opened,B(개선 UI),도심권
6266,1_app_opened,app_opened,B(개선 UI),외곽 주거지(초월읍 등)
6266,2_home_viewed,home_viewed,B(개선 UI),외곽 주거지(초월읍 등)
6267,1_app_opened,app_opened,B(개선 UI),외곽 주거지(초월읍 등)
6267,2_home_viewed,home_viewed,B(개선 UI),외곽 주거지(초월읍 등)
6268,1_app_opened,app_opened,A(기존 UI),도심권
6269,1_app_opened,app_opened,A(기존 UI),도심권
6270,1_app_opened,app_opened,B(개선 UI),도심권
6271,1_app_opened,app_opened,A(기존 UI),도심권
6272,1_app_opened,app_opened,B(개선 UI),외곽 주거지(초월읍 등)
6273,1_app_opened,app_opened,A(기존 UI),외곽 주거지(초월읍 등)
6274,1_app_opened,app_opened,B(개선 UI),도심권
6274,2_home_viewed,home_viewed,B(개선 UI),도심권
6274,3_cart_interacted,cart_interacted,B(개선 UI),도심권
6274,4_purchase_completed,purchase_completed,B(개선 UI),도심권
6275,1_app_opened,app_opened,B(개선 UI),외곽 주거지(초월읍 등)
6275,2_home_viewed,home_viewed,B(개선 UI),외곽 주거지(초월읍 등)
6276,1_app_opened,app_opened,B(개선 UI),도심권
6277,1_app_opened,app_opened,A(기존 UI),도심권
6278,1_app_opened,app_opened,A(기존 UI),도심권
6279,1_app_opened,app_opened,B(개선 UI),도심권
6279,2_home_viewed,home_viewed,B(개선 UI),도심권
6280,1_app_opened,app_opened,A(기존 UI),도심권
6280,2_home_viewed,home_viewed,A(기존 UI),도심권
6280,3_cart_interacted,cart_interacted,A(기존 UI),도심권
6280,4_purchase_completed,purchase_completed,A(기존 UI),도심권
6281,1_app_opened,app_opened,B(개선 UI),도심권
6282,1_app_opened,app_opened,B(개선 UI),외곽 주거지(초월읍 등)
6282,2_home_viewed,home_viewed,B(개선 UI),외곽 주거지(초월읍 등)
6282,3_cart_interacted,cart_interacted,B(개선 UI),외곽 주거지(초월읍 등)
6282,4_purchase_completed,purchase_completed,B(개선 UI),외곽 주거지(초월읍 등)
6283,1_app_opened,app_opened,B(개선 UI),외곽 주거지(초월읍 등)
6283,2_home_viewed,home_viewed,B(개선 UI),외곽 주거지(초월읍 등)
6284,1_app_opened,app_opened,B(개선 UI),도심권
6285,1_app_opened,app_opened,A(기존 UI),도심권
6286,1_app_opened,app_opened,B(개선 UI),도심권
6286,2_home_viewed,home_viewed,B(개선 UI),도심권
6287,1_app_opened,app_opened,B(개선 UI),외곽 주거지(초월읍 등)
6287,2_home_viewed,home_viewed,B(개선 UI),외곽 주거지(초월읍 등)
6288,1_app_opened,app_opened,A(기존 UI),도심권
6289,1_app_opened,app_opened,B(개선 UI),도심권
6289,2_home_viewed,home_viewed,B(개선 UI),도심권
6289,3_cart_interacted,cart_interacted,B(개선 UI),도심권
6290,1_app_opened,app_opened,A(기존 UI),도심권
6291,1_app_opened,app_opened,A(기존 UI),도심권
6292,1_app_opened,app_opened,A(기존 UI),도심권
6293,1_app_opened,app_opened,B(개선 UI),외곽 주거지(초월읍 등)
6293,2_home_viewed,home_viewed,B(개선 UI),외곽 주거지(초월읍 등)
6293,3_cart_interacted,cart_interacted,B(개선 UI),외곽 주거지(초월읍 등)
6293,4_purchase_completed,purchase_completed,B(개선 UI),외곽 주거지(초월읍 등)
6294,1_app_opened,app_opened,A(기존 UI),외곽 주거지(초월읍 등)
6295,1_app_opened,app_opened,B(개선 UI),도심권
6296,1_app_opened,app_opened,B(개선 UI),도심권
6297,1_app_opened,app_opened,A(기존 UI),도심권
6297,2_home_viewed,home_viewed,A(기존 UI),도심권
6298,1_app_opened,app_opened,A(기존 UI),외곽 주거지(초월읍 등)
6299,1_app_opened,app_opened,B(개선 UI),도심권
6299,2_home_viewed,home_viewed,B(개선 UI),도심권
6300,1_app_opened,app_opened,A(기존 UI),도심권
6300,2_home_viewed,home_viewed,A(기존 UI),도심권
6300,3_cart_interacted,cart_interacted,A(기존 UI),도심권
6301,1_app_opened,app_opened,B(개선 UI),도심권
6301,2_home_viewed,home_viewed,B(개선 UI),도심권
6301,3_cart_interacted,cart_interacted,B(개선 UI),도심권
6302,1_app_opened,app_opened,A(기존 UI),도심권
6302,2_home_viewed,home_viewed,A(기존 UI),도심권
6303,1_app_opened,app_opened,A(기존 UI),도심권
6303,2_home_viewed,home_viewed,A(기존 UI),도심권
6304,1_app_opened,app_opened,B(개선 UI),도심권
6304,2_home_viewed,home_viewed,B(개선 UI),도심권
6304,3_cart_interacted,cart_interacted,B(개선 UI),도심권
6304,4_purchase_completed,purchase_completed,B(개선 UI),도심권
6305,1_app_opened,app_opened,A(기존 UI),도심권
6305,2_home_viewed,home_viewed,A(기존 UI),도심권
6306,1_app_opened,app_opened,A(기존 UI),도심권
6307,1_app_opened,app_opened,A(기존 UI),도심권
6308,1_app_opened,app_opened,A(기존 UI),도심권
6309,1_app_opened,app_opened,B(개선 UI),도심권
6309,2_home_viewed,home_viewed,B(개선 UI),도심권
6310,1_app_opened,app_opened,B(개선 UI),도심권
6310,2_home_viewed,home_viewed,B(개선 UI),도심권
6311,1_app_opened,app_opened,A(기존 UI),도심권
6312,1_app_opened,app_opened,B(개선 UI),외곽 주거지(초월읍 등)
6313,1_app_opened,app_opened,B(개선 UI),도심권
6314,1_app_opened,app_opened,A(기존 UI),도심권
6315,1_app_opened,app_opened,A(기존 UI),도심권
6316,1_app_opened,app_opened,B(개선 UI),도심권
6316,2_home_viewed,home_viewed,B(개선 UI),도심권
6316,3_cart_interacted,cart_interacted,B(개선 UI),도심권
6316,4_purchase_completed,purchase_completed,B(개선 UI),도심권
6317,1_app_opened,app_opened,B(개선 UI),도심권
6317,2_home_viewed,home_viewed,B(개선 UI),도심권
6317,3_cart_interacted,cart_interacted,B(개선 UI),도심권
6317,4_purchase_completed,purchase_completed,B(개선 UI),도심권
6318,1_app_opened,app_opened,B(개선 UI),외곽 주거지(초월읍 등)
6319,1_app_opened,app_opened,B(개선 UI),도심권
6320,1_app_opened,app_opened,A(기존 UI),도심권
6321,1_app_opened,app_opened,B(개선 UI),외곽 주거지(초월읍 등)
6321,2_home_viewed,home_viewed,B(개선 UI),외곽 주거지(초월읍 등)
6322,1_app_opened,app_opened,B(개선 UI),외곽 주거지(초월읍 등)
6323,1_app_opened,app_opened,B(개선 UI),외곽 주거지(초월읍 등)
6323,2_home_viewed,home_viewed,B(개선 UI),외곽 주거지(초월읍 등)
6323,3_cart_interacted,cart_interacted,B(개선 UI),외곽 주거지(초월읍 등)
6324,1_app_opened,app_opened,A(기존 UI),외곽 주거지(초월읍 등)
6325,1_app_opened,app_opened,A(기존 UI),외곽 주거지(초월읍 등)
6326,1_app_opened,app_opened,A(기존 UI),도심권
6327,1_app_opened,app_opened,B(개선 UI),도심권
6328,1_app_opened,app_opened,A(기존 UI),도심권
6328,2_home_viewed,home_viewed,A(기존 UI),도심권
6329,1_app_opened,app_opened,A(기존 UI),외곽 주거지(초월읍 등)
6330,1_app_opened,app_opened,A(기존 UI),외곽 주거지(초월읍 등)
6331,1_app_opened,app_opened,A(기존 UI),도심권
6332,1_app_opened,app_opened,B(개선 UI),도심권
6333,1_app_opened,app_opened,B(개선 UI),외곽 주거지(초월읍 등)
6333,2_home_viewed,home_viewed,B(개선 UI),외곽 주거지(초월읍 등)
6334,1_app_opened,app_opened,B(개선 UI),외곽 주거지(초월읍 등)
6334,2_home_viewed,home_viewed,B(개선 UI),외곽 주거지(초월읍 등)
6334,3_cart_interacted,cart_interacted,B(개선 UI),외곽 주거지(초월읍 등)
6335,1_app_opened,app_opened,A(기존 UI),도심권
6335,2_home_viewed,home_viewed,A(기존 UI),도심권
6335,3_cart_interacted,cart_interacted,A(기존 UI),도심권
6336,1_app_opened,app_opened,B(개선 UI),외곽 주거지(초월읍 등)
6336,2_home_viewed,home_viewed,B(개선 UI),외곽 주거지(초월읍 등)
6336,3_cart_interacted,cart_interacted,B(개선 UI),외곽 주거지(초월읍 등)
6336,4_purchase_completed,purchase_completed,B(개선 UI),외곽 주거지(초월읍 등)
6337,1_app_opened,app_opened,A(기존 UI),도심권
6337,2_home_viewed,home_viewed,A(기존 UI),도심권
6338,1_app_opened,app_opened,A(기존 UI),도심권
6339,1_app_opened,app_opened,A(기존 UI),도심권
6340,1_app_opened,app_opened,A(기존 UI),도심권
6341,1_app_opened,app_opened,A(기존 UI),도심권
6342,1_app_opened,app_opened,B(개선 UI),외곽 주거지(초월읍 등)
6342,2_home_viewed,home_viewed,B(개선 UI),외곽 주거지(초월읍 등)
6342,3_cart_interacted,cart_interacted,B(개선 UI),외곽 주거지(초월읍 등)
6342,4_purchase_completed,purchase_completed,B(개선 UI),외곽 주거지(초월읍 등)
6343,1_app_opened,app_opened,B(개선 UI),외곽 주거지(초월읍 등)
6344,1_app_opened,app_opened,B(개선 UI),외곽 주거지(초월읍 등)
6344,2_home_viewed,home_viewed,B(개선 UI),외곽 주거지(초월읍 등)
6345,1_app_opened,app_opened,A(기존 UI),도심권
6346,1_app_opened,app_opened,A(기존 UI),도심권
6347,1_app_opened,app_opened,A(기존 UI),도심권
6347,2_home_viewed,home_viewed,A(기존 UI),도심권
6347,3_cart_interacted,cart_interacted,A(기존 UI),도심권
6347,4_purchase_completed,purchase_completed,A(기존 UI),도심권
6348,1_app_opened,app_opened,B(개선 UI),도심권
6348,2_home_viewed,home_viewed,B(개선 UI),도심권
6349,1_app_opened,app_opened,B(개선 UI),도심권
6349,2_home_viewed,home_viewed,B(개선 UI),도심권
6350,1_app_opened,app_opened,B(개선 UI),도심권
6351,1_app_opened,app_opened,A(기존 UI),도심권
6352,1_app_opened,app_opened,B(개선 UI),외곽 주거지(초월읍 등)
6352,2_home_viewed,home_viewed,B(개선 UI),외곽 주거지(초월읍 등)
6353,1_app_opened,app_opened,A(기존 UI),도심권
6353,2_home_viewed,home_viewed,A(기존 UI),도심권
6354,1_app_opened,app_opened,B(개선 UI),외곽 주거지(초월읍 등)
6355,1_app_opened,app_opened,B(개선 UI),도심권
6356,1_app_opened,app_opened,B(개선 UI),외곽 주거지(초월읍 등)
6357,1_app_opened,app_opened,B(개선 UI),도심권
6358,1_app_opened,app_opened,A(기존 UI),도심권
6359,1_app_opened,app_opened,B(개선 UI),도심권
6359,2_home_viewed,home_viewed,B(개선 UI),도심권
6359,3_cart_interacted,cart_interacted,B(개선 UI),도심권
6360,1_app_opened,app_opened,B(개선 UI),외곽 주거지(초월읍 등)
6361,1_app_opened,app_opened,A(기존 UI),도심권
6361,2_home_viewed,home_viewed,A(기존 UI),도심권
6362,1_app_opened,app_opened,A(기존 UI),도심권
6363,1_app_opened,app_opened,A(기존 UI),외곽 주거지(초월읍 등)
6364,1_app_opened,app_opened,A(기존 UI),도심권
6364,2_home_viewed,home_viewed,A(기존 UI),도심권
6365,1_app_opened,app_opened,A(기존 UI),도심권
6366,1_app_opened,app_opened,B(개선 UI),도심권
6367,1_app_opened,app_opened,A(기존 UI),도심권
6368,1_app_opened,app_opened,A(기존 UI),도심권
6369,1_app_opened,app_opened,B(개선 UI),도심권
6370,1_app_opened,app_opened,B(개선 UI),도심권
6370,2_home_viewed,home_viewed,B(개선 UI),도심권
6371,1_app_opened,app_opened,B(개선 UI),도심권
6372,1_app_opened,app_opened,A(기존 UI),외곽 주거지(초월읍 등)
6373,1_app_opened,app_opened,B(개선 UI),도심권
6374,1_app_opened,app_opened,B(개선 UI),도심권
6375,1_app_opened,app_opened,A(기존 UI),도심권
6376,1_app_opened,app_opened,A(기존 UI),도심권
6377,1_app_opened,app_opened,B(개선 UI),도심권
6378,1_app_opened,app_opened,B(개선 UI),도심권
6378,2_home_viewed,home_viewed,B(개선 UI),도심권
6378,3_cart_interacted,cart_interacted,B(개선 UI),도심권
6379,1_app_opened,app_opened,B(개선 UI),도심권
6380,1_app_opened,app_opened,B(개선 UI),외곽 주거지(초월읍 등)
6380,2_home_viewed,home_viewed,B(개선 UI),외곽 주거지(초월읍 등)
6381,1_app_opened,app_opened,B(개선 UI),도심권
6382,1_app_opened,app_opened,B(개선 UI),도심권
6382,2_home_viewed,home_viewed,B(개선 UI),도심권
6382,3_cart_interacted,cart_interacted,B(개선 UI),도심권
6383,1_app_opened,app_opened,A(기존 UI),도심권
6384,1_app_opened,app_opened,A(기존 UI),도심권
6385,1_app_opened,app_opened,A(기존 UI),외곽 주거지(초월읍 등)
6386,1_app_opened,app_opened,B(개선 UI),도심권
6386,2_home_viewed,home_viewed,B(개선 UI),도심권
6387,1_app_opened,app_opened,B(개선 UI),도심권
6388,1_app_opened,app_opened,B(개선 UI),도심권
6388,2_home_viewed,home_viewed,B(개선 UI),도심권
6389,1_app_opened,app_opened,A(기존 UI),도심권
6390,1_app_opened,app_opened,B(개선 UI),도심권
6391,1_app_opened,app_opened,A(기존 UI),도심권
6392,1_app_opened,app_opened,A(기존 UI),도심권
6392,2_home_viewed,home_viewed,A(기존 UI),도심권
6393,1_app_opened,app_opened,B(개선 UI),도심권
6394,1_app_opened,app_opened,B(개선 UI),도심권
6395,1_app_opened,app_opened,B(개선 UI),도심권
6395,2_home_viewed,home_viewed,B(개선 UI),도심권
6395,3_cart_interacted,cart_interacted,B(개선 UI),도심권
6396,1_app_opened,app_opened,A(기존 UI),도심권
6396,2_home_viewed,home_viewed,A(기존 UI),도심권
6396,3_cart_interacted,cart_interacted,A(기존 UI),도심권
6396,4_purchase_completed,purchase_completed,A(기존 UI),도심권
6397,1_app_opened,app_opened,A(기존 UI),도심권
6398,1_app_opened,app_opened,A(기존 UI),외곽 주거지(초월읍 등)
6398,2_home_viewed,home_viewed,A(기존 UI),외곽 주거지(초월읍 등)
6399,1_app_opened,app_opened,A(기존 UI),도심권
6400,1_app_opened,app_opened,B(개선 UI),외곽 주거지(초월읍 등)
6401,1_app_opened,app_opened,B(개선 UI),도심권
6401,2_home_viewed,home_viewed,B(개선 UI),도심권
6401,3_cart_interacted,cart_interacted,B(개선 UI),도심권
6401,4_purchase_completed,purchase_completed,B(개선 UI),도심권
6402,1_app_opened,app_opened,B(개선 UI),외곽 주거지(초월읍 등)
6402,2_home_viewed,home_viewed,B(개선 UI),외곽 주거지(초월읍 등)
6403,1_app_opened,app_opened,A(기존 UI),도심권
6404,1_app_opened,app_opened,B(개선 UI),도심권
6405,1_app_opened,app_opened,A(기존 UI),외곽 주거지(초월읍 등)
6405,2_home_viewed,home_viewed,A(기존 UI),외곽 주거지(초월읍 등)
6406,1_app_opened,app_opened,B(개선 UI),외곽 주거지(초월읍 등)
6406,2_home_viewed,home_viewed,B(개선 UI),외곽 주거지(초월읍 등)
6407,1_app_opened,app_opened,A(기존 UI),도심권
6407,2_home_viewed,home_viewed,A(기존 UI),도심권
6408,1_app_opened,app_opened,A(기존 UI),도심권
6408,2_home_viewed,home_viewed,A(기존 UI),도심권
6409,1_app_opened,app_opened,B(개선 UI),도심권
6409,2_home_viewed,home_viewed,B(개선 UI),도심권
6409,3_cart_interacted,cart_interacted,B(개선 UI),도심권
6410,1_app_opened,app_opened,B(개선 UI),외곽 주거지(초월읍 등)
6411,1_app_opened,app_opened,A(기존 UI),도심권
6412,1_app_opened,app_opened,A(기존 UI),도심권
6413,1_app_opened,app_opened,B(개선 UI),외곽 주거지(초월읍 등)
6413,2_home_viewed,home_viewed,B(개선 UI),외곽 주거지(초월읍 등)
6413,3_cart_interacted,cart_interacted,B(개선 UI),외곽 주거지(초월읍 등)
6414,1_app_opened,app_opened,A(기존 UI),외곽 주거지(초월읍 등)
6415,1_app_opened,app_opened,A(기존 UI),도심권
6416,1_app_opened,app_opened,A(기존 UI),도심권
6417,1_app_opened,app_opened,A(기존 UI),외곽 주거지(초월읍 등)
6418,1_app_opened,app_opened,B(개선 UI),도심권
6418,2_home_viewed,home_viewed,B(개선 UI),도심권
6419,1_app_opened,app_opened,B(개선 UI),외곽 주거지(초월읍 등)
6419,2_home_viewed,home_viewed,B(개선 UI),외곽 주거지(초월읍 등)
6419,3_cart_interacted,cart_interacted,B(개선 UI),외곽 주거지(초월읍 등)
6420,1_app_opened,app_opened,B(개선 UI),도심권
6420,2_home_viewed,home_viewed,B(개선 UI),도심권
6420,3_cart_interacted,cart_interacted,B(개선 UI),도심권
6421,1_app_opened,app_opened,B(개선 UI),도심권
6422,1_app_opened,app_opened,A(기존 UI),도심권
6423,1_app_opened,app_opened,A(기존 UI),도심권
6424,1_app_opened,app_opened,A(기존 UI),외곽 주거지(초월읍 등)
6425,1_app_opened,app_opened,A(기존 UI),도심권
6426,1_app_opened,app_opened,A(기존 UI),도심권
6426,2_home_viewed,home_viewed,A(기존 UI),도심권
6427,1_app_opened,app_opened,B(개선 UI),도심권
6427,2_home_viewed,home_viewed,B(개선 UI),도심권
6428,1_app_opened,app_opened,B(개선 UI),도심권
6429,1_app_opened,app_opened,A(기존 UI),도심권
6430,1_app_opened,app_opened,B(개선 UI),도심권
6430,2_home_viewed,home_viewed,B(개선 UI),도심권
6431,1_app_opened,app_opened,B(개선 UI),도심권
6431,2_home_viewed,home_viewed,B(개선 UI),도심권
6431,3_cart_interacted,cart_interacted,B(개선 UI),도심권
6432,1_app_opened,app_opened,B(개선 UI),외곽 주거지(초월읍 등)
6433,1_app_opened,app_opened,B(개선 UI),외곽 주거지(초월읍 등)
6433,2_home_viewed,home_viewed,B(개선 UI),외곽 주거지(초월읍 등)
6434,1_app_opened,app_opened,B(개선 UI),도심권
6435,1_app_opened,app_opened,B(개선 UI),도심권
6435,2_home_viewed,home_viewed,B(개선 UI),도심권
6435,3_cart_interacted,cart_interacted,B(개선 UI),도심권
6436,1_app_opened,app_opened,B(개선 UI),도심권
6436,2_home_viewed,home_viewed,B(개선 UI),도심권
6437,1_app_opened,app_opened,B(개선 UI),도심권
6437,2_home_viewed,home_viewed,B(개선 UI),도심권
6437,3_cart_interacted,cart_interacted,B(개선 UI),도심권
6438,1_app_opened,app_opened,A(기존 UI),외곽 주거지(초월읍 등)
6439,1_app_opened,app_opened,A(기존 UI),도심권
6440,1_app_opened,app_opened,B(개선 UI),도심권
6440,2_home_viewed,home_viewed,B(개선 UI),도심권
6441,1_app_opened,app_opened,A(기존 UI),도심권
6442,1_app_opened,app_opened,A(기존 UI),도심권
6443,1_app_opened,app_opened,B(개선 UI),도심권
6443,2_home_viewed,home_viewed,B(개선 UI),도심권
6443,3_cart_interacted,cart_interacted,B(개선 UI),도심권
6444,1_app_opened,app_opened,A(기존 UI),도심권
6445,1_app_opened,app_opened,B(개선 UI),도심권
6445,2_home_viewed,home_viewed,B(개선 UI),도심권
6445,3_cart_interacted,cart_interacted,B(개선 UI),도심권
6445,4_purchase_completed,purchase_completed,B(개선 UI),도심권
6446,1_app_opened,app_opened,B(개선 UI),외곽 주거지(초월읍 등)
6446,2_home_viewed,home_viewed,B(개선 UI),외곽 주거지(초월읍 등)
6447,1_app_opened,app_opened,B(개선 UI),외곽 주거지(초월읍 등)
6447,2_home_viewed,home_viewed,B(개선 UI),외곽 주거지(초월읍 등)
6448,1_app_opened,app_opened,A(기존 UI),외곽 주거지(초월읍 등)
6449,1_app_opened,app_opened,A(기존 UI),외곽 주거지(초월읍 등)
6450,1_app_opened,app_opened,B(개선 UI),도심권
6450,2_home_viewed,home_viewed,B(개선 UI),도심권
6450,3_cart_interacted,cart_interacted,B(개선 UI),도심권
6450,4_purchase_completed,purchase_completed,B(개선 UI),도심권
6451,1_app_opened,app_opened,B(개선 UI),외곽 주거지(초월읍 등)
6452,1_app_opened,app_opened,B(개선 UI),도심권
6452,2_home_viewed,home_viewed,B(개선 UI),도심권
6452,3_cart_interacted,cart_interacted,B(개선 UI),도심권
6453,1_app_opened,app_opened,A(기존 UI),도심권
6454,1_app_opened,app_opened,A(기존 UI),외곽 주거지(초월읍 등)
6455,1_app_opened,app_opened,B(개선 UI),도심권
6455,2_home_viewed,home_viewed,B(개선 UI),도심권
6456,1_app_opened,app_opened,A(기존 UI),외곽 주거지(초월읍 등)
6456,2_home_viewed,home_viewed,A(기존 UI),외곽 주거지(초월읍 등)
6457,1_app_opened,app_opened,B(개선 UI),도심권
6458,1_app_opened,app_opened,A(기존 UI),외곽 주거지(초월읍 등)
6458,2_home_viewed,home_viewed,A(기존 UI),외곽 주거지(초월읍 등)
6458,3_cart_interacted,cart_interacted,A(기존 UI),외곽 주거지(초월읍 등)
6459,1_app_opened,app_opened,A(기존 UI),도심권
6459,2_home_viewed,home_viewed,A(기존 UI),도심권
6459,3_cart_interacted,cart_interacted,A(기존 UI),도심권
6459,4_purchase_completed,purchase_completed,A(기존 UI),도심권
6460,1_app_opened,app_opened,A(기존 UI),도심권
6461,1_app_opened,app_opened,A(기존 UI),도심권
6462,1_app_opened,app_opened,B(개선 UI),외곽 주거지(초월읍 등)
6462,2_home_viewed,home_viewed,B(개선 UI),외곽 주거지(초월읍 등)
6462,3_cart_interacted,cart_interacted,B(개선 UI),외곽 주거지(초월읍 등)
6462,4_purchase_completed,purchase_completed,B(개선 UI),외곽 주거지(초월읍 등)
6463,1_app_opened,app_opened,B(개선 UI),도심권
6463,2_home_viewed,home_viewed,B(개선 UI),도심권
6464,1_app_opened,app_opened,A(기존 UI),도심권
6465,1_app_opened,app_opened,B(개선 UI),도심권
6466,1_app_opened,app_opened,A(기존 UI),도심권
6467,1_app_opened,app_opened,B(개선 UI),도심권
6468,1_app_opened,app_opened,A(기존 UI),도심권
6469,1_app_opened,app_opened,B(개선 UI),외곽 주거지(초월읍 등)
6470,1_app_opened,app_opened,B(개선 UI),도심권
6471,1_app_opened,app_opened,B(개선 UI),도심권
6471,2_home_viewed,home_viewed,B(개선 UI),도심권
6472,1_app_opened,app_opened,B(개선 UI),도심권
6472,2_home_viewed,home_viewed,B(개선 UI),도심권
6473,1_app_opened,app_opened,B(개선 UI),도심권
6474,1_app_opened,app_opened,B(개선 UI),도심권
6474,2_home_viewed,home_viewed,B(개선 UI),도심권
6475,1_app_opened,app_opened,B(개선 UI),외곽 주거지(초월읍 등)
6475,2_home_viewed,home_viewed,B(개선 UI),외곽 주거지(초월읍 등)
6476,1_app_opened,app_opened,B(개선 UI),도심권
6476,2_home_viewed,home_viewed,B(개선 UI),도심권
6477,1_app_opened,app_opened,B(개선 UI),도심권
6478,1_app_opened,app_opened,A(기존 UI),도심권
6479,1_app_opened,app_opened,B(개선 UI),도심권
6480,1_app_opened,app_opened,A(기존 UI),도심권
6481,1_app_opened,app_opened,B(개선 UI),도심권
6482,1_app_opened,app_opened,A(기존 UI),외곽 주거지(초월읍 등)
6482,2_home_viewed,home_viewed,A(기존 UI),외곽 주거지(초월읍 등)
6483,1_app_opened,app_opened,B(개선 UI),도심권
6483,2_home_viewed,home_viewed,B(개선 UI),도심권
6483,3_cart_interacted,cart_interacted,B(개선 UI),도심권
6484,1_app_opened,app_opened,A(기존 UI),도심권
6485,1_app_opened,app_opened,A(기존 UI),도심권
6485,2_home_viewed,home_viewed,A(기존 UI),도심권
6486,1_app_opened,app_opened,A(기존 UI),도심권
6487,1_app_opened,app_opened,B(개선 UI),외곽 주거지(초월읍 등)
6488,1_app_opened,app_opened,A(기존 UI),도심권
6489,1_app_opened,app_opened,A(기존 UI),외곽 주거지(초월읍 등)
6489,2_home_viewed,home_viewed,A(기존 UI),외곽 주거지(초월읍 등)
6490,1_app_opened,app_opened,B(개선 UI),도심권
6491,1_app_opened,app_opened,B(개선 UI),도심권
6491,2_home_viewed,home_viewed,B(개선 UI),도심권
6492,1_app_opened,app_opened,A(기존 UI),도심권
6493,1_app_opened,app_opened,A(기존 UI),도심권
6494,1_app_opened,app_opened,A(기존 UI),도심권
6495,1_app_opened,app_opened,B(개선 UI),도심권
6496,1_app_opened,app_opened,A(기존 UI),도심권
6497,1_app_opened,app_opened,A(기존 UI),도심권
6498,1_app_opened,app_opened,A(기존 UI),도심권
6499,1_app_opened,app_opened,A(기존 UI),도심권
6500,1_app_opened,app_opened,B(개선 UI),외곽 주거지(초월읍 등)
6500,2_home_viewed,home_viewed,B(개선 UI),외곽 주거지(초월읍 등)
6501,1_app_opened,app_opened,A(기존 UI),도심권
6502,1_app_opened,app_opened,A(기존 UI),외곽 주거지(초월읍 등)
6503,1_app_opened,app_opened,A(기존 UI),도심권
6504,1_app_opened,app_opened,A(기존 UI),도심권
6505,1_app_opened,app_opened,A(기존 UI),도심권
6506,1_app_opened,app_opened,B(개선 UI),도심권
6506,2_home_viewed,home_viewed,B(개선 UI),도심권
6507,1_app_opened,app_opened,B(개선 UI),도심권
6507,2_home_viewed,home_viewed,B(개선 UI),도심권
6508,1_app_opened,app_opened,B(개선 UI),도심권
6509,1_app_opened,app_opened,B(개선 UI),도심권
6510,1_app_opened,app_opened,B(개선 UI),도심권
6510,2_home_viewed,home_viewed,B(개선 UI),도심권
6511,1_app_opened,app_opened,A(기존 UI),외곽 주거지(초월읍 등)
6512,1_app_opened,app_opened,B(개선 UI),도심권
6512,2_home_viewed,home_viewed,B(개선 UI),도심권
6513,1_app_opened,app_opened,B(개선 UI),도심권
6514,1_app_opened,app_opened,B(개선 UI),도심권
6514,2_home_viewed,home_viewed,B(개선 UI),도심권
6514,3_cart_interacted,cart_interacted,B(개선 UI),도심권
6514,4_purchase_completed,purchase_completed,B(개선 UI),도심권
6515,1_app_opened,app_opened,B(개선 UI),외곽 주거지(초월읍 등)
6516,1_app_opened,app_opened,A(기존 UI),도심권
6517,1_app_opened,app_opened,B(개선 UI),도심권
6518,1_app_opened,app_opened,B(개선 UI),외곽 주거지(초월읍 등)
6518,2_home_viewed,home_viewed,B(개선 UI),외곽 주거지(초월읍 등)
6518,3_cart_interacted,cart_interacted,B(개선 UI),외곽 주거지(초월읍 등)
6519,1_app_opened,app_opened,B(개선 UI),외곽 주거지(초월읍 등)
6519,2_home_viewed,home_viewed,B(개선 UI),외곽 주거지(초월읍 등)
6519,3_cart_interacted,cart_interacted,B(개선 UI),외곽 주거지(초월읍 등)
6519,4_purchase_completed,purchase_completed,B(개선 UI),외곽 주거지(초월읍 등)
6520,1_app_opened,app_opened,A(기존 UI),도심권
6521,1_app_opened,app_opened,A(기존 UI),도심권
6522,1_app_opened,app_opened,A(기존 UI),외곽 주거지(초월읍 등)
6523,1_app_opened,app_opened,B(개선 UI),외곽 주거지(초월읍 등)
6524,1_app_opened,app_opened,A(기존 UI),도심권
6525,1_app_opened,app_opened,A(기존 UI),도심권
6526,1_app_opened,app_opened,B(개선 UI),도심권
6526,2_home_viewed,home_viewed,B(개선 UI),도심권
6527,1_app_opened,app_opened,A(기존 UI),도심권
6527,2_home_viewed,home_viewed,A(기존 UI),도심권
6528,1_app_opened,app_opened,B(개선 UI),도심권
6529,1_app_opened,app_opened,A(기존 UI),도심권
6530,1_app_opened,app_opened,B(개선 UI),외곽 주거지(초월읍 등)
6530,2_home_viewed,home_viewed,B(개선 UI),외곽 주거지(초월읍 등)
6531,1_app_opened,app_opened,B(개선 UI),외곽 주거지(초월읍 등)
6531,2_home_viewed,home_viewed,B(개선 UI),외곽 주거지(초월읍 등)
6532,1_app_opened,app_opened,B(개선 UI),도심권
6532,2_home_viewed,home_viewed,B(개선 UI),도심권
6533,1_app_opened,app_opened,B(개선 UI),도심권
6534,1_app_opened,app_opened,A(기존 UI),도심권
6535,1_app_opened,app_opened,A(기존 UI),도심권
6536,1_app_opened,app_opened,A(기존 UI),도심권
6537,1_app_opened,app_opened,B(개선 UI),도심권
6538,1_app_opened,app_opened,B(개선 UI),도심권
6538,2_home_viewed,home_viewed,B(개선 UI),도심권
6539,1_app_opened,app_opened,A(기존 UI),도심권
6540,1_app_opened,app_opened,B(개선 UI),외곽 주거지(초월읍 등)
6540,2_home_viewed,home_viewed,B(개선 UI),외곽 주거지(초월읍 등)
6540,3_cart_interacted,cart_interacted,B(개선 UI),외곽 주거지(초월읍 등)
6541,1_app_opened,app_opened,A(기존 UI),도심권
6542,1_app_opened,app_opened,B(개선 UI),도심권
6542,2_home_viewed,home_viewed,B(개선 UI),도심권
6542,3_cart_interacted,cart_interacted,B(개선 UI),도심권
6543,1_app_opened,app_opened,B(개선 UI),외곽 주거지(초월읍 등)
6544,1_app_opened,app_opened,A(기존 UI),도심권
6544,2_home_viewed,home_viewed,A(기존 UI),도심권
6545,1_app_opened,app_opened,A(기존 UI),도심권
6546,1_app_opened,app_opened,A(기존 UI),도심권
6547,1_app_opened,app_opened,B(개선 UI),외곽 주거지(초월읍 등)
6547,2_home_viewed,home_viewed,B(개선 UI),외곽 주거지(초월읍 등)
6548,1_app_opened,app_opened,B(개선 UI),도심권
6549,1_app_opened,app_opened,A(기존 UI),도심권
6550,1_app_opened,app_opened,A(기존 UI),도심권
6551,1_app_opened,app_opened,A(기존 UI),도심권
6552,1_app_opened,app_opened,B(개선 UI),도심권
6552,2_home_viewed,home_viewed,B(개선 UI),도심권
6552,3_cart_interacted,cart_interacted,B(개선 UI),도심권
6553,1_app_opened,app_opened,B(개선 UI),도심권
6554,1_app_opened,app_opened,A(기존 UI),외곽 주거지(초월읍 등)
6555,1_app_opened,app_opened,B(개선 UI),외곽 주거지(초월읍 등)
6555,2_home_viewed,home_viewed,B(개선 UI),외곽 주거지(초월읍 등)
6556,1_app_opened,app_opened,B(개선 UI),도심권
6556,2_home_viewed,home_viewed,B(개선 UI),도심권
6557,1_app_opened,app_opened,A(기존 UI),도심권
6558,1_app_opened,app_opened,A(기존 UI),도심권
6559,1_app_opened,app_opened,B(개선 UI),외곽 주거지(초월읍 등)
6559,2_home_viewed,home_viewed,B(개선 UI),외곽 주거지(초월읍 등)
6559,3_cart_interacted,cart_interacted,B(개선 UI),외곽 주거지(초월읍 등)
6559,4_purchase_completed,purchase_completed,B(개선 UI),외곽 주거지(초월읍 등)
6560,1_app_opened,app_opened,B(개선 UI),도심권
6560,2_home_viewed,home_viewed,B(개선 UI),도심권
6560,3_cart_interacted,cart_interacted,B(개선 UI),도심권
6560,4_purchase_completed,purchase_completed,B(개선 UI),도심권
6561,1_app_opened,app_opened,A(기존 UI),도심권
6561,2_home_viewed,home_viewed,A(기존 UI),도심권
6562,1_app_opened,app_opened,A(기존 UI),외곽 주거지(초월읍 등)
6563,1_app_opened,app_opened,A(기존 UI),외곽 주거지(초월읍 등)
6563,2_home_viewed,home_viewed,A(기존 UI),외곽 주거지(초월읍 등)
6564,1_app_opened,app_opened,B(개선 UI),도심권
6565,1_app_opened,app_opened,A(기존 UI),외곽 주거지(초월읍 등)
6566,1_app_opened,app_opened,A(기존 UI),외곽 주거지(초월읍 등)
6567,1_app_opened,app_opened,B(개선 UI),도심권
6568,1_app_opened,app_opened,B(개선 UI),도심권
6569,1_app_opened,app_opened,A(기존 UI),외곽 주거지(초월읍 등)
6570,1_app_opened,app_opened,A(기존 UI),도심권
6571,1_app_opened,app_opened,B(개선 UI),도심권
6571,2_home_viewed,home_viewed,B(개선 UI),도심권
6572,1_app_opened,app_opened,A(기존 UI),도심권
6573,1_app_opened,app_opened,A(기존 UI),외곽 주거지(초월읍 등)
6573,2_home_viewed,home_viewed,A(기존 UI),외곽 주거지(초월읍 등)
6574,1_app_opened,app_opened,B(개선 UI),외곽 주거지(초월읍 등)
6575,1_app_opened,app_opened,A(기존 UI),도심권
6576,1_app_opened,app_opened,B(개선 UI),외곽 주거지(초월읍 등)
6576,2_home_viewed,home_viewed,B(개선 UI),외곽 주거지(초월읍 등)
6577,1_app_opened,app_opened,B(개선 UI),외곽 주거지(초월읍 등)
6577,2_home_viewed,home_viewed,B(개선 UI),외곽 주거지(초월읍 등)
6578,1_app_opened,app_opened,A(기존 UI),외곽 주거지(초월읍 등)
6578,2_home_viewed,home_viewed,A(기존 UI),외곽 주거지(초월읍 등)
6579,1_app_opened,app_opened,A(기존 UI),도심권
6580,1_app_opened,app_opened,B(개선 UI),도심권
6580,2_home_viewed,home_viewed,B(개선 UI),도심권
6580,3_cart_interacted,cart_interacted,B(개선 UI),도심권
6580,4_purchase_completed,purchase_completed,B(개선 UI),도심권
6581,1_app_opened,app_opened,B(개선 UI),도심권
6581,2_home_viewed,home_viewed,B(개선 UI),도심권
6581,3_cart_interacted,cart_interacted,B(개선 UI),도심권
6582,1_app_opened,app_opened,B(개선 UI),도심권
6582,2_home_viewed,home_viewed,B(개선 UI),도심권
6583,1_app_opened,app_opened,B(개선 UI),도심권
6584,1_app_opened,app_opened,A(기존 UI),외곽 주거지(초월읍 등)
6585,1_app_opened,app_opened,B(개선 UI),도심권
6586,1_app_opened,app_opened,A(기존 UI),외곽 주거지(초월읍 등)
6587,1_app_opened,app_opened,A(기존 UI),도심권
6588,1_app_opened,app_opened,A(기존 UI),도심권
6588,2_home_viewed,home_viewed,A(기존 UI),도심권
6589,1_app_opened,app_opened,A(기존 UI),도심권
6590,1_app_opened,app_opened,B(개선 UI),도심권
6591,1_app_opened,app_opened,A(기존 UI),도심권
6592,1_app_opened,app_opened,A(기존 UI),외곽 주거지(초월읍 등)
6592,2_home_viewed,home_viewed,A(기존 UI),외곽 주거지(초월읍 등)
6593,1_app_opened,app_opened,A(기존 UI),도심권
6594,1_app_opened,app_opened,B(개선 UI),도심권
6594,2_home_viewed,home_viewed,B(개선 UI),도심권
6595,1_app_opened,app_opened,B(개선 UI),도심권
6595,2_home_viewed,home_viewed,B(개선 UI),도심권
6596,1_app_opened,app_opened,A(기존 UI),도심권
6597,1_app_opened,app_opened,A(기존 UI),도심권
6598,1_app_opened,app_opened,A(기존 UI),도심권
6598,2_home_viewed,home_viewed,A(기존 UI),도심권
6598,3_cart_interacted,cart_interacted,A(기존 UI),도심권
6599,1_app_opened,app_opened,B(개선 UI),도심권
6600,1_app_opened,app_opened,B(개선 UI),외곽 주거지(초월읍 등)
6600,2_home_viewed,home_viewed,B(개선 UI),외곽 주거지(초월읍 등)
6601,1_app_opened,app_opened,B(개선 UI),도심권
6602,1_app_opened,app_opened,B(개선 UI),외곽 주거지(초월읍 등)
6603,1_app_opened,app_opened,A(기존 UI),도심권
6603,2_home_viewed,home_viewed,A(기존 UI),도심권
6603,3_cart_interacted,cart_interacted,A(기존 UI),도심권
6604,1_app_opened,app_opened,B(개선 UI),외곽 주거지(초월읍 등)
6605,1_app_opened,app_opened,B(개선 UI),도심권
6605,2_home_viewed,home_viewed,B(개선 UI),도심권
6606,1_app_opened,app_opened,A(기존 UI),도심권
6607,1_app_opened,app_opened,A(기존 UI),도심권
6608,1_app_opened,app_opened,B(개선 UI),외곽 주거지(초월읍 등)
6608,2_home_viewed,home_viewed,B(개선 UI),외곽 주거지(초월읍 등)
6608,3_cart_interacted,cart_interacted,B(개선 UI),외곽 주거지(초월읍 등)
6609,1_app_opened,app_opened,B(개선 UI),도심권
6610,1_app_opened,app_opened,A(기존 UI),도심권
6611,1_app_opened,app_opened,B(개선 UI),도심권
6611,2_home_viewed,home_viewed,B(개선 UI),도심권
6611,3_cart_interacted,cart_interacted,B(개선 UI),도심권
6611,4_purchase_completed,purchase_completed,B(개선 UI),도심권
6612,1_app_opened,app_opened,B(개선 UI),도심권
6613,1_app_opened,app_opened,A(기존 UI),도심권
6614,1_app_opened,app_opened,A(기존 UI),도심권
6615,1_app_opened,app_opened,A(기존 UI),도심권
6615,2_home_viewed,home_viewed,A(기존 UI),도심권
6616,1_app_opened,app_opened,B(개선 UI),도심권
6616,2_home_viewed,home_viewed,B(개선 UI),도심권
6616,3_cart_interacted,cart_interacted,B(개선 UI),도심권
6617,1_app_opened,app_opened,A(기존 UI),도심권
6618,1_app_opened,app_opened,A(기존 UI),도심권
6619,1_app_opened,app_opened,B(개선 UI),도심권
6620,1_app_opened,app_opened,B(개선 UI),외곽 주거지(초월읍 등)
6621,1_app_opened,app_opened,A(기존 UI),도심권
6622,1_app_opened,app_opened,A(기존 UI),외곽 주거지(초월읍 등)
6623,1_app_opened,app_opened,A(기존 UI),도심권
6623,2_home_viewed,home_viewed,A(기존 UI),도심권
6624,1_app_opened,app_opened,B(개선 UI),외곽 주거지(초월읍 등)
6625,1_app_opened,app_opened,B(개선 UI),도심권
6625,2_home_viewed,home_viewed,B(개선 UI),도심권
6625,3_cart_interacted,cart_interacted,B(개선 UI),도심권
6625,4_purchase_completed,purchase_completed,B(개선 UI),도심권
6626,1_app_opened,app_opened,A(기존 UI),도심권
6626,2_home_viewed,home_viewed,A(기존 UI),도심권
6627,1_app_opened,app_opened,B(개선 UI),도심권
6628,1_app_opened,app_opened,B(개선 UI),외곽 주거지(초월읍 등)
6628,2_home_viewed,home_viewed,B(개선 UI),외곽 주거지(초월읍 등)
6628,3_cart_interacted,cart_interacted,B(개선 UI),외곽 주거지(초월읍 등)
6629,1_app_opened,app_opened,B(개선 UI),도심권
6629,2_home_viewed,home_viewed,B(개선 UI),도심권
6629,3_cart_interacted,cart_interacted,B(개선 UI),도심권
6629,4_purchase_completed,purchase_completed,B(개선 UI),도심권
6630,1_app_opened,app_opened,B(개선 UI),도심권
6630,2_home_viewed,home_viewed,B(개선 UI),도심권
6631,1_app_opened,app_opened,A(기존 UI),도심권
6632,1_app_opened,app_opened,A(기존 UI),도심권
6633,1_app_opened,app_opened,B(개선 UI),도심권
6633,2_home_viewed,home_viewed,B(개선 UI),도심권
6634,1_app_opened,app_opened,B(개선 UI),도심권
6634,2_home_viewed,home_viewed,B(개선 UI),도심권
6635,1_app_opened,app_opened,B(개선 UI),도심권
6636,1_app_opened,app_opened,A(기존 UI),도심권
6637,1_app_opened,app_opened,B(개선 UI),외곽 주거지(초월읍 등)
6637,2_home_viewed,home_viewed,B(개선 UI),외곽 주거지(초월읍 등)
6638,1_app_opened,app_opened,B(개선 UI),도심권
6638,2_home_viewed,home_viewed,B(개선 UI),도심권
6638,3_cart_interacted,cart_interacted,B(개선 UI),도심권
6639,1_app_opened,app_opened,A(기존 UI),도심권
6640,1_app_opened,app_opened,A(기존 UI),외곽 주거지(초월읍 등)
6640,2_home_viewed,home_viewed,A(기존 UI),외곽 주거지(초월읍 등)
6641,1_app_opened,app_opened,B(개선 UI),도심권
6642,1_app_opened,app_opened,B(개선 UI),도심권
6643,1_app_opened,app_opened,A(기존 UI),외곽 주거지(초월읍 등)
6644,1_app_opened,app_opened,B(개선 UI),도심권
6644,2_home_viewed,home_viewed,B(개선 UI),도심권
6644,3_cart_interacted,cart_interacted,B(개선 UI),도심권
6645,1_app_opened,app_opened,A(기존 UI),도심권
6646,1_app_opened,app_opened,A(기존 UI),외곽 주거지(초월읍 등)
6647,1_app_opened,app_opened,B(개선 UI),외곽 주거지(초월읍 등)
6647,2_home_viewed,home_viewed,B(개선 UI),외곽 주거지(초월읍 등)
6648,1_app_opened,app_opened,B(개선 UI),도심권
6649,1_app_opened,app_opened,B(개선 UI),도심권
6649,2_home_viewed,home_viewed,B(개선 UI),도심권
6650,1_app_opened,app_opened,B(개선 UI),도심권
6651,1_app_opened,app_opened,A(기존 UI),도심권
6652,1_app_opened,app_opened,B(개선 UI),도심권
6652,2_home_viewed,home_viewed,B(개선 UI),도심권
6652,3_cart_interacted,cart_interacted,B(개선 UI),도심권
6653,1_app_opened,app_opened,A(기존 UI),도심권
6653,2_home_viewed,home_viewed,A(기존 UI),도심권
6654,1_app_opened,app_opened,A(기존 UI),외곽 주거지(초월읍 등)
6655,1_app_opened,app_opened,A(기존 UI),외곽 주거지(초월읍 등)
6656,1_app_opened,app_opened,A(기존 UI),도심권
6656,2_home_viewed,home_viewed,A(기존 UI),도심권
6657,1_app_opened,app_opened,A(기존 UI),도심권
6658,1_app_opened,app_opened,A(기존 UI),도심권
6659,1_app_opened,app_opened,A(기존 UI),도심권
6660,1_app_opened,app_opened,A(기존 UI),도심권
6661,1_app_opened,app_opened,B(개선 UI),외곽 주거지(초월읍 등)
6661,2_home_viewed,home_viewed,B(개선 UI),외곽 주거지(초월읍 등)
6661,3_cart_interacted,cart_interacted,B(개선 UI),외곽 주거지(초월읍 등)
6661,4_purchase_completed,purchase_completed,B(개선 UI),외곽 주거지(초월읍 등)
6662,1_app_opened,app_opened,A(기존 UI),도심권
6663,1_app_opened,app_opened,A(기존 UI),외곽 주거지(초월읍 등)
6663,2_home_viewed,home_viewed,A(기존 UI),외곽 주거지(초월읍 등)
6664,1_app_opened,app_opened,B(개선 UI),도심권
6664,2_home_viewed,home_viewed,B(개선 UI),도심권
6664,3_cart_interacted,cart_interacted,B(개선 UI),도심권
6664,4_purchase_completed,purchase_completed,B(개선 UI),도심권
6665,1_app_opened,app_opened,B(개선 UI),도심권
6666,1_app_opened,app_opened,B(개선 UI),도심권
6667,1_app_opened,app_opened,A(기존 UI),도심권
6668,1_app_opened,app_opened,B(개선 UI),외곽 주거지(초월읍 등)
6669,1_app_opened,app_opened,A(기존 UI),외곽 주거지(초월읍 등)
6670,1_app_opened,app_opened,A(기존 UI),도심권
6671,1_app_opened,app_opened,A(기존 UI),도심권
6672,1_app_opened,app_opened,B(개선 UI),도심권
6672,2_home_viewed,home_viewed,B(개선 UI),도심권
6673,1_app_opened,app_opened,A(기존 UI),외곽 주거지(초월읍 등)
6674,1_app_opened,app_opened,A(기존 UI),외곽 주거지(초월읍 등)
6675,1_app_opened,app_opened,A(기존 UI),도심권
6676,1_app_opened,app_opened,B(개선 UI),도심권
6677,1_app_opened,app_opened,B(개선 UI),도심권
6677,2_home_viewed,home_viewed,B(개선 UI),도심권
6677,3_cart_interacted,cart_interacted,B(개선 UI),도심권
6677,4_purchase_completed,purchase_completed,B(개선 UI),도심권
6678,1_app_opened,app_opened,A(기존 UI),도심권
6679,1_app_opened,app_opened,B(개선 UI),도심권
6680,1_app_opened,app_opened,B(개선 UI),도심권
6681,1_app_opened,app_opened,B(개선 UI),외곽 주거지(초월읍 등)
6682,1_app_opened,app_opened,A(기존 UI),도심권
6683,1_app_opened,app_opened,B(개선 UI),도심권
6683,2_home_viewed,home_viewed,B(개선 UI),도심권
6684,1_app_opened,app_opened,A(기존 UI),외곽 주거지(초월읍 등)
6685,1_app_opened,app_opened,B(개선 UI),도심권
6685,2_home_viewed,home_viewed,B(개선 UI),도심권
6686,1_app_opened,app_opened,A(기존 UI),도심권
6687,1_app_opened,app_opened,A(기존 UI),도심권
6688,1_app_opened,app_opened,A(기존 UI),도심권
6688,2_home_viewed,home_viewed,A(기존 UI),도심권
6688,3_cart_interacted,cart_interacted,A(기존 UI),도심권
6689,1_app_opened,app_opened,B(개선 UI),도심권
6690,1_app_opened,app_opened,A(기존 UI),도심권
6690,2_home_viewed,home_viewed,A(기존 UI),도심권
6691,1_app_opened,app_opened,B(개선 UI),외곽 주거지(초월읍 등)
6691,2_home_viewed,home_viewed,B(개선 UI),외곽 주거지(초월읍 등)
6692,1_app_opened,app_opened,A(기존 UI),도심권
6693,1_app_opened,app_opened,B(개선 UI),외곽 주거지(초월읍 등)
6694,1_app_opened,app_opened,B(개선 UI),도심권
6694,2_home_viewed,home_viewed,B(개선 UI),도심권
6695,1_app_opened,app_opened,B(개선 UI),외곽 주거지(초월읍 등)
6696,1_app_opened,app_opened,B(개선 UI),도심권
6697,1_app_opened,app_opened,B(개선 UI),도심권
6698,1_app_opened,app_opened,A(기존 UI),도심권
6698,2_home_viewed,home_viewed,A(기존 UI),도심권
6699,1_app_opened,app_opened,B(개선 UI),도심권
6699,2_home_viewed,home_viewed,B(개선 UI),도심권
6699,3_cart_interacted,cart_interacted,B(개선 UI),도심권
6699,4_purchase_completed,purchase_completed,B(개선 UI),도심권
6700,1_app_opened,app_opened,A(기존 UI),도심권
6701,1_app_opened,app_opened,B(개선 UI),외곽 주거지(초월읍 등)
6701,2_home_viewed,home_viewed,B(개선 UI),외곽 주거지(초월읍 등)
6702,1_app_opened,app_opened,B(개선 UI),도심권
6703,1_app_opened,app_opened,A(기존 UI),도심권
6704,1_app_opened,app_opened,A(기존 UI),도심권
6705,1_app_opened,app_opened,A(기존 UI),외곽 주거지(초월읍 등)
6706,1_app_opened,app_opened,B(개선 UI),도심권
6706,2_home_viewed,home_viewed,B(개선 UI),도심권
6707,1_app_opened,app_opened,B(개선 UI),외곽 주거지(초월읍 등)
6707,2_home_viewed,home_viewed,B(개선 UI),외곽 주거지(초월읍 등)
6708,1_app_opened,app_opened,B(개선 UI),외곽 주거지(초월읍 등)
6708,2_home_viewed,home_viewed,B(개선 UI),외곽 주거지(초월읍 등)
6708,3_cart_interacted,cart_interacted,B(개선 UI),외곽 주거지(초월읍 등)
6708,4_purchase_completed,purchase_completed,B(개선 UI),외곽 주거지(초월읍 등)
6709,1_app_opened,app_opened,B(개선 UI),도심권
6710,1_app_opened,app_opened,B(개선 UI),도심권
6710,2_home_viewed,home_viewed,B(개선 UI),도심권
6711,1_app_opened,app_opened,A(기존 UI),외곽 주거지(초월읍 등)
6711,2_home_viewed,home_viewed,A(기존 UI),외곽 주거지(초월읍 등)
6712,1_app_opened,app_opened,A(기존 UI),도심권
6712,2_home_viewed,home_viewed,A(기존 UI),도심권
6713,1_app_opened,app_opened,B(개선 UI),도심권
6713,2_home_viewed,home_viewed,B(개선 UI),도심권
6713,3_cart_interacted,cart_interacted,B(개선 UI),도심권
6713,4_purchase_completed,purchase_completed,B(개선 UI),도심권
6714,1_app_opened,app_opened,B(개선 UI),외곽 주거지(초월읍 등)
6715,1_app_opened,app_opened,B(개선 UI),외곽 주거지(초월읍 등)
6716,1_app_opened,app_opened,A(기존 UI),외곽 주거지(초월읍 등)
6717,1_app_opened,app_opened,A(기존 UI),도심권
6717,2_home_viewed,home_viewed,A(기존 UI),도심권
6718,1_app_opened,app_opened,A(기존 UI),도심권
6718,2_home_viewed,home_viewed,A(기존 UI),도심권
6719,1_app_opened,app_opened,A(기존 UI),도심권
6720,1_app_opened,app_opened,A(기존 UI),도심권
6721,1_app_opened,app_opened,B(개선 UI),도심권
6722,1_app_opened,app_opened,A(기존 UI),도심권
6723,1_app_opened,app_opened,B(개선 UI),도심권
6723,2_home_viewed,home_viewed,B(개선 UI),도심권
6724,1_app_opened,app_opened,A(기존 UI),외곽 주거지(초월읍 등)
6725,1_app_opened,app_opened,B(개선 UI),외곽 주거지(초월읍 등)
6725,2_home_viewed,home_viewed,B(개선 UI),외곽 주거지(초월읍 등)
6725,3_cart_interacted,cart_interacted,B(개선 UI),외곽 주거지(초월읍 등)
6726,1_app_opened,app_opened,A(기존 UI),외곽 주거지(초월읍 등)
6727,1_app_opened,app_opened,A(기존 UI),도심권
6728,1_app_opened,app_opened,A(기존 UI),도심권
6729,1_app_opened,app_opened,B(개선 UI),외곽 주거지(초월읍 등)
6729,2_home_viewed,home_viewed,B(개선 UI),외곽 주거지(초월읍 등)
6730,1_app_opened,app_opened,B(개선 UI),도심권
6730,2_home_viewed,home_viewed,B(개선 UI),도심권
6731,1_app_opened,app_opened,A(기존 UI),도심권
6732,1_app_opened,app_opened,A(기존 UI),도심권
6732,2_home_viewed,home_viewed,A(기존 UI),도심권
6733,1_app_opened,app_opened,B(개선 UI),도심권
6734,1_app_opened,app_opened,A(기존 UI),도심권
6735,1_app_opened,app_opened,A(기존 UI),외곽 주거지(초월읍 등)
6736,1_app_opened,app_opened,B(개선 UI),외곽 주거지(초월읍 등)
6737,1_app_opened,app_opened,B(개선 UI),도심권
6737,2_home_viewed,home_viewed,B(개선 UI),도심권
6738,1_app_opened,app_opened,A(기존 UI),도심권
6739,1_app_opened,app_opened,A(기존 UI),외곽 주거지(초월읍 등)
6739,2_home_viewed,home_viewed,A(기존 UI),외곽 주거지(초월읍 등)
6739,3_cart_interacted,cart_interacted,A(기존 UI),외곽 주거지(초월읍 등)
6740,1_app_opened,app_opened,B(개선 UI),도심권
6741,1_app_opened,app_opened,A(기존 UI),도심권
6741,2_home_viewed,home_viewed,A(기존 UI),도심권
6742,1_app_opened,app_opened,A(기존 UI),외곽 주거지(초월읍 등)
6743,1_app_opened,app_opened,B(개선 UI),외곽 주거지(초월읍 등)
6743,2_home_viewed,home_viewed,B(개선 UI),외곽 주거지(초월읍 등)
6744,1_app_opened,app_opened,B(개선 UI),외곽 주거지(초월읍 등)
6744,2_home_viewed,home_viewed,B(개선 UI),외곽 주거지(초월읍 등)
6745,1_app_opened,app_opened,A(기존 UI),도심권
6746,1_app_opened,app_opened,B(개선 UI),도심권
6746,2_home_viewed,home_viewed,B(개선 UI),도심권
6747,1_app_opened,app_opened,B(개선 UI),외곽 주거지(초월읍 등)
6747,2_home_viewed,home_viewed,B(개선 UI),외곽 주거지(초월읍 등)
6748,1_app_opened,app_opened,A(기존 UI),도심권
6749,1_app_opened,app_opened,B(개선 UI),외곽 주거지(초월읍 등)
6750,1_app_opened,app_opened,A(기존 UI),도심권
6750,2_home_viewed,home_viewed,A(기존 UI),도심권
6750,3_cart_interacted,cart_interacted,A(기존 UI),도심권
6751,1_app_opened,app_opened,A(기존 UI),외곽 주거지(초월읍 등)
6752,1_app_opened,app_opened,B(개선 UI),도심권
6752,2_home_viewed,home_viewed,B(개선 UI),도심권
6753,1_app_opened,app_opened,A(기존 UI),도심권
6754,1_app_opened,app_opened,A(기존 UI),도심권
6755,1_app_opened,app_opened,A(기존 UI),도심권
6756,1_app_opened,app_opened,A(기존 UI),도심권
6757,1_app_opened,app_opened,B(개선 UI),도심권
6757,2_home_viewed,home_viewed,B(개선 UI),도심권
6757,3_cart_interacted,cart_interacted,B(개선 UI),도심권
6758,1_app_opened,app_opened,B(개선 UI),외곽 주거지(초월읍 등)
6758,2_home_viewed,home_viewed,B(개선 UI),외곽 주거지(초월읍 등)
6759,1_app_opened,app_opened,B(개선 UI),도심권
6759,2_home_viewed,home_viewed,B(개선 UI),도심권
6760,1_app_opened,app_opened,A(기존 UI),도심권
6761,1_app_opened,app_opened,A(기존 UI),도심권
6762,1_app_opened,app_opened,A(기존 UI),외곽 주거지(초월읍 등)
6763,1_app_opened,app_opened,A(기존 UI),도심권
6764,1_app_opened,app_opened,A(기존 UI),도심권
6765,1_app_opened,app_opened,B(개선 UI),외곽 주거지(초월읍 등)
6765,2_home_viewed,home_viewed,B(개선 UI),외곽 주거지(초월읍 등)
6766,1_app_opened,app_opened,B(개선 UI),도심권
6766,2_home_viewed,home_viewed,B(개선 UI),도심권
6766,3_cart_interacted,cart_interacted,B(개선 UI),도심권
6767,1_app_opened,app_opened,B(개선 UI),도심권
6768,1_app_opened,app_opened,A(기존 UI),도심권
6769,1_app_opened,app_opened,B(개선 UI),외곽 주거지(초월읍 등)
6769,2_home_viewed,home_viewed,B(개선 UI),외곽 주거지(초월읍 등)
6770,1_app_opened,app_opened,A(기존 UI),도심권
6771,1_app_opened,app_opened,A(기존 UI),외곽 주거지(초월읍 등)
6772,1_app_opened,app_opened,B(개선 UI),외곽 주거지(초월읍 등)
6773,1_app_opened,app_opened,B(개선 UI),도심권
6773,2_home_viewed,home_viewed,B(개선 UI),도심권
6774,1_app_opened,app_opened,A(기존 UI),외곽 주거지(초월읍 등)
6775,1_app_opened,app_opened,A(기존 UI),도심권
6776,1_app_opened,app_opened,A(기존 UI),도심권
6776,2_home_viewed,home_viewed,A(기존 UI),도심권
6777,1_app_opened,app_opened,B(개선 UI),도심권
6778,1_app_opened,app_opened,A(기존 UI),외곽 주거지(초월읍 등)
6779,1_app_opened,app_opened,B(개선 UI),도심권
6779,2_home_viewed,home_viewed,B(개선 UI),도심권
6779,3_cart_interacted,cart_interacted,B(개선 UI),도심권
6779,4_purchase_completed,purchase_completed,B(개선 UI),도심권
6780,1_app_opened,app_opened,A(기존 UI),도심권
6781,1_app_opened,app_opened,A(기존 UI),도심권
6782,1_app_opened,app_opened,A(기존 UI),도심권
6782,2_home_viewed,home_viewed,A(기존 UI),도심권
6783,1_app_opened,app_opened,B(개선 UI),도심권
6784,1_app_opened,app_opened,A(기존 UI),도심권
6785,1_app_opened,app_opened,B(개선 UI),도심권
6786,1_app_opened,app_opened,B(개선 UI),도심권
6787,1_app_opened,app_opened,B(개선 UI),도심권
6788,1_app_opened,app_opened,B(개선 UI),도심권
6789,1_app_opened,app_opened,B(개선 UI),외곽 주거지(초월읍 등)
6789,2_home_viewed,home_viewed,B(개선 UI),외곽 주거지(초월읍 등)
6789,3_cart_interacted,cart_interacted,B(개선 UI),외곽 주거지(초월읍 등)
6789,4_purchase_completed,purchase_completed,B(개선 UI),외곽 주거지(초월읍 등)
6790,1_app_opened,app_opened,B(개선 UI),외곽 주거지(초월읍 등)
6790,2_home_viewed,home_viewed,B(개선 UI),외곽 주거지(초월읍 등)
6791,1_app_opened,app_opened,B(개선 UI),도심권
6792,1_app_opened,app_opened,A(기존 UI),도심권
6792,2_home_viewed,home_viewed,A(기존 UI),도심권
6792,3_cart_interacted,cart_interacted,A(기존 UI),도심권
6792,4_purchase_completed,purchase_completed,A(기존 UI),도심권
6793,1_app_opened,app_opened,A(기존 UI),외곽 주거지(초월읍 등)
6794,1_app_opened,app_opened,A(기존 UI),외곽 주거지(초월읍 등)
6795,1_app_opened,app_opened,A(기존 UI),도심권
6795,2_home_viewed,home_viewed,A(기존 UI),도심권
6796,1_app_opened,app_opened,A(기존 UI),도심권
6797,1_app_opened,app_opened,B(개선 UI),도심권
6798,1_app_opened,app_opened,A(기존 UI),도심권
6799,1_app_opened,app_opened,A(기존 UI),도심권
6800,1_app_opened,app_opened,B(개선 UI),외곽 주거지(초월읍 등)
6800,2_home_viewed,home_viewed,B(개선 UI),외곽 주거지(초월읍 등)
6801,1_app_opened,app_opened,A(기존 UI),도심권
6801,2_home_viewed,home_viewed,A(기존 UI),도심권
6802,1_app_opened,app_opened,A(기존 UI),도심권
6803,1_app_opened,app_opened,A(기존 UI),외곽 주거지(초월읍 등)
6804,1_app_opened,app_opened,A(기존 UI),외곽 주거지(초월읍 등)
6805,1_app_opened,app_opened,A(기존 UI),외곽 주거지(초월읍 등)
6806,1_app_opened,app_opened,B(개선 UI),외곽 주거지(초월읍 등)
6806,2_home_viewed,home_viewed,B(개선 UI),외곽 주거지(초월읍 등)
6807,1_app_opened,app_opened,B(개선 UI),도심권
6807,2_home_viewed,home_viewed,B(개선 UI),도심권
6808,1_app_opened,app_opened,A(기존 UI),외곽 주거지(초월읍 등)
6809,1_app_opened,app_opened,A(기존 UI),외곽 주거지(초월읍 등)
6810,1_app_opened,app_opened,A(기존 UI),도심권
6811,1_app_opened,app_opened,B(개선 UI),도심권
6811,2_home_viewed,home_viewed,B(개선 UI),도심권
6812,1_app_opened,app_opened,A(기존 UI),도심권
6812,2_home_viewed,home_viewed,A(기존 UI),도심권
6813,1_app_opened,app_opened,A(기존 UI),외곽 주거지(초월읍 등)
6814,1_app_opened,app_opened,B(개선 UI),도심권
6815,1_app_opened,app_opened,A(기존 UI),도심권
6816,1_app_opened,app_opened,A(기존 UI),도심권
6816,2_home_viewed,home_viewed,A(기존 UI),도심권
6817,1_app_opened,app_opened,A(기존 UI),도심권
6818,1_app_opened,app_opened,B(개선 UI),도심권
6818,2_home_viewed,home_viewed,B(개선 UI),도심권
6819,1_app_opened,app_opened,B(개선 UI),도심권
6819,2_home_viewed,home_viewed,B(개선 UI),도심권
6820,1_app_opened,app_opened,B(개선 UI),외곽 주거지(초월읍 등)
6820,2_home_viewed,home_viewed,B(개선 UI),외곽 주거지(초월읍 등)
6821,1_app_opened,app_opened,A(기존 UI),도심권
6822,1_app_opened,app_opened,B(개선 UI),도심권
6822,2_home_viewed,home_viewed,B(개선 UI),도심권
6822,3_cart_interacted,cart_interacted,B(개선 UI),도심권
6822,4_purchase_completed,purchase_completed,B(개선 UI),도심권
6823,1_app_opened,app_opened,B(개선 UI),도심권
6823,2_home_viewed,home_viewed,B(개선 UI),도심권
6824,1_app_opened,app_opened,B(개선 UI),도심권
6824,2_home_viewed,home_viewed,B(개선 UI),도심권
6825,1_app_opened,app_opened,A(기존 UI),도심권
6826,1_app_opened,app_opened,B(개선 UI),도심권
6826,2_home_viewed,home_viewed,B(개선 UI),도심권
6826,3_cart_interacted,cart_interacted,B(개선 UI),도심권
6826,4_purchase_completed,purchase_completed,B(개선 UI),도심권
6827,1_app_opened,app_opened,A(기존 UI),도심권
6827,2_home_viewed,home_viewed,A(기존 UI),도심권
6828,1_app_opened,app_opened,A(기존 UI),도심권
6829,1_app_opened,app_opened,B(개선 UI),도심권
6830,1_app_opened,app_opened,A(기존 UI),도심권
6831,1_app_opened,app_opened,B(개선 UI),도심권
6831,2_home_viewed,home_viewed,B(개선 UI),도심권
6832,1_app_opened,app_opened,A(기존 UI),도심권
6833,1_app_opened,app_opened,B(개선 UI),도심권
6833,2_home_viewed,home_viewed,B(개선 UI),도심권
6833,3_cart_interacted,cart_interacted,B(개선 UI),도심권
6833,4_purchase_completed,purchase_completed,B(개선 UI),도심권
6834,1_app_opened,app_opened,B(개선 UI),외곽 주거지(초월읍 등)
6834,2_home_viewed,home_viewed,B(개선 UI),외곽 주거지(초월읍 등)
6835,1_app_opened,app_opened,B(개선 UI),외곽 주거지(초월읍 등)
6836,1_app_opened,app_opened,A(기존 UI),도심권
6837,1_app_opened,app_opened,A(기존 UI),도심권
6838,1_app_opened,app_opened,B(개선 UI),도심권
6839,1_app_opened,app_opened,A(기존 UI),도심권
6840,1_app_opened,app_opened,B(개선 UI),외곽 주거지(초월읍 등)
6841,1_app_opened,app_opened,B(개선 UI),외곽 주거지(초월읍 등)
6842,1_app_opened,app_opened,A(기존 UI),외곽 주거지(초월읍 등)
6842,2_home_viewed,home_viewed,A(기존 UI),외곽 주거지(초월읍 등)
6843,1_app_opened,app_opened,A(기존 UI),외곽 주거지(초월읍 등)
6844,1_app_opened,app_opened,A(기존 UI),외곽 주거지(초월읍 등)
6845,1_app_opened,app_opened,B(개선 UI),도심권
6845,2_home_viewed,home_viewed,B(개선 UI),도심권
6846,1_app_opened,app_opened,A(기존 UI),도심권
6847,1_app_opened,app_opened,A(기존 UI),외곽 주거지(초월읍 등)
6848,1_app_opened,app_opened,A(기존 UI),도심권
6849,1_app_opened,app_opened,B(개선 UI),도심권
6849,2_home_viewed,home_viewed,B(개선 UI),도심권
6850,1_app_opened,app_opened,A(기존 UI),도심권
6850,2_home_viewed,home_viewed,A(기존 UI),도심권
6851,1_app_opened,app_opened,A(기존 UI),외곽 주거지(초월읍 등)
6852,1_app_opened,app_opened,B(개선 UI),도심권
6852,2_home_viewed,home_viewed,B(개선 UI),도심권
6853,1_app_opened,app_opened,B(개선 UI),도심권
6853,2_home_viewed,home_viewed,B(개선 UI),도심권
6854,1_app_opened,app_opened,B(개선 UI),외곽 주거지(초월읍 등)
6854,2_home_viewed,home_viewed,B(개선 UI),외곽 주거지(초월읍 등)
6854,3_cart_interacted,cart_interacted,B(개선 UI),외곽 주거지(초월읍 등)
6855,1_app_opened,app_opened,A(기존 UI),외곽 주거지(초월읍 등)
6856,1_app_opened,app_opened,A(기존 UI),외곽 주거지(초월읍 등)
6857,1_app_opened,app_opened,B(개선 UI),도심권
6857,2_home_viewed,home_viewed,B(개선 UI),도심권
6857,3_cart_interacted,cart_interacted,B(개선 UI),도심권
6858,1_app_opened,app_opened,A(기존 UI),도심권
6859,1_app_opened,app_opened,B(개선 UI),외곽 주거지(초월읍 등)
6860,1_app_opened,app_opened,B(개선 UI),도심권
6860,2_home_viewed,home_viewed,B(개선 UI),도심권
6860,3_cart_interacted,cart_interacted,B(개선 UI),도심권
6860,4_purchase_completed,purchase_completed,B(개선 UI),도심권
6861,1_app_opened,app_opened,A(기존 UI),도심권
6862,1_app_opened,app_opened,B(개선 UI),도심권
6863,1_app_opened,app_opened,B(개선 UI),도심권
6863,2_home_viewed,home_viewed,B(개선 UI),도심권
6864,1_app_opened,app_opened,A(기존 UI),도심권
6865,1_app_opened,app_opened,B(개선 UI),도심권
6866,1_app_opened,app_opened,A(기존 UI),도심권
6867,1_app_opened,app_opened,A(기존 UI),외곽 주거지(초월읍 등)
6868,1_app_opened,app_opened,A(기존 UI),도심권
6869,1_app_opened,app_opened,B(개선 UI),도심권
6869,2_home_viewed,home_viewed,B(개선 UI),도심권
6870,1_app_opened,app_opened,B(개선 UI),도심권
6870,2_home_viewed,home_viewed,B(개선 UI),도심권
6871,1_app_opened,app_opened,B(개선 UI),도심권
6872,1_app_opened,app_opened,A(기존 UI),외곽 주거지(초월읍 등)
6873,1_app_opened,app_opened,B(개선 UI),도심권
6874,1_app_opened,app_opened,A(기존 UI),외곽 주거지(초월읍 등)
6875,1_app_opened,app_opened,B(개선 UI),도심권
6876,1_app_opened,app_opened,A(기존 UI),도심권
6876,2_home_viewed,home_viewed,A(기존 UI),도심권
6877,1_app_opened,app_opened,A(기존 UI),도심권
6877,2_home_viewed,home_viewed,A(기존 UI),도심권
6877,3_cart_interacted,cart_interacted,A(기존 UI),도심권
6877,4_purchase_completed,purchase_completed,A(기존 UI),도심권
6878,1_app_opened,app_opened,A(기존 UI),도심권
6879,1_app_opened,app_opened,B(개선 UI),도심권
6880,1_app_opened,app_opened,A(기존 UI),도심권
6881,1_app_opened,app_opened,B(개선 UI),도심권
6881,2_home_viewed,home_viewed,B(개선 UI),도심권
6882,1_app_opened,app_opened,A(기존 UI),외곽 주거지(초월읍 등)
6883,1_app_opened,app_opened,A(기존 UI),외곽 주거지(초월읍 등)
6884,1_app_opened,app_opened,A(기존 UI),도심권
6884,2_home_viewed,home_viewed,A(기존 UI),도심권
6885,1_app_opened,app_opened,B(개선 UI),도심권
6886,1_app_opened,app_opened,B(개선 UI),도심권
6887,1_app_opened,app_opened,A(기존 UI),외곽 주거지(초월읍 등)
6888,1_app_opened,app_opened,A(기존 UI),도심권
6888,2_home_viewed,home_viewed,A(기존 UI),도심권
6888,3_cart_interacted,cart_interacted,A(기존 UI),도심권
6889,1_app_opened,app_opened,A(기존 UI),도심권
6890,1_app_opened,app_opened,B(개선 UI),도심권
6890,2_home_viewed,home_viewed,B(개선 UI),도심권
6891,1_app_opened,app_opened,A(기존 UI),도심권
6892,1_app_opened,app_opened,B(개선 UI),도심권
6892,2_home_viewed,home_viewed,B(개선 UI),도심권
6893,1_app_opened,app_opened,B(개선 UI),도심권
6894,1_app_opened,app_opened,A(기존 UI),외곽 주거지(초월읍 등)
6895,1_app_opened,app_opened,A(기존 UI),외곽 주거지(초월읍 등)
6896,1_app_opened,app_opened,B(개선 UI),도심권
6896,2_home_viewed,home_viewed,B(개선 UI),도심권
6896,3_cart_interacted,cart_interacted,B(개선 UI),도심권
6896,4_purchase_completed,purchase_completed,B(개선 UI),도심권
6897,1_app_opened,app_opened,B(개선 UI),도심권
6897,2_home_viewed,home_viewed,B(개선 UI),도심권
6898,1_app_opened,app_opened,A(기존 UI),도심권
6899,1_app_opened,app_opened,A(기존 UI),외곽 주거지(초월읍 등)
6900,1_app_opened,app_opened,A(기존 UI),외곽 주거지(초월읍 등)
6901,1_app_opened,app_opened,A(기존 UI),도심권
6902,1_app_opened,app_opened,A(기존 UI),도심권
6902,2_home_viewed,home_viewed,A(기존 UI),도심권
6902,3_cart_interacted,cart_interacted,A(기존 UI),도심권
6903,1_app_opened,app_opened,A(기존 UI),도심권
6904,1_app_opened,app_opened,B(개선 UI),도심권
6904,2_home_viewed,home_viewed,B(개선 UI),도심권
6905,1_app_opened,app_opened,A(기존 UI),도심권
6906,1_app_opened,app_opened,A(기존 UI),외곽 주거지(초월읍 등)
6907,1_app_opened,app_opened,A(기존 UI),도심권
6907,2_home_viewed,home_viewed,A(기존 UI),도심권
6908,1_app_opened,app_opened,B(개선 UI),도심권
6908,2_home_viewed,home_viewed,B(개선 UI),도심권
6908,3_cart_interacted,cart_interacted,B(개선 UI),도심권
6909,1_app_opened,app_opened,B(개선 UI),외곽 주거지(초월읍 등)
6910,1_app_opened,app_opened,A(기존 UI),도심권
6911,1_app_opened,app_opened,A(기존 UI),외곽 주거지(초월읍 등)
6912,1_app_opened,app_opened,B(개선 UI),도심권
6913,1_app_opened,app_opened,A(기존 UI),외곽 주거지(초월읍 등)
6914,1_app_opened,app_opened,A(기존 UI),도심권
6915,1_app_opened,app_opened,A(기존 UI),도심권
6916,1_app_opened,app_opened,A(기존 UI),도심권
6917,1_app_opened,app_opened,A(기존 UI),도심권
6918,1_app_opened,app_opened,B(개선 UI),도심권
6919,1_app_opened,app_opened,B(개선 UI),외곽 주거지(초월읍 등)
6920,1_app_opened,app_opened,A(기존 UI),외곽 주거지(초월읍 등)
6920,2_home_viewed,home_viewed,A(기존 UI),외곽 주거지(초월읍 등)
6921,1_app_opened,app_opened,B(개선 UI),도심권
6921,2_home_viewed,home_viewed,B(개선 UI),도심권
6921,3_cart_interacted,cart_interacted,B(개선 UI),도심권
6921,4_purchase_completed,purchase_completed,B(개선 UI),도심권
6922,1_app_opened,app_opened,A(기존 UI),도심권
6923,1_app_opened,app_opened,A(기존 UI),외곽 주거지(초월읍 등)
6924,1_app_opened,app_opened,B(개선 UI),외곽 주거지(초월읍 등)
6925,1_app_opened,app_opened,B(개선 UI),도심권
6925,2_home_viewed,home_viewed,B(개선 UI),도심권
6926,1_app_opened,app_opened,A(기존 UI),외곽 주거지(초월읍 등)
6927,1_app_opened,app_opened,A(기존 UI),도심권
6928,1_app_opened,app_opened,B(개선 UI),도심권
6928,2_home_viewed,home_viewed,B(개선 UI),도심권
6929,1_app_opened,app_opened,B(개선 UI),도심권
6929,2_home_viewed,home_viewed,B(개선 UI),도심권
6929,3_cart_interacted,cart_interacted,B(개선 UI),도심권
6929,4_purchase_completed,purchase_completed,B(개선 UI),도심권
6930,1_app_opened,app_opened,B(개선 UI),외곽 주거지(초월읍 등)
6931,1_app_opened,app_opened,A(기존 UI),도심권
6932,1_app_opened,app_opened,A(기존 UI),도심권
6933,1_app_opened,app_opened,A(기존 UI),도심권
6934,1_app_opened,app_opened,A(기존 UI),도심권
6935,1_app_opened,app_opened,B(개선 UI),도심권
6935,2_home_viewed,home_viewed,B(개선 UI),도심권
6936,1_app_opened,app_opened,A(기존 UI),도심권
6937,1_app_opened,app_opened,A(기존 UI),도심권
6937,2_home_viewed,home_viewed,A(기존 UI),도심권
6938,1_app_opened,app_opened,B(개선 UI),도심권
6939,1_app_opened,app_opened,A(기존 UI),외곽 주거지(초월읍 등)
6940,1_app_opened,app_opened,A(기존 UI),도심권
6941,1_app_opened,app_opened,B(개선 UI),외곽 주거지(초월읍 등)
6942,1_app_opened,app_opened,B(개선 UI),도심권
6942,2_home_viewed,home_viewed,B(개선 UI),도심권
6942,3_cart_interacted,cart_interacted,B(개선 UI),도심권
6942,4_purchase_completed,purchase_completed,B(개선 UI),도심권
6943,1_app_opened,app_opened,B(개선 UI),도심권
6943,2_home_viewed,home_viewed,B(개선 UI),도심권
6944,1_app_opened,app_opened,A(기존 UI),도심권
6945,1_app_opened,app_opened,B(개선 UI),도심권
6945,2_home_viewed,home_viewed,B(개선 UI),도심권
6946,1_app_opened,app_opened,B(개선 UI),도심권
6947,1_app_opened,app_opened,A(기존 UI),외곽 주거지(초월읍 등)
6948,1_app_opened,app_opened,A(기존 UI),외곽 주거지(초월읍 등)
6949,1_app_opened,app_opened,B(개선 UI),도심권
6950,1_app_opened,app_opened,A(기존 UI),도심권
6951,1_app_opened,app_opened,B(개선 UI),외곽 주거지(초월읍 등)
6951,2_home_viewed,home_viewed,B(개선 UI),외곽 주거지(초월읍 등)
6951,3_cart_interacted,cart_interacted,B(개선 UI),외곽 주거지(초월읍 등)
6952,1_app_opened,app_opened,A(기존 UI),도심권
6952,2_home_viewed,home_viewed,A(기존 UI),도심권
6953,1_app_opened,app_opened,A(기존 UI),도심권
6954,1_app_opened,app_opened,A(기존 UI),외곽 주거지(초월읍 등)
6954,2_home_viewed,home_viewed,A(기존 UI),외곽 주거지(초월읍 등)
6955,1_app_opened,app_opened,B(개선 UI),외곽 주거지(초월읍 등)
6955,2_home_viewed,home_viewed,B(개선 UI),외곽 주거지(초월읍 등)
6956,1_app_opened,app_opened,A(기존 UI),도심권
6957,1_app_opened,app_opened,B(개선 UI),도심권
6957,2_home_viewed,home_viewed,B(개선 UI),도심권
6957,3_cart_interacted,cart_interacted,B(개선 UI),도심권
6958,1_app_opened,app_opened,B(개선 UI),도심권
6959,1_app_opened,app_opened,B(개선 UI),외곽 주거지(초월읍 등)
6959,2_home_viewed,home_viewed,B(개선 UI),외곽 주거지(초월읍 등)
6960,1_app_opened,app_opened,B(개선 UI),외곽 주거지(초월읍 등)
6960,2_home_viewed,home_viewed,B(개선 UI),외곽 주거지(초월읍 등)
6960,3_cart_interacted,cart_interacted,B(개선 UI),외곽 주거지(초월읍 등)
6960,4_purchase_completed,purchase_completed,B(개선 UI),외곽 주거지(초월읍 등)
6961,1_app_opened,app_opened,B(개선 UI),도심권
6962,1_app_opened,app_opened,A(기존 UI),외곽 주거지(초월읍 등)
6963,1_app_opened,app_opened,B(개선 UI),외곽 주거지(초월읍 등)
6963,2_home_viewed,home_viewed,B(개선 UI),외곽 주거지(초월읍 등)
6963,3_cart_interacted,cart_interacted,B(개선 UI),외곽 주거지(초월읍 등)
6964,1_app_opened,app_opened,B(개선 UI),도심권
6965,1_app_opened,app_opened,A(기존 UI),외곽 주거지(초월읍 등)
6965,2_home_viewed,home_viewed,A(기존 UI),외곽 주거지(초월읍 등)
6966,1_app_opened,app_opened,A(기존 UI),도심권
6967,1_app_opened,app_opened,B(개선 UI),도심권
6967,2_home_viewed,home_viewed,B(개선 UI),도심권
6968,1_app_opened,app_opened,A(기존 UI),도심권
6969,1_app_opened,app_opened,B(개선 UI),외곽 주거지(초월읍 등)
6969,2_home_viewed,home_viewed,B(개선 UI),외곽 주거지(초월읍 등)
6970,1_app_opened,app_opened,A(기존 UI),도심권
6970,2_home_viewed,home_viewed,A(기존 UI),도심권
6971,1_app_opened,app_opened,A(기존 UI),도심권
6972,1_app_opened,app_opened,B(개선 UI),외곽 주거지(초월읍 등)
6972,2_home_viewed,home_viewed,B(개선 UI),외곽 주거지(초월읍 등)
6973,1_app_opened,app_opened,A(기존 UI),도심권
6974,1_app_opened,app_opened,A(기존 UI),외곽 주거지(초월읍 등)
6975,1_app_opened,app_opened,B(개선 UI),도심권
6975,2_home_viewed,home_viewed,B(개선 UI),도심권
6976,1_app_opened,app_opened,A(기존 UI),도심권
6977,1_app_opened,app_opened,B(개선 UI),도심권
6977,2_home_viewed,home_viewed,B(개선 UI),도심권
6978,1_app_opened,app_opened,B(개선 UI),외곽 주거지(초월읍 등)
6978,2_home_viewed,home_viewed,B(개선 UI),외곽 주거지(초월읍 등)
6978,3_cart_interacted,cart_interacted,B(개선 UI),외곽 주거지(초월읍 등)
6978,4_purchase_completed,purchase_completed,B(개선 UI),외곽 주거지(초월읍 등)
6979,1_app_opened,app_opened,B(개선 UI),도심권
6979,2_home_viewed,home_viewed,B(개선 UI),도심권
6980,1_app_opened,app_opened,A(기존 UI),도심권
6981,1_app_opened,app_opened,A(기존 UI),외곽 주거지(초월읍 등)
6982,1_app_opened,app_opened,B(개선 UI),도심권
6982,2_home_viewed,home_viewed,B(개선 UI),도심권
6982,3_cart_interacted,cart_interacted,B(개선 UI),도심권
6983,1_app_opened,app_opened,B(개선 UI),외곽 주거지(초월읍 등)
6983,2_home_viewed,home_viewed,B(개선 UI),외곽 주거지(초월읍 등)
6983,3_cart_interacted,cart_interacted,B(개선 UI),외곽 주거지(초월읍 등)
6984,1_app_opened,app_opened,B(개선 UI),외곽 주거지(초월읍 등)
6984,2_home_viewed,home_viewed,B(개선 UI),외곽 주거지(초월읍 등)
6985,1_app_opened,app_opened,B(개선 UI),도심권
6985,2_home_viewed,home_viewed,B(개선 UI),도심권
6986,1_app_opened,app_opened,A(기존 UI),도심권
6987,1_app_opened,app_opened,A(기존 UI),도심권
6987,2_home_viewed,home_viewed,A(기존 UI),도심권
6988,1_app_opened,app_opened,A(기존 UI),도심권
6989,1_app_opened,app_opened,A(기존 UI),외곽 주거지(초월읍 등)
6990,1_app_opened,app_opened,A(기존 UI),외곽 주거지(초월읍 등)
6991,1_app_opened,app_opened,B(개선 UI),도심권
6991,2_home_viewed,home_viewed,B(개선 UI),도심권
6992,1_app_opened,app_opened,A(기존 UI),도심권
6993,1_app_opened,app_opened,A(기존 UI),도심권
6994,1_app_opened,app_opened,A(기존 UI),도심권
6995,1_app_opened,app_opened,B(개선 UI),도심권
6995,2_home_viewed,home_viewed,B(개선 UI),도심권
6996,1_app_opened,app_opened,B(개선 UI),도심권
6996,2_home_viewed,home_viewed,B(개선 UI),도심권
6996,3_cart_interacted,cart_interacted,B(개선 UI),도심권
6996,4_purchase_completed,purchase_completed,B(개선 UI),도심권
6997,1_app_opened,app_opened,B(개선 UI),도심권
6997,2_home_viewed,home_viewed,B(개선 UI),도심권
6997,3_cart_interacted,cart_interacted,B(개선 UI),도심권
6998,1_app_opened,app_opened,B(개선 UI),도심권
6998,2_home_viewed,home_viewed,B(개선 UI),도심권
6998,3_cart_interacted,cart_interacted,B(개선 UI),도심권
6999,1_app_opened,app_opened,A(기존 UI),외곽 주거지(초월읍 등)
7000,1_app_opened,app_opened,B(개선 UI),도심권
7001,1_app_opened,app_opened,A(기존 UI),외곽 주거지(초월읍 등)
7002,1_app_opened,app_opened,A(기존 UI),도심권
7003,1_app_opened,app_opened,B(개선 UI),외곽 주거지(초월읍 등)
7004,1_app_opened,app_opened,B(개선 UI),도심권
7004,2_home_viewed,home_viewed,B(개선 UI),도심권
7005,1_app_opened,app_opened,A(기존 UI),외곽 주거지(초월읍 등)
7006,1_app_opened,app_opened,A(기존 UI),외곽 주거지(초월읍 등)
7007,1_app_opened,app_opened,B(개선 UI),도심권
7008,1_app_opened,app_opened,A(기존 UI),도심권
7008,2_home_viewed,home_viewed,A(기존 UI),도심권
7008,3_cart_interacted,cart_interacted,A(기존 UI),도심권
7009,1_app_opened,app_opened,A(기존 UI),외곽 주거지(초월읍 등)
7010,1_app_opened,app_opened,A(기존 UI),외곽 주거지(초월읍 등)
7011,1_app_opened,app_opened,A(기존 UI),외곽 주거지(초월읍 등)
7011,2_home_viewed,home_viewed,A(기존 UI),외곽 주거지(초월읍 등)
7012,1_app_opened,app_opened,B(개선 UI),외곽 주거지(초월읍 등)
7012,2_home_viewed,home_viewed,B(개선 UI),외곽 주거지(초월읍 등)
7013,1_app_opened,app_opened,A(기존 UI),도심권
7014,1_app_opened,app_opened,A(기존 UI),도심권
7014,2_home_viewed,home_viewed,A(기존 UI),도심권
7015,1_app_opened,app_opened,B(개선 UI),도심권
7015,2_home_viewed,home_viewed,B(개선 UI),도심권
7016,1_app_opened,app_opened,B(개선 UI),외곽 주거지(초월읍 등)
7016,2_home_viewed,home_viewed,B(개선 UI),외곽 주거지(초월읍 등)
7017,1_app_opened,app_opened,A(기존 UI),도심권
7018,1_app_opened,app_opened,A(기존 UI),도심권
7019,1_app_opened,app_opened,A(기존 UI),외곽 주거지(초월읍 등)
7020,1_app_opened,app_opened,B(개선 UI),외곽 주거지(초월읍 등)
7020,2_home_viewed,home_viewed,B(개선 UI),외곽 주거지(초월읍 등)
7020,3_cart_interacted,cart_interacted,B(개선 UI),외곽 주거지(초월읍 등)
7021,1_app_opened,app_opened,B(개선 UI),도심권
7022,1_app_opened,app_opened,B(개선 UI),도심권
7022,2_home_viewed,home_viewed,B(개선 UI),도심권
7023,1_app_opened,app_opened,B(개선 UI),도심권
7023,2_home_viewed,home_viewed,B(개선 UI),도심권
7024,1_app_opened,app_opened,B(개선 UI),도심권
7024,2_home_viewed,home_viewed,B(개선 UI),도심권
7025,1_app_opened,app_opened,B(개선 UI),외곽 주거지(초월읍 등)
7025,2_home_viewed,home_viewed,B(개선 UI),외곽 주거지(초월읍 등)
7026,1_app_opened,app_opened,A(기존 UI),도심권
7027,1_app_opened,app_opened,A(기존 UI),외곽 주거지(초월읍 등)
7028,1_app_opened,app_opened,B(개선 UI),외곽 주거지(초월읍 등)
7028,2_home_viewed,home_viewed,B(개선 UI),외곽 주거지(초월읍 등)
7029,1_app_opened,app_opened,A(기존 UI),도심권
7030,1_app_opened,app_opened,A(기존 UI),도심권
7031,1_app_opened,app_opened,B(개선 UI),도심권
7032,1_app_opened,app_opened,A(기존 UI),도심권
7033,1_app_opened,app_opened,B(개선 UI),도심권
7033,2_home_viewed,home_viewed,B(개선 UI),도심권
7034,1_app_opened,app_opened,B(개선 UI),외곽 주거지(초월읍 등)
7035,1_app_opened,app_opened,A(기존 UI),도심권
7035,2_home_viewed,home_viewed,A(기존 UI),도심권
7036,1_app_opened,app_opened,B(개선 UI),외곽 주거지(초월읍 등)
7036,2_home_viewed,home_viewed,B(개선 UI),외곽 주거지(초월읍 등)
7036,3_cart_interacted,cart_interacted,B(개선 UI),외곽 주거지(초월읍 등)
7037,1_app_opened,app_opened,A(기존 UI),도심권
7038,1_app_opened,app_opened,A(기존 UI),도심권
7038,2_home_viewed,home_viewed,A(기존 UI),도심권
7039,1_app_opened,app_opened,B(개선 UI),외곽 주거지(초월읍 등)
7039,2_home_viewed,home_viewed,B(개선 UI),외곽 주거지(초월읍 등)
7040,1_app_opened,app_opened,B(개선 UI),도심권
7040,2_home_viewed,home_viewed,B(개선 UI),도심권
7041,1_app_opened,app_opened,B(개선 UI),도심권
7041,2_home_viewed,home_viewed,B(개선 UI),도심권
7041,3_cart_interacted,cart_interacted,B(개선 UI),도심권
7042,1_app_opened,app_opened,A(기존 UI),도심권
7043,1_app_opened,app_opened,B(개선 UI),도심권
7044,1_app_opened,app_opened,A(기존 UI),외곽 주거지(초월읍 등)
7045,1_app_opened,app_opened,B(개선 UI),도심권
7045,2_home_viewed,home_viewed,B(개선 UI),도심권
7046,1_app_opened,app_opened,A(기존 UI),도심권
7047,1_app_opened,app_opened,B(개선 UI),도심권
7047,2_home_viewed,home_viewed,B(개선 UI),도심권
7047,3_cart_interacted,cart_interacted,B(개선 UI),도심권
7048,1_app_opened,app_opened,A(기존 UI),외곽 주거지(초월읍 등)
7049,1_app_opened,app_opened,A(기존 UI),도심권
7050,1_app_opened,app_opened,A(기존 UI),도심권
7051,1_app_opened,app_opened,B(개선 UI),도심권
7052,1_app_opened,app_opened,B(개선 UI),도심권
7052,2_home_viewed,home_viewed,B(개선 UI),도심권
7052,3_cart_interacted,cart_interacted,B(개선 UI),도심권
7053,1_app_opened,app_opened,B(개선 UI),도심권
7053,2_home_viewed,home_viewed,B(개선 UI),도심권
7053,3_cart_interacted,cart_interacted,B(개선 UI),도심권
7053,4_purchase_completed,purchase_completed,B(개선 UI),도심권
7054,1_app_opened,app_opened,A(기존 UI),도심권
7055,1_app_opened,app_opened,A(기존 UI),도심권
7056,1_app_opened,app_opened,A(기존 UI),도심권
7057,1_app_opened,app_opened,B(개선 UI),도심권
7057,2_home_viewed,home_viewed,B(개선 UI),도심권
7058,1_app_opened,app_opened,A(기존 UI),외곽 주거지(초월읍 등)
7059,1_app_opened,app_opened,B(개선 UI),외곽 주거지(초월읍 등)
7059,2_home_viewed,home_viewed,B(개선 UI),외곽 주거지(초월읍 등)
7060,1_app_opened,app_opened,B(개선 UI),도심권
7061,1_app_opened,app_opened,B(개선 UI),도심권
7062,1_app_opened,app_opened,B(개선 UI),도심권
7062,2_home_viewed,home_viewed,B(개선 UI),도심권
7062,3_cart_interacted,cart_interacted,B(개선 UI),도심권
7063,1_app_opened,app_opened,B(개선 UI),외곽 주거지(초월읍 등)
7064,1_app_opened,app_opened,B(개선 UI),도심권
7064,2_home_viewed,home_viewed,B(개선 UI),도심권
7065,1_app_opened,app_opened,A(기존 UI),외곽 주거지(초월읍 등)
7065,2_home_viewed,home_viewed,A(기존 UI),외곽 주거지(초월읍 등)
7066,1_app_opened,app_opened,B(개선 UI),도심권
7067,1_app_opened,app_opened,A(기존 UI),도심권
7068,1_app_opened,app_opened,A(기존 UI),외곽 주거지(초월읍 등)
7069,1_app_opened,app_opened,A(기존 UI),외곽 주거지(초월읍 등)
7069,2_home_viewed,home_viewed,A(기존 UI),외곽 주거지(초월읍 등)
7070,1_app_opened,app_opened,A(기존 UI),외곽 주거지(초월읍 등)
7071,1_app_opened,app_opened,A(기존 UI),도심권
7072,1_app_opened,app_opened,A(기존 UI),도심권
7073,1_app_opened,app_opened,B(개선 UI),도심권
7073,2_home_viewed,home_viewed,B(개선 UI),도심권
7073,3_cart_interacted,cart_interacted,B(개선 UI),도심권
7074,1_app_opened,app_opened,A(기존 UI),도심권
7075,1_app_opened,app_opened,B(개선 UI),도심권
7075,2_home_viewed,home_viewed,B(개선 UI),도심권
7076,1_app_opened,app_opened,A(기존 UI),도심권
7077,1_app_opened,app_opened,B(개선 UI),도심권
7077,2_home_viewed,home_viewed,B(개선 UI),도심권
7078,1_app_opened,app_opened,B(개선 UI),도심권
7079,1_app_opened,app_opened,B(개선 UI),외곽 주거지(초월읍 등)
7080,1_app_opened,app_opened,B(개선 UI),외곽 주거지(초월읍 등)
7081,1_app_opened,app_opened,A(기존 UI),도심권
7082,1_app_opened,app_opened,B(개선 UI),도심권
7083,1_app_opened,app_opened,A(기존 UI),도심권
7084,1_app_opened,app_opened,A(기존 UI),외곽 주거지(초월읍 등)
7085,1_app_opened,app_opened,B(개선 UI),도심권
7085,2_home_viewed,home_viewed,B(개선 UI),도심권
7086,1_app_opened,app_opened,A(기존 UI),외곽 주거지(초월읍 등)
7087,1_app_opened,app_opened,B(개선 UI),외곽 주거지(초월읍 등)
7088,1_app_opened,app_opened,B(개선 UI),도심권
7088,2_home_viewed,home_viewed,B(개선 UI),도심권
7089,1_app_opened,app_opened,A(기존 UI),도심권
7090,1_app_opened,app_opened,A(기존 UI),외곽 주거지(초월읍 등)
7090,2_home_viewed,home_viewed,A(기존 UI),외곽 주거지(초월읍 등)
7091,1_app_opened,app_opened,A(기존 UI),도심권
7092,1_app_opened,app_opened,B(개선 UI),도심권
7093,1_app_opened,app_opened,B(개선 UI),외곽 주거지(초월읍 등)
7094,1_app_opened,app_opened,A(기존 UI),도심권
7095,1_app_opened,app_opened,A(기존 UI),외곽 주거지(초월읍 등)
7096,1_app_opened,app_opened,B(개선 UI),외곽 주거지(초월읍 등)
7097,1_app_opened,app_opened,B(개선 UI),외곽 주거지(초월읍 등)
7098,1_app_opened,app_opened,A(기존 UI),도심권
7099,1_app_opened,app_opened,A(기존 UI),도심권
7099,2_home_viewed,home_viewed,A(기존 UI),도심권
7100,1_app_opened,app_opened,B(개선 UI),도심권
7100,2_home_viewed,home_viewed,B(개선 UI),도심권
7101,1_app_opened,app_opened,A(기존 UI),외곽 주거지(초월읍 등)
7102,1_app_opened,app_opened,A(기존 UI),외곽 주거지(초월읍 등)
7102,2_home_viewed,home_viewed,A(기존 UI),외곽 주거지(초월읍 등)
7103,1_app_opened,app_opened,B(개선 UI),도심권
7103,2_home_viewed,home_viewed,B(개선 UI),도심권
7103,3_cart_interacted,cart_interacted,B(개선 UI),도심권
7103,4_purchase_completed,purchase_completed,B(개선 UI),도심권
7104,1_app_opened,app_opened,B(개선 UI),도심권
7105,1_app_opened,app_opened,A(기존 UI),도심권
7106,1_app_opened,app_opened,A(기존 UI),외곽 주거지(초월읍 등)
7106,2_home_viewed,home_viewed,A(기존 UI),외곽 주거지(초월읍 등)
7107,1_app_opened,app_opened,A(기존 UI),외곽 주거지(초월읍 등)
7108,1_app_opened,app_opened,A(기존 UI),외곽 주거지(초월읍 등)
7108,2_home_viewed,home_viewed,A(기존 UI),외곽 주거지(초월읍 등)
7109,1_app_opened,app_opened,B(개선 UI),외곽 주거지(초월읍 등)
7109,2_home_viewed,home_viewed,B(개선 UI),외곽 주거지(초월읍 등)
7110,1_app_opened,app_opened,A(기존 UI),외곽 주거지(초월읍 등)
7111,1_app_opened,app_opened,B(개선 UI),외곽 주거지(초월읍 등)
7112,1_app_opened,app_opened,B(개선 UI),도심권
7113,1_app_opened,app_opened,A(기존 UI),도심권
7114,1_app_opened,app_opened,A(기존 UI),외곽 주거지(초월읍 등)
7115,1_app_opened,app_opened,B(개선 UI),도심권
7116,1_app_opened,app_opened,B(개선 UI),도심권
7116,2_home_viewed,home_viewed,B(개선 UI),도심권
7117,1_app_opened,app_opened,B(개선 UI),도심권
7118,1_app_opened,app_opened,A(기존 UI),도심권
7119,1_app_opened,app_opened,B(개선 UI),도심권
7120,1_app_opened,app_opened,B(개선 UI),도심권
7120,2_home_viewed,home_viewed,B(개선 UI),도심권
7120,3_cart_interacted,cart_interacted,B(개선 UI),도심권
7121,1_app_opened,app_opened,B(개선 UI),도심권
7121,2_home_viewed,home_viewed,B(개선 UI),도심권
7122,1_app_opened,app_opened,A(기존 UI),도심권
7123,1_app_opened,app_opened,B(개선 UI),도심권
7123,2_home_viewed,home_viewed,B(개선 UI),도심권
7124,1_app_opened,app_opened,B(개선 UI),외곽 주거지(초월읍 등)
7125,1_app_opened,app_opened,A(기존 UI),도심권
7125,2_home_viewed,home_viewed,A(기존 UI),도심권
7126,1_app_opened,app_opened,A(기존 UI),도심권
7126,2_home_viewed,home_viewed,A(기존 UI),도심권
7126,3_cart_interacted,cart_interacted,A(기존 UI),도심권
7127,1_app_opened,app_opened,A(기존 UI),도심권
7128,1_app_opened,app_opened,A(기존 UI),도심권
7128,2_home_viewed,home_viewed,A(기존 UI),도심권
7129,1_app_opened,app_opened,A(기존 UI),도심권
7129,2_home_viewed,home_viewed,A(기존 UI),도심권
7130,1_app_opened,app_opened,B(개선 UI),외곽 주거지(초월읍 등)
7131,1_app_opened,app_opened,A(기존 UI),외곽 주거지(초월읍 등)
7132,1_app_opened,app_opened,A(기존 UI),도심권
7133,1_app_opened,app_opened,B(개선 UI),도심권
7134,1_app_opened,app_opened,A(기존 UI),도심권
7135,1_app_opened,app_opened,A(기존 UI),외곽 주거지(초월읍 등)
7136,1_app_opened,app_opened,B(개선 UI),외곽 주거지(초월읍 등)
7136,2_home_viewed,home_viewed,B(개선 UI),외곽 주거지(초월읍 등)
7137,1_app_opened,app_opened,B(개선 UI),도심권
7137,2_home_viewed,home_viewed,B(개선 UI),도심권
7138,1_app_opened,app_opened,B(개선 UI),도심권
7139,1_app_opened,app_opened,B(개선 UI),외곽 주거지(초월읍 등)
7139,2_home_viewed,home_viewed,B(개선 UI),외곽 주거지(초월읍 등)
7140,1_app_opened,app_opened,A(기존 UI),외곽 주거지(초월읍 등)
7141,1_app_opened,app_opened,B(개선 UI),도심권
7142,1_app_opened,app_opened,A(기존 UI),외곽 주거지(초월읍 등)
7142,2_home_viewed,home_viewed,A(기존 UI),외곽 주거지(초월읍 등)
7143,1_app_opened,app_opened,B(개선 UI),도심권
7143,2_home_viewed,home_viewed,B(개선 UI),도심권
7143,3_cart_interacted,cart_interacted,B(개선 UI),도심권
7144,1_app_opened,app_opened,A(기존 UI),도심권
7144,2_home_viewed,home_viewed,A(기존 UI),도심권
7145,1_app_opened,app_opened,B(개선 UI),외곽 주거지(초월읍 등)
7146,1_app_opened,app_opened,B(개선 UI),도심권
7146,2_home_viewed,home_viewed,B(개선 UI),도심권
7146,3_cart_interacted,cart_interacted,B(개선 UI),도심권
7146,4_purchase_completed,purchase_completed,B(개선 UI),도심권
7147,1_app_opened,app_opened,B(개선 UI),외곽 주거지(초월읍 등)
7147,2_home_viewed,home_viewed,B(개선 UI),외곽 주거지(초월읍 등)
7148,1_app_opened,app_opened,A(기존 UI),도심권
7149,1_app_opened,app_opened,A(기존 UI),도심권
7150,1_app_opened,app_opened,B(개선 UI),도심권
7150,2_home_viewed,home_viewed,B(개선 UI),도심권
7150,3_cart_interacted,cart_interacted,B(개선 UI),도심권
7150,4_purchase_completed,purchase_completed,B(개선 UI),도심권
7151,1_app_opened,app_opened,B(개선 UI),도심권
7152,1_app_opened,app_opened,A(기존 UI),도심권
7152,2_home_viewed,home_viewed,A(기존 UI),도심권
7153,1_app_opened,app_opened,B(개선 UI),외곽 주거지(초월읍 등)
7154,1_app_opened,app_opened,B(개선 UI),도심권
7155,1_app_opened,app_opened,A(기존 UI),외곽 주거지(초월읍 등)
7156,1_app_opened,app_opened,B(개선 UI),도심권
7156,2_home_viewed,home_viewed,B(개선 UI),도심권
7156,3_cart_interacted,cart_interacted,B(개선 UI),도심권
7156,4_purchase_completed,purchase_completed,B(개선 UI),도심권
7157,1_app_opened,app_opened,B(개선 UI),외곽 주거지(초월읍 등)
7158,1_app_opened,app_opened,A(기존 UI),도심권
7159,1_app_opened,app_opened,A(기존 UI),도심권
7160,1_app_opened,app_opened,B(개선 UI),도심권
7161,1_app_opened,app_opened,B(개선 UI),도심권
7162,1_app_opened,app_opened,A(기존 UI),도심권
7162,2_home_viewed,home_viewed,A(기존 UI),도심권
7163,1_app_opened,app_opened,B(개선 UI),도심권
7163,2_home_viewed,home_viewed,B(개선 UI),도심권
7163,3_cart_interacted,cart_interacted,B(개선 UI),도심권
7164,1_app_opened,app_opened,B(개선 UI),외곽 주거지(초월읍 등)
7164,2_home_viewed,home_viewed,B(개선 UI),외곽 주거지(초월읍 등)
7164,3_cart_interacted,cart_interacted,B(개선 UI),외곽 주거지(초월읍 등)
7165,1_app_opened,app_opened,B(개선 UI),외곽 주거지(초월읍 등)
7165,2_home_viewed,home_viewed,B(개선 UI),외곽 주거지(초월읍 등)
7165,3_cart_interacted,cart_interacted,B(개선 UI),외곽 주거지(초월읍 등)
7166,1_app_opened,app_opened,A(기존 UI),외곽 주거지(초월읍 등)
7166,2_home_viewed,home_viewed,A(기존 UI),외곽 주거지(초월읍 등)
7167,1_app_opened,app_opened,B(개선 UI),도심권
7168,1_app_opened,app_opened,A(기존 UI),외곽 주거지(초월읍 등)
7169,1_app_opened,app_opened,A(기존 UI),외곽 주거지(초월읍 등)
7170,1_app_opened,app_opened,A(기존 UI),도심권
7171,1_app_opened,app_opened,A(기존 UI),도심권
7172,1_app_opened,app_opened,B(개선 UI),도심권
7173,1_app_opened,app_opened,A(기존 UI),도심권
7174,1_app_opened,app_opened,B(개선 UI),도심권
7175,1_app_opened,app_opened,A(기존 UI),도심권
7176,1_app_opened,app_opened,A(기존 UI),외곽 주거지(초월읍 등)
7176,2_home_viewed,home_viewed,A(기존 UI),외곽 주거지(초월읍 등)
7177,1_app_opened,app_opened,B(개선 UI),도심권
7177,2_home_viewed,home_viewed,B(개선 UI),도심권
7178,1_app_opened,app_opened,B(개선 UI),도심권
7178,2_home_viewed,home_viewed,B(개선 UI),도심권
7179,1_app_opened,app_opened,A(기존 UI),외곽 주거지(초월읍 등)
7180,1_app_opened,app_opened,B(개선 UI),외곽 주거지(초월읍 등)
7181,1_app_opened,app_opened,A(기존 UI),외곽 주거지(초월읍 등)
7182,1_app_opened,app_opened,A(기존 UI),도심권
7183,1_app_opened,app_opened,B(개선 UI),도심권
7184,1_app_opened,app_opened,B(개선 UI),도심권
7184,2_home_viewed,home_viewed,B(개선 UI),도심권
7185,1_app_opened,app_opened,A(기존 UI),도심권
7186,1_app_opened,app_opened,B(개선 UI),도심권
7186,2_home_viewed,home_viewed,B(개선 UI),도심권
7187,1_app_opened,app_opened,B(개선 UI),도심권
7187,2_home_viewed,home_viewed,B(개선 UI),도심권
7188,1_app_opened,app_opened,A(기존 UI),외곽 주거지(초월읍 등)
7188,2_home_viewed,home_viewed,A(기존 UI),외곽 주거지(초월읍 등)
7189,1_app_opened,app_opened,B(개선 UI),도심권
7190,1_app_opened,app_opened,B(개선 UI),도심권
7190,2_home_viewed,home_viewed,B(개선 UI),도심권
7190,3_cart_interacted,cart_interacted,B(개선 UI),도심권
7191,1_app_opened,app_opened,B(개선 UI),도심권
7191,2_home_viewed,home_viewed,B(개선 UI),도심권
7191,3_cart_interacted,cart_interacted,B(개선 UI),도심권
7192,1_app_opened,app_opened,A(기존 UI),외곽 주거지(초월읍 등)
7192,2_home_viewed,home_viewed,A(기존 UI),외곽 주거지(초월읍 등)
7193,1_app_opened,app_opened,B(개선 UI),도심권
7194,1_app_opened,app_opened,A(기존 UI),도심권
7195,1_app_opened,app_opened,B(개선 UI),도심권
7195,2_home_viewed,home_viewed,B(개선 UI),도심권
7196,1_app_opened,app_opened,B(개선 UI),도심권
7196,2_home_viewed,home_viewed,B(개선 UI),도심권
7197,1_app_opened,app_opened,A(기존 UI),도심권
7197,2_home_viewed,home_viewed,A(기존 UI),도심권
7198,1_app_opened,app_opened,B(개선 UI),도심권
7198,2_home_viewed,home_viewed,B(개선 UI),도심권
7199,1_app_opened,app_opened,B(개선 UI),도심권
7199,2_home_viewed,home_viewed,B(개선 UI),도심권
7199,3_cart_interacted,cart_interacted,B(개선 UI),도심권
7200,1_app_opened,app_opened,B(개선 UI),외곽 주거지(초월읍 등)
7200,2_home_viewed,home_viewed,B(개선 UI),외곽 주거지(초월읍 등)
7201,1_app_opened,app_opened,A(기존 UI),도심권
7202,1_app_opened,app_opened,A(기존 UI),외곽 주거지(초월읍 등)
7203,1_app_opened,app_opened,B(개선 UI),도심권
7204,1_app_opened,app_opened,A(기존 UI),도심권
7205,1_app_opened,app_opened,B(개선 UI),도심권
7205,2_home_viewed,home_viewed,B(개선 UI),도심권
7205,3_cart_interacted,cart_interacted,B(개선 UI),도심권
7206,1_app_opened,app_opened,A(기존 UI),도심권
7207,1_app_opened,app_opened,A(기존 UI),도심권
7208,1_app_opened,app_opened,A(기존 UI),도심권
7209,1_app_opened,app_opened,A(기존 UI),외곽 주거지(초월읍 등)
7210,1_app_opened,app_opened,B(개선 UI),외곽 주거지(초월읍 등)
7211,1_app_opened,app_opened,A(기존 UI),외곽 주거지(초월읍 등)
7212,1_app_opened,app_opened,A(기존 UI),도심권
7213,1_app_opened,app_opened,A(기존 UI),도심권
7214,1_app_opened,app_opened,B(개선 UI),도심권
7215,1_app_opened,app_opened,A(기존 UI),도심권
7216,1_app_opened,app_opened,B(개선 UI),도심권
7216,2_home_viewed,home_viewed,B(개선 UI),도심권
7217,1_app_opened,app_opened,B(개선 UI),도심권
7218,1_app_opened,app_opened,B(개선 UI),외곽 주거지(초월읍 등)
7219,1_app_opened,app_opened,B(개선 UI),도심권
7220,1_app_opened,app_opened,B(개선 UI),도심권
7221,1_app_opened,app_opened,B(개선 UI),도심권
7221,2_home_viewed,home_viewed,B(개선 UI),도심권
7222,1_app_opened,app_opened,A(기존 UI),도심권
7223,1_app_opened,app_opened,A(기존 UI),외곽 주거지(초월읍 등)
7223,2_home_viewed,home_viewed,A(기존 UI),외곽 주거지(초월읍 등)
7224,1_app_opened,app_opened,A(기존 UI),도심권
7225,1_app_opened,app_opened,B(개선 UI),외곽 주거지(초월읍 등)
7226,1_app_opened,app_opened,B(개선 UI),도심권
7226,2_home_viewed,home_viewed,B(개선 UI),도심권
7227,1_app_opened,app_opened,B(개선 UI),도심권
7228,1_app_opened,app_opened,A(기존 UI),외곽 주거지(초월읍 등)
7229,1_app_opened,app_opened,B(개선 UI),도심권
7229,2_home_viewed,home_viewed,B(개선 UI),도심권
7229,3_cart_interacted,cart_interacted,B(개선 UI),도심권
7229,4_purchase_completed,purchase_completed,B(개선 UI),도심권
7230,1_app_opened,app_opened,A(기존 UI),도심권
7231,1_app_opened,app_opened,A(기존 UI),도심권
7232,1_app_opened,app_opened,A(기존 UI),도심권
7232,2_home_viewed,home_viewed,A(기존 UI),도심권
7233,1_app_opened,app_opened,A(기존 UI),외곽 주거지(초월읍 등)
7234,1_app_opened,app_opened,B(개선 UI),외곽 주거지(초월읍 등)
7234,2_home_viewed,home_viewed,B(개선 UI),외곽 주거지(초월읍 등)
7234,3_cart_interacted,cart_interacted,B(개선 UI),외곽 주거지(초월읍 등)
7235,1_app_opened,app_opened,A(기존 UI),외곽 주거지(초월읍 등)
7236,1_app_opened,app_opened,A(기존 UI),도심권
7237,1_app_opened,app_opened,B(개선 UI),도심권
7237,2_home_viewed,home_viewed,B(개선 UI),도심권
7237,3_cart_interacted,cart_interacted,B(개선 UI),도심권
7238,1_app_opened,app_opened,B(개선 UI),도심권
7239,1_app_opened,app_opened,B(개선 UI),외곽 주거지(초월읍 등)
7240,1_app_opened,app_opened,A(기존 UI),외곽 주거지(초월읍 등)
7241,1_app_opened,app_opened,B(개선 UI),도심권
7242,1_app_opened,app_opened,B(개선 UI),도심권
7243,1_app_opened,app_opened,A(기존 UI),도심권
7244,1_app_opened,app_opened,B(개선 UI),도심권
7245,1_app_opened,app_opened,A(기존 UI),도심권
7245,2_home_viewed,home_viewed,A(기존 UI),도심권
7245,3_cart_interacted,cart_interacted,A(기존 UI),도심권
7246,1_app_opened,app_opened,A(기존 UI),도심권
7246,2_home_viewed,home_viewed,A(기존 UI),도심권
7247,1_app_opened,app_opened,B(개선 UI),도심권
7248,1_app_opened,app_opened,B(개선 UI),외곽 주거지(초월읍 등)
7249,1_app_opened,app_opened,A(기존 UI),외곽 주거지(초월읍 등)
7250,1_app_opened,app_opened,B(개선 UI),외곽 주거지(초월읍 등)
7250,2_home_viewed,home_viewed,B(개선 UI),외곽 주거지(초월읍 등)
7251,1_app_opened,app_opened,B(개선 UI),도심권
7251,2_home_viewed,home_viewed,B(개선 UI),도심권
7252,1_app_opened,app_opened,B(개선 UI),도심권
7253,1_app_opened,app_opened,A(기존 UI),도심권
7254,1_app_opened,app_opened,B(개선 UI),도심권
7254,2_home_viewed,home_viewed,B(개선 UI),도심권
7255,1_app_opened,app_opened,A(기존 UI),도심권
7256,1_app_opened,app_opened,B(개선 UI),외곽 주거지(초월읍 등)
7256,2_home_viewed,home_viewed,B(개선 UI),외곽 주거지(초월읍 등)
7257,1_app_opened,app_opened,A(기존 UI),도심권
7258,1_app_opened,app_opened,A(기존 UI),외곽 주거지(초월읍 등)
7259,1_app_opened,app_opened,B(개선 UI),외곽 주거지(초월읍 등)
7260,1_app_opened,app_opened,A(기존 UI),외곽 주거지(초월읍 등)
7261,1_app_opened,app_opened,A(기존 UI),외곽 주거지(초월읍 등)
7262,1_app_opened,app_opened,A(기존 UI),도심권
7262,2_home_viewed,home_viewed,A(기존 UI),도심권
7263,1_app_opened,app_opened,B(개선 UI),외곽 주거지(초월읍 등)
7263,2_home_viewed,home_viewed,B(개선 UI),외곽 주거지(초월읍 등)
7264,1_app_opened,app_opened,A(기존 UI),도심권
7265,1_app_opened,app_opened,B(개선 UI),외곽 주거지(초월읍 등)
7266,1_app_opened,app_opened,A(기존 UI),도심권
7267,1_app_opened,app_opened,A(기존 UI),도심권
7268,1_app_opened,app_opened,A(기존 UI),도심권
7269,1_app_opened,app_opened,A(기존 UI),도심권
7270,1_app_opened,app_opened,A(기존 UI),도심권
7270,2_home_viewed,home_viewed,A(기존 UI),도심권
7271,1_app_opened,app_opened,A(기존 UI),도심권
7272,1_app_opened,app_opened,B(개선 UI),외곽 주거지(초월읍 등)
7272,2_home_viewed,home_viewed,B(개선 UI),외곽 주거지(초월읍 등)
7273,1_app_opened,app_opened,B(개선 UI),도심권
7274,1_app_opened,app_opened,A(기존 UI),도심권
7275,1_app_opened,app_opened,A(기존 UI),도심권
7275,2_home_viewed,home_viewed,A(기존 UI),도심권
7276,1_app_opened,app_opened,B(개선 UI),도심권
7276,2_home_viewed,home_viewed,B(개선 UI),도심권
7277,1_app_opened,app_opened,A(기존 UI),도심권
7278,1_app_opened,app_opened,A(기존 UI),외곽 주거지(초월읍 등)
7278,2_home_viewed,home_viewed,A(기존 UI),외곽 주거지(초월읍 등)
7279,1_app_opened,app_opened,B(개선 UI),도심권
7279,2_home_viewed,home_viewed,B(개선 UI),도심권
7280,1_app_opened,app_opened,B(개선 UI),도심권
7280,2_home_viewed,home_viewed,B(개선 UI),도심권
7281,1_app_opened,app_opened,B(개선 UI),도심권
7282,1_app_opened,app_opened,A(기존 UI),도심권
7283,1_app_opened,app_opened,A(기존 UI),도심권
7284,1_app_opened,app_opened,B(개선 UI),외곽 주거지(초월읍 등)
7284,2_home_viewed,home_viewed,B(개선 UI),외곽 주거지(초월읍 등)
7284,3_cart_interacted,cart_interacted,B(개선 UI),외곽 주거지(초월읍 등)
7285,1_app_opened,app_opened,A(기존 UI),도심권
7286,1_app_opened,app_opened,B(개선 UI),도심권
7287,1_app_opened,app_opened,B(개선 UI),도심권
7287,2_home_viewed,home_viewed,B(개선 UI),도심권
7287,3_cart_interacted,cart_interacted,B(개선 UI),도심권
7288,1_app_opened,app_opened,A(기존 UI),도심권
7289,1_app_opened,app_opened,B(개선 UI),외곽 주거지(초월읍 등)
7289,2_home_viewed,home_viewed,B(개선 UI),외곽 주거지(초월읍 등)
7290,1_app_opened,app_opened,B(개선 UI),도심권
7291,1_app_opened,app_opened,B(개선 UI),도심권
7292,1_app_opened,app_opened,A(기존 UI),외곽 주거지(초월읍 등)
7293,1_app_opened,app_opened,A(기존 UI),도심권
7294,1_app_opened,app_opened,A(기존 UI),외곽 주거지(초월읍 등)
7295,1_app_opened,app_opened,A(기존 UI),도심권
7295,2_home_viewed,home_viewed,A(기존 UI),도심권
7296,1_app_opened,app_opened,B(개선 UI),도심권
7297,1_app_opened,app_opened,A(기존 UI),외곽 주거지(초월읍 등)
7298,1_app_opened,app_opened,A(기존 UI),외곽 주거지(초월읍 등)
7298,2_home_viewed,home_viewed,A(기존 UI),외곽 주거지(초월읍 등)
7299,1_app_opened,app_opened,A(기존 UI),도심권
7300,1_app_opened,app_opened,B(개선 UI),외곽 주거지(초월읍 등)
7300,2_home_viewed,home_viewed,B(개선 UI),외곽 주거지(초월읍 등)
7300,3_cart_interacted,cart_interacted,B(개선 UI),외곽 주거지(초월읍 등)
7300,4_purchase_completed,purchase_completed,B(개선 UI),외곽 주거지(초월읍 등)
7301,1_app_opened,app_opened,A(기존 UI),도심권
7301,2_home_viewed,home_viewed,A(기존 UI),도심권
7302,1_app_opened,app_opened,A(기존 UI),도심권
7303,1_app_opened,app_opened,A(기존 UI),도심권
7304,1_app_opened,app_opened,B(개선 UI),도심권
7305,1_app_opened,app_opened,A(기존 UI),외곽 주거지(초월읍 등)
7306,1_app_opened,app_opened,B(개선 UI),도심권
7306,2_home_viewed,home_viewed,B(개선 UI),도심권
7306,3_cart_interacted,cart_interacted,B(개선 UI),도심권
7307,1_app_opened,app_opened,B(개선 UI),도심권
7307,2_home_viewed,home_viewed,B(개선 UI),도심권
7307,3_cart_interacted,cart_interacted,B(개선 UI),도심권
7307,4_purchase_completed,purchase_completed,B(개선 UI),도심권
7308,1_app_opened,app_opened,A(기존 UI),외곽 주거지(초월읍 등)
7308,2_home_viewed,home_viewed,A(기존 UI),외곽 주거지(초월읍 등)
7309,1_app_opened,app_opened,B(개선 UI),도심권
7310,1_app_opened,app_opened,A(기존 UI),도심권
7311,1_app_opened,app_opened,B(개선 UI),도심권
7311,2_home_viewed,home_viewed,B(개선 UI),도심권
7311,3_cart_interacted,cart_interacted,B(개선 UI),도심권
7312,1_app_opened,app_opened,B(개선 UI),도심권
7312,2_home_viewed,home_viewed,B(개선 UI),도심권
7312,3_cart_interacted,cart_interacted,B(개선 UI),도심권
7312,4_purchase_completed,purchase_completed,B(개선 UI),도심권
7313,1_app_opened,app_opened,A(기존 UI),외곽 주거지(초월읍 등)
7314,1_app_opened,app_opened,A(기존 UI),도심권
7315,1_app_opened,app_opened,A(기존 UI),도심권
7316,1_app_opened,app_opened,B(개선 UI),외곽 주거지(초월읍 등)
7316,2_home_viewed,home_viewed,B(개선 UI),외곽 주거지(초월읍 등)
7317,1_app_opened,app_opened,A(기존 UI),도심권
7318,1_app_opened,app_opened,B(개선 UI),도심권
7318,2_home_viewed,home_viewed,B(개선 UI),도심권
7319,1_app_opened,app_opened,A(기존 UI),외곽 주거지(초월읍 등)
7320,1_app_opened,app_opened,B(개선 UI),도심권
7321,1_app_opened,app_opened,A(기존 UI),도심권
7322,1_app_opened,app_opened,B(개선 UI),도심권
7322,2_home_viewed,home_viewed,B(개선 UI),도심권
7322,3_cart_interacted,cart_interacted,B(개선 UI),도심권
7322,4_purchase_completed,purchase_completed,B(개선 UI),도심권
7323,1_app_opened,app_opened,A(기존 UI),도심권
7323,2_home_viewed,home_viewed,A(기존 UI),도심권
7324,1_app_opened,app_opened,B(개선 UI),도심권
7325,1_app_opened,app_opened,A(기존 UI),도심권
7326,1_app_opened,app_opened,A(기존 UI),외곽 주거지(초월읍 등)
7327,1_app_opened,app_opened,A(기존 UI),도심권
7328,1_app_opened,app_opened,B(개선 UI),도심권
7328,2_home_viewed,home_viewed,B(개선 UI),도심권
7329,1_app_opened,app_opened,A(기존 UI),외곽 주거지(초월읍 등)
7330,1_app_opened,app_opened,B(개선 UI),도심권
7330,2_home_viewed,home_viewed,B(개선 UI),도심권
7330,3_cart_interacted,cart_interacted,B(개선 UI),도심권
7331,1_app_opened,app_opened,A(기존 UI),외곽 주거지(초월읍 등)
7332,1_app_opened,app_opened,B(개선 UI),도심권
7333,1_app_opened,app_opened,B(개선 UI),도심권
7334,1_app_opened,app_opened,B(개선 UI),외곽 주거지(초월읍 등)
7335,1_app_opened,app_opened,A(기존 UI),도심권
7336,1_app_opened,app_opened,A(기존 UI),외곽 주거지(초월읍 등)
7336,2_home_viewed,home_viewed,A(기존 UI),외곽 주거지(초월읍 등)
7337,1_app_opened,app_opened,A(기존 UI),도심권
7338,1_app_opened,app_opened,A(기존 UI),도심권
7339,1_app_opened,app_opened,B(개선 UI),도심권
7339,2_home_viewed,home_viewed,B(개선 UI),도심권
7340,1_app_opened,app_opened,B(개선 UI),도심권
7340,2_home_viewed,home_viewed,B(개선 UI),도심권
7341,1_app_opened,app_opened,B(개선 UI),외곽 주거지(초월읍 등)
7341,2_home_viewed,home_viewed,B(개선 UI),외곽 주거지(초월읍 등)
7342,1_app_opened,app_opened,A(기존 UI),도심권
7343,1_app_opened,app_opened,B(개선 UI),외곽 주거지(초월읍 등)
7343,2_home_viewed,home_viewed,B(개선 UI),외곽 주거지(초월읍 등)
7344,1_app_opened,app_opened,A(기존 UI),도심권
7345,1_app_opened,app_opened,B(개선 UI),도심권
7345,2_home_viewed,home_viewed,B(개선 UI),도심권
7346,1_app_opened,app_opened,A(기존 UI),도심권
7347,1_app_opened,app_opened,A(기존 UI),도심권
7348,1_app_opened,app_opened,A(기존 UI),도심권
7349,1_app_opened,app_opened,B(개선 UI),도심권
7349,2_home_viewed,home_viewed,B(개선 UI),도심권
7350,1_app_opened,app_opened,B(개선 UI),도심권
7350,2_home_viewed,home_viewed,B(개선 UI),도심권
7351,1_app_opened,app_opened,A(기존 UI),외곽 주거지(초월읍 등)
7351,2_home_viewed,home_viewed,A(기존 UI),외곽 주거지(초월읍 등)
7352,1_app_opened,app_opened,A(기존 UI),외곽 주거지(초월읍 등)
7353,1_app_opened,app_opened,A(기존 UI),도심권
7354,1_app_opened,app_opened,B(개선 UI),도심권
7354,2_home_viewed,home_viewed,B(개선 UI),도심권
7354,3_cart_interacted,cart_interacted,B(개선 UI),도심권
7354,4_purchase_completed,purchase_completed,B(개선 UI),도심권
7355,1_app_opened,app_opened,A(기존 UI),도심권
7356,1_app_opened,app_opened,B(개선 UI),도심권
7356,2_home_viewed,home_viewed,B(개선 UI),도심권
7356,3_cart_interacted,cart_interacted,B(개선 UI),도심권
7357,1_app_opened,app_opened,B(개선 UI),도심권
7358,1_app_opened,app_opened,B(개선 UI),도심권
7358,2_home_viewed,home_viewed,B(개선 UI),도심권
7359,1_app_opened,app_opened,A(기존 UI),외곽 주거지(초월읍 등)
7360,1_app_opened,app_opened,B(개선 UI),도심권
7360,2_home_viewed,home_viewed,B(개선 UI),도심권
7361,1_app_opened,app_opened,B(개선 UI),도심권
7361,2_home_viewed,home_viewed,B(개선 UI),도심권
7361,3_cart_interacted,cart_interacted,B(개선 UI),도심권
7361,4_purchase_completed,purchase_completed,B(개선 UI),도심권
7362,1_app_opened,app_opened,A(기존 UI),도심권
7363,1_app_opened,app_opened,B(개선 UI),외곽 주거지(초월읍 등)
7363,2_home_viewed,home_viewed,B(개선 UI),외곽 주거지(초월읍 등)
7364,1_app_opened,app_opened,B(개선 UI),도심권
7364,2_home_viewed,home_viewed,B(개선 UI),도심권
7365,1_app_opened,app_opened,A(기존 UI),외곽 주거지(초월읍 등)
7366,1_app_opened,app_opened,A(기존 UI),외곽 주거지(초월읍 등)
7367,1_app_opened,app_opened,A(기존 UI),외곽 주거지(초월읍 등)
7367,2_home_viewed,home_viewed,A(기존 UI),외곽 주거지(초월읍 등)
7368,1_app_opened,app_opened,B(개선 UI),외곽 주거지(초월읍 등)
7369,1_app_opened,app_opened,A(기존 UI),도심권
7370,1_app_opened,app_opened,B(개선 UI),도심권
7370,2_home_viewed,home_viewed,B(개선 UI),도심권
7370,3_cart_interacted,cart_interacted,B(개선 UI),도심권
7370,4_purchase_completed,purchase_completed,B(개선 UI),도심권
7371,1_app_opened,app_opened,B(개선 UI),도심권
7372,1_app_opened,app_opened,B(개선 UI),도심권
7372,2_home_viewed,home_viewed,B(개선 UI),도심권
7372,3_cart_interacted,cart_interacted,B(개선 UI),도심권
7372,4_purchase_completed,purchase_completed,B(개선 UI),도심권
7373,1_app_opened,app_opened,A(기존 UI),도심권
7374,1_app_opened,app_opened,B(개선 UI),도심권
7374,2_home_viewed,home_viewed,B(개선 UI),도심권
7375,1_app_opened,app_opened,A(기존 UI),도심권
7375,2_home_viewed,home_viewed,A(기존 UI),도심권
7376,1_app_opened,app_opened,A(기존 UI),외곽 주거지(초월읍 등)
7377,1_app_opened,app_opened,B(개선 UI),도심권
7378,1_app_opened,app_opened,A(기존 UI),도심권
7378,2_home_viewed,home_viewed,A(기존 UI),도심권
7379,1_app_opened,app_opened,B(개선 UI),외곽 주거지(초월읍 등)
7379,2_home_viewed,home_viewed,B(개선 UI),외곽 주거지(초월읍 등)
7380,1_app_opened,app_opened,A(기존 UI),도심권
7381,1_app_opened,app_opened,A(기존 UI),외곽 주거지(초월읍 등)
7382,1_app_opened,app_opened,A(기존 UI),외곽 주거지(초월읍 등)
7382,2_home_viewed,home_viewed,A(기존 UI),외곽 주거지(초월읍 등)
7383,1_app_opened,app_opened,B(개선 UI),도심권
7384,1_app_opened,app_opened,B(개선 UI),도심권
7384,2_home_viewed,home_viewed,B(개선 UI),도심권
7384,3_cart_interacted,cart_interacted,B(개선 UI),도심권
7385,1_app_opened,app_opened,B(개선 UI),도심권
7385,2_home_viewed,home_viewed,B(개선 UI),도심권
7385,3_cart_interacted,cart_interacted,B(개선 UI),도심권
7385,4_purchase_completed,purchase_completed,B(개선 UI),도심권
7386,1_app_opened,app_opened,A(기존 UI),외곽 주거지(초월읍 등)
7387,1_app_opened,app_opened,A(기존 UI),도심권
7388,1_app_opened,app_opened,B(개선 UI),도심권
7388,2_home_viewed,home_viewed,B(개선 UI),도심권
7389,1_app_opened,app_opened,A(기존 UI),외곽 주거지(초월읍 등)
7390,1_app_opened,app_opened,A(기존 UI),도심권
7391,1_app_opened,app_opened,B(개선 UI),외곽 주거지(초월읍 등)
7391,2_home_viewed,home_viewed,B(개선 UI),외곽 주거지(초월읍 등)
7392,1_app_opened,app_opened,A(기존 UI),외곽 주거지(초월읍 등)
7393,1_app_opened,app_opened,B(개선 UI),외곽 주거지(초월읍 등)
7393,2_home_viewed,home_viewed,B(개선 UI),외곽 주거지(초월읍 등)
7394,1_app_opened,app_opened,B(개선 UI),외곽 주거지(초월읍 등)
7395,1_app_opened,app_opened,A(기존 UI),도심권
7396,1_app_opened,app_opened,A(기존 UI),외곽 주거지(초월읍 등)
7397,1_app_opened,app_opened,A(기존 UI),도심권
7398,1_app_opened,app_opened,B(개선 UI),도심권
7398,2_home_viewed,home_viewed,B(개선 UI),도심권
7399,1_app_opened,app_opened,B(개선 UI),도심권
7399,2_home_viewed,home_viewed,B(개선 UI),도심권
7400,1_app_opened,app_opened,A(기존 UI),외곽 주거지(초월읍 등)
7401,1_app_opened,app_opened,A(기존 UI),외곽 주거지(초월읍 등)
7402,1_app_opened,app_opened,B(개선 UI),외곽 주거지(초월읍 등)
7403,1_app_opened,app_opened,B(개선 UI),도심권
7403,2_home_viewed,home_viewed,B(개선 UI),도심권
7403,3_cart_interacted,cart_interacted,B(개선 UI),도심권
7404,1_app_opened,app_opened,A(기존 UI),외곽 주거지(초월읍 등)
7405,1_app_opened,app_opened,A(기존 UI),외곽 주거지(초월읍 등)
7406,1_app_opened,app_opened,A(기존 UI),도심권
7406,2_home_viewed,home_viewed,A(기존 UI),도심권
7407,1_app_opened,app_opened,B(개선 UI),도심권
7407,2_home_viewed,home_viewed,B(개선 UI),도심권
7408,1_app_opened,app_opened,B(개선 UI),도심권
7409,1_app_opened,app_opened,A(기존 UI),도심권
7410,1_app_opened,app_opened,B(개선 UI),도심권
7411,1_app_opened,app_opened,A(기존 UI),도심권
7412,1_app_opened,app_opened,A(기존 UI),도심권
7412,2_home_viewed,home_viewed,A(기존 UI),도심권
7413,1_app_opened,app_opened,A(기존 UI),도심권
7414,1_app_opened,app_opened,B(개선 UI),도심권
7414,2_home_viewed,home_viewed,B(개선 UI),도심권
7415,1_app_opened,app_opened,A(기존 UI),도심권
7416,1_app_opened,app_opened,B(개선 UI),외곽 주거지(초월읍 등)
7416,2_home_viewed,home_viewed,B(개선 UI),외곽 주거지(초월읍 등)
7416,3_cart_interacted,cart_interacted,B(개선 UI),외곽 주거지(초월읍 등)
7417,1_app_opened,app_opened,A(기존 UI),도심권
7418,1_app_opened,app_opened,A(기존 UI),도심권
7418,2_home_viewed,home_viewed,A(기존 UI),도심권
7419,1_app_opened,app_opened,A(기존 UI),도심권
7420,1_app_opened,app_opened,B(개선 UI),도심권
7421,1_app_opened,app_opened,A(기존 UI),외곽 주거지(초월읍 등)
7422,1_app_opened,app_opened,B(개선 UI),도심권
7422,2_home_viewed,home_viewed,B(개선 UI),도심권
7423,1_app_opened,app_opened,A(기존 UI),도심권
7424,1_app_opened,app_opened,A(기존 UI),외곽 주거지(초월읍 등)
7424,2_home_viewed,home_viewed,A(기존 UI),외곽 주거지(초월읍 등)
7425,1_app_opened,app_opened,A(기존 UI),도심권
7426,1_app_opened,app_opened,A(기존 UI),도심권
7426,2_home_viewed,home_viewed,A(기존 UI),도심권
7427,1_app_opened,app_opened,A(기존 UI),도심권
7428,1_app_opened,app_opened,A(기존 UI),도심권
7429,1_app_opened,app_opened,B(개선 UI),외곽 주거지(초월읍 등)
7429,2_home_viewed,home_viewed,B(개선 UI),외곽 주거지(초월읍 등)
7430,1_app_opened,app_opened,B(개선 UI),도심권
7430,2_home_viewed,home_viewed,B(개선 UI),도심권
7431,1_app_opened,app_opened,A(기존 UI),외곽 주거지(초월읍 등)
7432,1_app_opened,app_opened,A(기존 UI),외곽 주거지(초월읍 등)
7433,1_app_opened,app_opened,A(기존 UI),도심권
7434,1_app_opened,app_opened,A(기존 UI),도심권
7435,1_app_opened,app_opened,A(기존 UI),도심권
7436,1_app_opened,app_opened,B(개선 UI),도심권
7436,2_home_viewed,home_viewed,B(개선 UI),도심권
7436,3_cart_interacted,cart_interacted,B(개선 UI),도심권
7437,1_app_opened,app_opened,A(기존 UI),도심권
7438,1_app_opened,app_opened,A(기존 UI),도심권
7439,1_app_opened,app_opened,A(기존 UI),도심권
7439,2_home_viewed,home_viewed,A(기존 UI),도심권
7440,1_app_opened,app_opened,A(기존 UI),외곽 주거지(초월읍 등)
7441,1_app_opened,app_opened,B(개선 UI),도심권
7441,2_home_viewed,home_viewed,B(개선 UI),도심권
7441,3_cart_interacted,cart_interacted,B(개선 UI),도심권
7442,1_app_opened,app_opened,A(기존 UI),도심권
7443,1_app_opened,app_opened,A(기존 UI),외곽 주거지(초월읍 등)
7444,1_app_opened,app_opened,B(개선 UI),도심권
7445,1_app_opened,app_opened,A(기존 UI),도심권
7445,2_home_viewed,home_viewed,A(기존 UI),도심권
7446,1_app_opened,app_opened,B(개선 UI),도심권
7446,2_home_viewed,home_viewed,B(개선 UI),도심권
7447,1_app_opened,app_opened,B(개선 UI),도심권
7447,2_home_viewed,home_viewed,B(개선 UI),도심권
7448,1_app_opened,app_opened,A(기존 UI),도심권
7449,1_app_opened,app_opened,B(개선 UI),도심권
7449,2_home_viewed,home_viewed,B(개선 UI),도심권
7449,3_cart_interacted,cart_interacted,B(개선 UI),도심권
7450,1_app_opened,app_opened,A(기존 UI),도심권
7451,1_app_opened,app_opened,B(개선 UI),외곽 주거지(초월읍 등)
7451,2_home_viewed,home_viewed,B(개선 UI),외곽 주거지(초월읍 등)
7452,1_app_opened,app_opened,A(기존 UI),도심권
7453,1_app_opened,app_opened,A(기존 UI),도심권
7454,1_app_opened,app_opened,B(개선 UI),도심권
7454,2_home_viewed,home_viewed,B(개선 UI),도심권
7455,1_app_opened,app_opened,B(개선 UI),도심권
7455,2_home_viewed,home_viewed,B(개선 UI),도심권
7456,1_app_opened,app_opened,B(개선 UI),도심권
7456,2_home_viewed,home_viewed,B(개선 UI),도심권
7456,3_cart_interacted,cart_interacted,B(개선 UI),도심권
7456,4_purchase_completed,purchase_completed,B(개선 UI),도심권
7457,1_app_opened,app_opened,B(개선 UI),외곽 주거지(초월읍 등)
7457,2_home_viewed,home_viewed,B(개선 UI),외곽 주거지(초월읍 등)
7458,1_app_opened,app_opened,A(기존 UI),도심권
7459,1_app_opened,app_opened,A(기존 UI),도심권
7459,2_home_viewed,home_viewed,A(기존 UI),도심권
7460,1_app_opened,app_opened,A(기존 UI),도심권
7461,1_app_opened,app_opened,A(기존 UI),도심권
7462,1_app_opened,app_opened,A(기존 UI),도심권
7463,1_app_opened,app_opened,B(개선 UI),도심권
7464,1_app_opened,app_opened,A(기존 UI),도심권
7465,1_app_opened,app_opened,A(기존 UI),도심권
7465,2_home_viewed,home_viewed,A(기존 UI),도심권
7466,1_app_opened,app_opened,A(기존 UI),도심권
7466,2_home_viewed,home_viewed,A(기존 UI),도심권
7467,1_app_opened,app_opened,B(개선 UI),도심권
7467,2_home_viewed,home_viewed,B(개선 UI),도심권
7467,3_cart_interacted,cart_interacted,B(개선 UI),도심권
7467,4_purchase_completed,purchase_completed,B(개선 UI),도심권
7468,1_app_opened,app_opened,B(개선 UI),도심권
7468,2_home_viewed,home_viewed,B(개선 UI),도심권
7469,1_app_opened,app_opened,B(개선 UI),외곽 주거지(초월읍 등)
7470,1_app_opened,app_opened,A(기존 UI),도심권
7471,1_app_opened,app_opened,B(개선 UI),외곽 주거지(초월읍 등)
7471,2_home_viewed,home_viewed,B(개선 UI),외곽 주거지(초월읍 등)
7472,1_app_opened,app_opened,A(기존 UI),도심권
7473,1_app_opened,app_opened,B(개선 UI),도심권
7473,2_home_viewed,home_viewed,B(개선 UI),도심권
7473,3_cart_interacted,cart_interacted,B(개선 UI),도심권
7473,4_purchase_completed,purchase_completed,B(개선 UI),도심권
7474,1_app_opened,app_opened,B(개선 UI),도심권
7474,2_home_viewed,home_viewed,B(개선 UI),도심권
7474,3_cart_interacted,cart_interacted,B(개선 UI),도심권
7474,4_purchase_completed,purchase_completed,B(개선 UI),도심권
7475,1_app_opened,app_opened,A(기존 UI),도심권
7476,1_app_opened,app_opened,A(기존 UI),도심권
7476,2_home_viewed,home_viewed,A(기존 UI),도심권
7477,1_app_opened,app_opened,B(개선 UI),도심권
7477,2_home_viewed,home_viewed,B(개선 UI),도심권
7478,1_app_opened,app_opened,A(기존 UI),외곽 주거지(초월읍 등)
7479,1_app_opened,app_opened,B(개선 UI),도심권
7480,1_app_opened,app_opened,A(기존 UI),도심권
7481,1_app_opened,app_opened,A(기존 UI),도심권
7481,2_home_viewed,home_viewed,A(기존 UI),도심권
7482,1_app_opened,app_opened,A(기존 UI),외곽 주거지(초월읍 등)
7483,1_app_opened,app_opened,A(기존 UI),외곽 주거지(초월읍 등)
7484,1_app_opened,app_opened,A(기존 UI),도심권
7484,2_home_viewed,home_viewed,A(기존 UI),도심권
7485,1_app_opened,app_opened,A(기존 UI),외곽 주거지(초월읍 등)
7486,1_app_opened,app_opened,B(개선 UI),도심권
7486,2_home_viewed,home_viewed,B(개선 UI),도심권
7486,3_cart_interacted,cart_interacted,B(개선 UI),도심권
7487,1_app_opened,app_opened,A(기존 UI),도심권
7488,1_app_opened,app_opened,B(개선 UI),도심권
7489,1_app_opened,app_opened,B(개선 UI),외곽 주거지(초월읍 등)
7489,2_home_viewed,home_viewed,B(개선 UI),외곽 주거지(초월읍 등)
7490,1_app_opened,app_opened,B(개선 UI),외곽 주거지(초월읍 등)
7490,2_home_viewed,home_viewed,B(개선 UI),외곽 주거지(초월읍 등)
7491,1_app_opened,app_opened,A(기존 UI),외곽 주거지(초월읍 등)
7491,2_home_viewed,home_viewed,A(기존 UI),외곽 주거지(초월읍 등)
7492,1_app_opened,app_opened,A(기존 UI),도심권
7493,1_app_opened,app_opened,A(기존 UI),외곽 주거지(초월읍 등)
7494,1_app_opened,app_opened,B(개선 UI),도심권
7495,1_app_opened,app_opened,B(개선 UI),도심권
7495,2_home_viewed,home_viewed,B(개선 UI),도심권
7495,3_cart_interacted,cart_interacted,B(개선 UI),도심권
7496,1_app_opened,app_opened,A(기존 UI),도심권
7496,2_home_viewed,home_viewed,A(기존 UI),도심권
7497,1_app_opened,app_opened,A(기존 UI),도심권
7497,2_home_viewed,home_viewed,A(기존 UI),도심권
7498,1_app_opened,app_opened,B(개선 UI),도심권
7498,2_home_viewed,home_viewed,B(개선 UI),도심권
7498,3_cart_interacted,cart_interacted,B(개선 UI),도심권
7498,4_purchase_completed,purchase_completed,B(개선 UI),도심권
7499,1_app_opened,app_opened,A(기존 UI),도심권
7500,1_app_opened,app_opened,B(개선 UI),외곽 주거지(초월읍 등)
7501,1_app_opened,app_opened,B(개선 UI),도심권
7502,1_app_opened,app_opened,B(개선 UI),도심권
7503,1_app_opened,app_opened,A(기존 UI),외곽 주거지(초월읍 등)
7504,1_app_opened,app_opened,A(기존 UI),도심권
7505,1_app_opened,app_opened,B(개선 UI),도심권
7506,1_app_opened,app_opened,B(개선 UI),도심권
7507,1_app_opened,app_opened,A(기존 UI),도심권
7508,1_app_opened,app_opened,A(기존 UI),도심권
7509,1_app_opened,app_opened,B(개선 UI),도심권
7510,1_app_opened,app_opened,B(개선 UI),외곽 주거지(초월읍 등)
7510,2_home_viewed,home_viewed,B(개선 UI),외곽 주거지(초월읍 등)
7510,3_cart_interacted,cart_interacted,B(개선 UI),외곽 주거지(초월읍 등)
7510,4_purchase_completed,purchase_completed,B(개선 UI),외곽 주거지(초월읍 등)
7511,1_app_opened,app_opened,B(개선 UI),도심권
7512,1_app_opened,app_opened,B(개선 UI),도심권
7512,2_home_viewed,home_viewed,B(개선 UI),도심권
7512,3_cart_interacted,cart_interacted,B(개선 UI),도심권
7512,4_purchase_completed,purchase_completed,B(개선 UI),도심권
7513,1_app_opened,app_opened,A(기존 UI),도심권
7513,2_home_viewed,home_viewed,A(기존 UI),도심권
7514,1_app_opened,app_opened,A(기존 UI),도심권
7515,1_app_opened,app_opened,B(개선 UI),도심권
7516,1_app_opened,app_opened,B(개선 UI),외곽 주거지(초월읍 등)
7517,1_app_opened,app_opened,A(기존 UI),외곽 주거지(초월읍 등)
7518,1_app_opened,app_opened,A(기존 UI),도심권
7518,2_home_viewed,home_viewed,A(기존 UI),도심권
7519,1_app_opened,app_opened,B(개선 UI),외곽 주거지(초월읍 등)
7519,2_home_viewed,home_viewed,B(개선 UI),외곽 주거지(초월읍 등)
7519,3_cart_interacted,cart_interacted,B(개선 UI),외곽 주거지(초월읍 등)
7520,1_app_opened,app_opened,A(기존 UI),도심권
7521,1_app_opened,app_opened,A(기존 UI),도심권
7522,1_app_opened,app_opened,B(개선 UI),도심권
7522,2_home_viewed,home_viewed,B(개선 UI),도심권
7523,1_app_opened,app_opened,B(개선 UI),도심권
7523,2_home_viewed,home_viewed,B(개선 UI),도심권
7523,3_cart_interacted,cart_interacted,B(개선 UI),도심권
7524,1_app_opened,app_opened,B(개선 UI),외곽 주거지(초월읍 등)
7524,2_home_viewed,home_viewed,B(개선 UI),외곽 주거지(초월읍 등)
7524,3_cart_interacted,cart_interacted,B(개선 UI),외곽 주거지(초월읍 등)
7524,4_purchase_completed,purchase_completed,B(개선 UI),외곽 주거지(초월읍 등)
7525,1_app_opened,app_opened,A(기존 UI),도심권
7526,1_app_opened,app_opened,B(개선 UI),도심권
7526,2_home_viewed,home_viewed,B(개선 UI),도심권
7527,1_app_opened,app_opened,B(개선 UI),외곽 주거지(초월읍 등)
7527,2_home_viewed,home_viewed,B(개선 UI),외곽 주거지(초월읍 등)
7527,3_cart_interacted,cart_interacted,B(개선 UI),외곽 주거지(초월읍 등)
7527,4_purchase_completed,purchase_completed,B(개선 UI),외곽 주거지(초월읍 등)
7528,1_app_opened,app_opened,B(개선 UI),외곽 주거지(초월읍 등)
7528,2_home_viewed,home_viewed,B(개선 UI),외곽 주거지(초월읍 등)
7529,1_app_opened,app_opened,B(개선 UI),외곽 주거지(초월읍 등)
7529,2_home_viewed,home_viewed,B(개선 UI),외곽 주거지(초월읍 등)
7530,1_app_opened,app_opened,A(기존 UI),도심권
7531,1_app_opened,app_opened,A(기존 UI),도심권
7532,1_app_opened,app_opened,A(기존 UI),도심권
7533,1_app_opened,app_opened,A(기존 UI),도심권
7533,2_home_viewed,home_viewed,A(기존 UI),도심권
7533,3_cart_interacted,cart_interacted,A(기존 UI),도심권
7533,4_purchase_completed,purchase_completed,A(기존 UI),도심권
7534,1_app_opened,app_opened,B(개선 UI),외곽 주거지(초월읍 등)
7534,2_home_viewed,home_viewed,B(개선 UI),외곽 주거지(초월읍 등)
7535,1_app_opened,app_opened,B(개선 UI),외곽 주거지(초월읍 등)
7535,2_home_viewed,home_viewed,B(개선 UI),외곽 주거지(초월읍 등)
7536,1_app_opened,app_opened,B(개선 UI),외곽 주거지(초월읍 등)
7536,2_home_viewed,home_viewed,B(개선 UI),외곽 주거지(초월읍 등)
7537,1_app_opened,app_opened,B(개선 UI),도심권
7538,1_app_opened,app_opened,A(기존 UI),외곽 주거지(초월읍 등)
7538,2_home_viewed,home_viewed,A(기존 UI),외곽 주거지(초월읍 등)
7539,1_app_opened,app_opened,A(기존 UI),외곽 주거지(초월읍 등)
7540,1_app_opened,app_opened,A(기존 UI),도심권
7540,2_home_viewed,home_viewed,A(기존 UI),도심권
7541,1_app_opened,app_opened,A(기존 UI),도심권
7542,1_app_opened,app_opened,A(기존 UI),외곽 주거지(초월읍 등)
7543,1_app_opened,app_opened,B(개선 UI),도심권
7543,2_home_viewed,home_viewed,B(개선 UI),도심권
7544,1_app_opened,app_opened,B(개선 UI),외곽 주거지(초월읍 등)
7545,1_app_opened,app_opened,A(기존 UI),도심권
7546,1_app_opened,app_opened,A(기존 UI),외곽 주거지(초월읍 등)
7546,2_home_viewed,home_viewed,A(기존 UI),외곽 주거지(초월읍 등)
7547,1_app_opened,app_opened,B(개선 UI),외곽 주거지(초월읍 등)
7547,2_home_viewed,home_viewed,B(개선 UI),외곽 주거지(초월읍 등)
7548,1_app_opened,app_opened,A(기존 UI),도심권
7549,1_app_opened,app_opened,B(개선 UI),외곽 주거지(초월읍 등)
7550,1_app_opened,app_opened,B(개선 UI),도심권
7550,2_home_viewed,home_viewed,B(개선 UI),도심권
7550,3_cart_interacted,cart_interacted,B(개선 UI),도심권
7551,1_app_opened,app_opened,B(개선 UI),도심권
7551,2_home_viewed,home_viewed,B(개선 UI),도심권
7552,1_app_opened,app_opened,A(기존 UI),도심권
7553,1_app_opened,app_opened,B(개선 UI),도심권
7554,1_app_opened,app_opened,A(기존 UI),외곽 주거지(초월읍 등)
7555,1_app_opened,app_opened,B(개선 UI),외곽 주거지(초월읍 등)
7555,2_home_viewed,home_viewed,B(개선 UI),외곽 주거지(초월읍 등)
7556,1_app_opened,app_opened,A(기존 UI),도심권
7557,1_app_opened,app_opened,A(기존 UI),도심권
7557,2_home_viewed,home_viewed,A(기존 UI),도심권
7557,3_cart_interacted,cart_interacted,A(기존 UI),도심권
7557,4_purchase_completed,purchase_completed,A(기존 UI),도심권
7558,1_app_opened,app_opened,B(개선 UI),도심권
7558,2_home_viewed,home_viewed,B(개선 UI),도심권
7559,1_app_opened,app_opened,B(개선 UI),도심권
7559,2_home_viewed,home_viewed,B(개선 UI),도심권
7560,1_app_opened,app_opened,B(개선 UI),외곽 주거지(초월읍 등)
7560,2_home_viewed,home_viewed,B(개선 UI),외곽 주거지(초월읍 등)
7560,3_cart_interacted,cart_interacted,B(개선 UI),외곽 주거지(초월읍 등)
7561,1_app_opened,app_opened,B(개선 UI),도심권
7562,1_app_opened,app_opened,B(개선 UI),도심권
7562,2_home_viewed,home_viewed,B(개선 UI),도심권
7563,1_app_opened,app_opened,A(기존 UI),도심권
7564,1_app_opened,app_opened,B(개선 UI),도심권
7564,2_home_viewed,home_viewed,B(개선 UI),도심권
7564,3_cart_interacted,cart_interacted,B(개선 UI),도심권
7564,4_purchase_completed,purchase_completed,B(개선 UI),도심권
7565,1_app_opened,app_opened,B(개선 UI),외곽 주거지(초월읍 등)
7566,1_app_opened,app_opened,B(개선 UI),도심권
7566,2_home_viewed,home_viewed,B(개선 UI),도심권
7566,3_cart_interacted,cart_interacted,B(개선 UI),도심권
7566,4_purchase_completed,purchase_completed,B(개선 UI),도심권
7567,1_app_opened,app_opened,B(개선 UI),도심권
7568,1_app_opened,app_opened,A(기존 UI),외곽 주거지(초월읍 등)
7569,1_app_opened,app_opened,B(개선 UI),외곽 주거지(초월읍 등)
7570,1_app_opened,app_opened,A(기존 UI),외곽 주거지(초월읍 등)
7571,1_app_opened,app_opened,A(기존 UI),외곽 주거지(초월읍 등)
7571,2_home_viewed,home_viewed,A(기존 UI),외곽 주거지(초월읍 등)
7572,1_app_opened,app_opened,B(개선 UI),외곽 주거지(초월읍 등)
7573,1_app_opened,app_opened,A(기존 UI),도심권
7574,1_app_opened,app_opened,B(개선 UI),도심권
7575,1_app_opened,app_opened,A(기존 UI),도심권
7576,1_app_opened,app_opened,A(기존 UI),외곽 주거지(초월읍 등)
7577,1_app_opened,app_opened,B(개선 UI),도심권
7578,1_app_opened,app_opened,B(개선 UI),도심권
7578,2_home_viewed,home_viewed,B(개선 UI),도심권
7579,1_app_opened,app_opened,B(개선 UI),도심권
7579,2_home_viewed,home_viewed,B(개선 UI),도심권
7579,3_cart_interacted,cart_interacted,B(개선 UI),도심권
7579,4_purchase_completed,purchase_completed,B(개선 UI),도심권
7580,1_app_opened,app_opened,B(개선 UI),외곽 주거지(초월읍 등)
7580,2_home_viewed,home_viewed,B(개선 UI),외곽 주거지(초월읍 등)
7581,1_app_opened,app_opened,B(개선 UI),도심권
7581,2_home_viewed,home_viewed,B(개선 UI),도심권
7582,1_app_opened,app_opened,A(기존 UI),도심권
7583,1_app_opened,app_opened,A(기존 UI),도심권
7584,1_app_opened,app_opened,A(기존 UI),외곽 주거지(초월읍 등)
7585,1_app_opened,app_opened,B(개선 UI),도심권
7585,2_home_viewed,home_viewed,B(개선 UI),도심권
7586,1_app_opened,app_opened,B(개선 UI),도심권
7586,2_home_viewed,home_viewed,B(개선 UI),도심권
7587,1_app_opened,app_opened,A(기존 UI),도심권
7588,1_app_opened,app_opened,B(개선 UI),도심권
7589,1_app_opened,app_opened,B(개선 UI),도심권
7589,2_home_viewed,home_viewed,B(개선 UI),도심권
7590,1_app_opened,app_opened,A(기존 UI),도심권
7591,1_app_opened,app_opened,A(기존 UI),도심권
7592,1_app_opened,app_opened,B(개선 UI),외곽 주거지(초월읍 등)
7592,2_home_viewed,home_viewed,B(개선 UI),외곽 주거지(초월읍 등)
7593,1_app_opened,app_opened,B(개선 UI),도심권
7593,2_home_viewed,home_viewed,B(개선 UI),도심권
7594,1_app_opened,app_opened,B(개선 UI),도심권
7594,2_home_viewed,home_viewed,B(개선 UI),도심권
7595,1_app_opened,app_opened,A(기존 UI),외곽 주거지(초월읍 등)
7595,2_home_viewed,home_viewed,A(기존 UI),외곽 주거지(초월읍 등)
7596,1_app_opened,app_opened,B(개선 UI),외곽 주거지(초월읍 등)
7596,2_home_viewed,home_viewed,B(개선 UI),외곽 주거지(초월읍 등)
7597,1_app_opened,app_opened,A(기존 UI),도심권
7597,2_home_viewed,home_viewed,A(기존 UI),도심권
7598,1_app_opened,app_opened,A(기존 UI),도심권
7599,1_app_opened,app_opened,B(개선 UI),외곽 주거지(초월읍 등)
7599,2_home_viewed,home_viewed,B(개선 UI),외곽 주거지(초월읍 등)
7600,1_app_opened,app_opened,A(기존 UI),외곽 주거지(초월읍 등)
7601,1_app_opened,app_opened,B(개선 UI),도심권
7602,1_app_opened,app_opened,A(기존 UI),도심권
7602,2_home_viewed,home_viewed,A(기존 UI),도심권
7603,1_app_opened,app_opened,B(개선 UI),도심권
7604,1_app_opened,app_opened,B(개선 UI),도심권
7605,1_app_opened,app_opened,A(기존 UI),도심권
7606,1_app_opened,app_opened,B(개선 UI),도심권
7606,2_home_viewed,home_viewed,B(개선 UI),도심권
7607,1_app_opened,app_opened,A(기존 UI),도심권
7608,1_app_opened,app_opened,B(개선 UI),도심권
7608,2_home_viewed,home_viewed,B(개선 UI),도심권
7609,1_app_opened,app_opened,A(기존 UI),도심권
7610,1_app_opened,app_opened,A(기존 UI),도심권
7611,1_app_opened,app_opened,A(기존 UI),도심권
7612,1_app_opened,app_opened,A(기존 UI),도심권
7612,2_home_viewed,home_viewed,A(기존 UI),도심권
7612,3_cart_interacted,cart_interacted,A(기존 UI),도심권
7613,1_app_opened,app_opened,B(개선 UI),외곽 주거지(초월읍 등)
7613,2_home_viewed,home_viewed,B(개선 UI),외곽 주거지(초월읍 등)
7614,1_app_opened,app_opened,A(기존 UI),도심권
7615,1_app_opened,app_opened,A(기존 UI),외곽 주거지(초월읍 등)
7615,2_home_viewed,home_viewed,A(기존 UI),외곽 주거지(초월읍 등)
7616,1_app_opened,app_opened,A(기존 UI),도심권
7617,1_app_opened,app_opened,A(기존 UI),도심권
7617,2_home_viewed,home_viewed,A(기존 UI),도심권
7617,3_cart_interacted,cart_interacted,A(기존 UI),도심권
7617,4_purchase_completed,purchase_completed,A(기존 UI),도심권
7618,1_app_opened,app_opened,B(개선 UI),도심권
7618,2_home_viewed,home_viewed,B(개선 UI),도심권
7619,1_app_opened,app_opened,B(개선 UI),외곽 주거지(초월읍 등)
7619,2_home_viewed,home_viewed,B(개선 UI),외곽 주거지(초월읍 등)
7620,1_app_opened,app_opened,A(기존 UI),도심권
7621,1_app_opened,app_opened,B(개선 UI),도심권
7621,2_home_viewed,home_viewed,B(개선 UI),도심권
7622,1_app_opened,app_opened,B(개선 UI),도심권
7622,2_home_viewed,home_viewed,B(개선 UI),도심권
7623,1_app_opened,app_opened,A(기존 UI),외곽 주거지(초월읍 등)
7624,1_app_opened,app_opened,B(개선 UI),외곽 주거지(초월읍 등)
7624,2_home_viewed,home_viewed,B(개선 UI),외곽 주거지(초월읍 등)
7625,1_app_opened,app_opened,B(개선 UI),도심권
7626,1_app_opened,app_opened,B(개선 UI),도심권
7626,2_home_viewed,home_viewed,B(개선 UI),도심권
7627,1_app_opened,app_opened,B(개선 UI),도심권
7627,2_home_viewed,home_viewed,B(개선 UI),도심권
7628,1_app_opened,app_opened,A(기존 UI),도심권
7629,1_app_opened,app_opened,B(개선 UI),도심권
7629,2_home_viewed,home_viewed,B(개선 UI),도심권
7630,1_app_opened,app_opened,B(개선 UI),외곽 주거지(초월읍 등)
7631,1_app_opened,app_opened,A(기존 UI),외곽 주거지(초월읍 등)
7632,1_app_opened,app_opened,B(개선 UI),도심권
7633,1_app_opened,app_opened,A(기존 UI),도심권
7633,2_home_viewed,home_viewed,A(기존 UI),도심권
7633,3_cart_interacted,cart_interacted,A(기존 UI),도심권
7633,4_purchase_completed,purchase_completed,A(기존 UI),도심권
7634,1_app_opened,app_opened,B(개선 UI),도심권
7634,2_home_viewed,home_viewed,B(개선 UI),도심권
7635,1_app_opened,app_opened,B(개선 UI),도심권
7635,2_home_viewed,home_viewed,B(개선 UI),도심권
7636,1_app_opened,app_opened,A(기존 UI),도심권
7637,1_app_opened,app_opened,A(기존 UI),도심권
7638,1_app_opened,app_opened,B(개선 UI),도심권
7638,2_home_viewed,home_viewed,B(개선 UI),도심권
7639,1_app_opened,app_opened,A(기존 UI),도심권
7639,2_home_viewed,home_viewed,A(기존 UI),도심권
7640,1_app_opened,app_opened,A(기존 UI),외곽 주거지(초월읍 등)
7641,1_app_opened,app_opened,A(기존 UI),도심권
7642,1_app_opened,app_opened,A(기존 UI),도심권
7643,1_app_opened,app_opened,A(기존 UI),도심권
7644,1_app_opened,app_opened,A(기존 UI),도심권
7645,1_app_opened,app_opened,A(기존 UI),외곽 주거지(초월읍 등)
7646,1_app_opened,app_opened,B(개선 UI),외곽 주거지(초월읍 등)
7646,2_home_viewed,home_viewed,B(개선 UI),외곽 주거지(초월읍 등)
7647,1_app_opened,app_opened,B(개선 UI),도심권
7648,1_app_opened,app_opened,A(기존 UI),외곽 주거지(초월읍 등)
7649,1_app_opened,app_opened,A(기존 UI),도심권
7650,1_app_opened,app_opened,B(개선 UI),외곽 주거지(초월읍 등)
7651,1_app_opened,app_opened,A(기존 UI),도심권
7651,2_home_viewed,home_viewed,A(기존 UI),도심권
7652,1_app_opened,app_opened,A(기존 UI),도심권
7653,1_app_opened,app_opened,A(기존 UI),도심권
7654,1_app_opened,app_opened,B(개선 UI),외곽 주거지(초월읍 등)
7655,1_app_opened,app_opened,B(개선 UI),도심권
7656,1_app_opened,app_opened,B(개선 UI),외곽 주거지(초월읍 등)
7656,2_home_viewed,home_viewed,B(개선 UI),외곽 주거지(초월읍 등)
7656,3_cart_interacted,cart_interacted,B(개선 UI),외곽 주거지(초월읍 등)
7657,1_app_opened,app_opened,B(개선 UI),도심권
7658,1_app_opened,app_opened,B(개선 UI),외곽 주거지(초월읍 등)
7659,1_app_opened,app_opened,A(기존 UI),도심권
7660,1_app_opened,app_opened,B(개선 UI),외곽 주거지(초월읍 등)
7660,2_home_viewed,home_viewed,B(개선 UI),외곽 주거지(초월읍 등)
7661,1_app_opened,app_opened,A(기존 UI),도심권
7662,1_app_opened,app_opened,B(개선 UI),도심권
7662,2_home_viewed,home_viewed,B(개선 UI),도심권
7663,1_app_opened,app_opened,B(개선 UI),외곽 주거지(초월읍 등)
7664,1_app_opened,app_opened,B(개선 UI),외곽 주거지(초월읍 등)
7664,2_home_viewed,home_viewed,B(개선 UI),외곽 주거지(초월읍 등)
7664,3_cart_interacted,cart_interacted,B(개선 UI),외곽 주거지(초월읍 등)
7665,1_app_opened,app_opened,A(기존 UI),도심권
7665,2_home_viewed,home_viewed,A(기존 UI),도심권
7666,1_app_opened,app_opened,A(기존 UI),도심권
7666,2_home_viewed,home_viewed,A(기존 UI),도심권
7667,1_app_opened,app_opened,B(개선 UI),도심권
7667,2_home_viewed,home_viewed,B(개선 UI),도심권
7667,3_cart_interacted,cart_interacted,B(개선 UI),도심권
7667,4_purchase_completed,purchase_completed,B(개선 UI),도심권
7668,1_app_opened,app_opened,B(개선 UI),도심권
7669,1_app_opened,app_opened,B(개선 UI),도심권
7669,2_home_viewed,home_viewed,B(개선 UI),도심권
7670,1_app_opened,app_opened,A(기존 UI),도심권
7671,1_app_opened,app_opened,B(개선 UI),도심권
7672,1_app_opened,app_opened,B(개선 UI),외곽 주거지(초월읍 등)
7672,2_home_viewed,home_viewed,B(개선 UI),외곽 주거지(초월읍 등)
7673,1_app_opened,app_opened,B(개선 UI),외곽 주거지(초월읍 등)
7674,1_app_opened,app_opened,B(개선 UI),도심권
7675,1_app_opened,app_opened,B(개선 UI),도심권
7675,2_home_viewed,home_viewed,B(개선 UI),도심권
7676,1_app_opened,app_opened,B(개선 UI),도심권
7676,2_home_viewed,home_viewed,B(개선 UI),도심권
7676,3_cart_interacted,cart_interacted,B(개선 UI),도심권
7676,4_purchase_completed,purchase_completed,B(개선 UI),도심권
7677,1_app_opened,app_opened,B(개선 UI),도심권
7678,1_app_opened,app_opened,B(개선 UI),도심권
7679,1_app_opened,app_opened,A(기존 UI),도심권
7680,1_app_opened,app_opened,A(기존 UI),도심권
7681,1_app_opened,app_opened,B(개선 UI),도심권
7682,1_app_opened,app_opened,B(개선 UI),외곽 주거지(초월읍 등)
7682,2_home_viewed,home_viewed,B(개선 UI),외곽 주거지(초월읍 등)
7683,1_app_opened,app_opened,B(개선 UI),외곽 주거지(초월읍 등)
7683,2_home_viewed,home_viewed,B(개선 UI),외곽 주거지(초월읍 등)
7683,3_cart_interacted,cart_interacted,B(개선 UI),외곽 주거지(초월읍 등)
7684,1_app_opened,app_opened,A(기존 UI),도심권
7685,1_app_opened,app_opened,A(기존 UI),도심권
7686,1_app_opened,app_opened,B(개선 UI),외곽 주거지(초월읍 등)
7687,1_app_opened,app_opened,B(개선 UI),도심권
7687,2_home_viewed,home_viewed,B(개선 UI),도심권
7687,3_cart_interacted,cart_interacted,B(개선 UI),도심권
7687,4_purchase_completed,purchase_completed,B(개선 UI),도심권
7688,1_app_opened,app_opened,A(기존 UI),외곽 주거지(초월읍 등)
7689,1_app_opened,app_opened,A(기존 UI),외곽 주거지(초월읍 등)
7690,1_app_opened,app_opened,B(개선 UI),외곽 주거지(초월읍 등)
7691,1_app_opened,app_opened,A(기존 UI),도심권
7692,1_app_opened,app_opened,B(개선 UI),도심권
7692,2_home_viewed,home_viewed,B(개선 UI),도심권
7693,1_app_opened,app_opened,A(기존 UI),외곽 주거지(초월읍 등)
7694,1_app_opened,app_opened,B(개선 UI),도심권
7694,2_home_viewed,home_viewed,B(개선 UI),도심권
7695,1_app_opened,app_opened,B(개선 UI),도심권
7695,2_home_viewed,home_viewed,B(개선 UI),도심권
7695,3_cart_interacted,cart_interacted,B(개선 UI),도심권
7695,4_purchase_completed,purchase_completed,B(개선 UI),도심권
7696,1_app_opened,app_opened,B(개선 UI),도심권
7697,1_app_opened,app_opened,A(기존 UI),도심권
7697,2_home_viewed,home_viewed,A(기존 UI),도심권
7698,1_app_opened,app_opened,B(개선 UI),외곽 주거지(초월읍 등)
7699,1_app_opened,app_opened,A(기존 UI),도심권
7700,1_app_opened,app_opened,A(기존 UI),외곽 주거지(초월읍 등)
7700,2_home_viewed,home_viewed,A(기존 UI),외곽 주거지(초월읍 등)
7701,1_app_opened,app_opened,B(개선 UI),외곽 주거지(초월읍 등)
7701,2_home_viewed,home_viewed,B(개선 UI),외곽 주거지(초월읍 등)
7702,1_app_opened,app_opened,B(개선 UI),도심권
7703,1_app_opened,app_opened,B(개선 UI),도심권
7704,1_app_opened,app_opened,A(기존 UI),외곽 주거지(초월읍 등)
7705,1_app_opened,app_opened,A(기존 UI),도심권
7705,2_home_viewed,home_viewed,A(기존 UI),도심권
7706,1_app_opened,app_opened,A(기존 UI),외곽 주거지(초월읍 등)
7707,1_app_opened,app_opened,B(개선 UI),외곽 주거지(초월읍 등)
7707,2_home_viewed,home_viewed,B(개선 UI),외곽 주거지(초월읍 등)
7707,3_cart_interacted,cart_interacted,B(개선 UI),외곽 주거지(초월읍 등)
7707,4_purchase_completed,purchase_completed,B(개선 UI),외곽 주거지(초월읍 등)
7708,1_app_opened,app_opened,B(개선 UI),도심권
7708,2_home_viewed,home_viewed,B(개선 UI),도심권
7708,3_cart_interacted,cart_interacted,B(개선 UI),도심권
7709,1_app_opened,app_opened,B(개선 UI),외곽 주거지(초월읍 등)
7709,2_home_viewed,home_viewed,B(개선 UI),외곽 주거지(초월읍 등)
7710,1_app_opened,app_opened,B(개선 UI),도심권
7710,2_home_viewed,home_viewed,B(개선 UI),도심권
7711,1_app_opened,app_opened,A(기존 UI),도심권
7712,1_app_opened,app_opened,A(기존 UI),외곽 주거지(초월읍 등)
7713,1_app_opened,app_opened,A(기존 UI),외곽 주거지(초월읍 등)
7714,1_app_opened,app_opened,A(기존 UI),도심권
7715,1_app_opened,app_opened,A(기존 UI),도심권
7716,1_app_opened,app_opened,B(개선 UI),도심권
7716,2_home_viewed,home_viewed,B(개선 UI),도심권
7717,1_app_opened,app_opened,A(기존 UI),도심권
7718,1_app_opened,app_opened,B(개선 UI),도심권
7718,2_home_viewed,home_viewed,B(개선 UI),도심권
7719,1_app_opened,app_opened,A(기존 UI),도심권
7720,1_app_opened,app_opened,B(개선 UI),도심권
7721,1_app_opened,app_opened,B(개선 UI),외곽 주거지(초월읍 등)
7721,2_home_viewed,home_viewed,B(개선 UI),외곽 주거지(초월읍 등)
7721,3_cart_interacted,cart_interacted,B(개선 UI),외곽 주거지(초월읍 등)
7721,4_purchase_completed,purchase_completed,B(개선 UI),외곽 주거지(초월읍 등)
7722,1_app_opened,app_opened,B(개선 UI),도심권
7722,2_home_viewed,home_viewed,B(개선 UI),도심권
7722,3_cart_interacted,cart_interacted,B(개선 UI),도심권
7722,4_purchase_completed,purchase_completed,B(개선 UI),도심권
7723,1_app_opened,app_opened,A(기존 UI),도심권
7724,1_app_opened,app_opened,B(개선 UI),외곽 주거지(초월읍 등)
7725,1_app_opened,app_opened,B(개선 UI),외곽 주거지(초월읍 등)
7725,2_home_viewed,home_viewed,B(개선 UI),외곽 주거지(초월읍 등)
7726,1_app_opened,app_opened,A(기존 UI),외곽 주거지(초월읍 등)
7727,1_app_opened,app_opened,A(기존 UI),도심권
7728,1_app_opened,app_opened,A(기존 UI),도심권
7729,1_app_opened,app_opened,B(개선 UI),도심권
7729,2_home_viewed,home_viewed,B(개선 UI),도심권
7729,3_cart_interacted,cart_interacted,B(개선 UI),도심권
7729,4_purchase_completed,purchase_completed,B(개선 UI),도심권
7730,1_app_opened,app_opened,B(개선 UI),도심권
7731,1_app_opened,app_opened,B(개선 UI),도심권
7732,1_app_opened,app_opened,A(기존 UI),도심권
7733,1_app_opened,app_opened,A(기존 UI),도심권
7734,1_app_opened,app_opened,B(개선 UI),도심권
7734,2_home_viewed,home_viewed,B(개선 UI),도심권
7735,1_app_opened,app_opened,A(기존 UI),도심권
7735,2_home_viewed,home_viewed,A(기존 UI),도심권
7736,1_app_opened,app_opened,B(개선 UI),도심권
7736,2_home_viewed,home_viewed,B(개선 UI),도심권
7736,3_cart_interacted,cart_interacted,B(개선 UI),도심권
7737,1_app_opened,app_opened,B(개선 UI),도심권
7738,1_app_opened,app_opened,A(기존 UI),도심권
7739,1_app_opened,app_opened,B(개선 UI),도심권
7739,2_home_viewed,home_viewed,B(개선 UI),도심권
7740,1_app_opened,app_opened,A(기존 UI),도심권
7741,1_app_opened,app_opened,B(개선 UI),도심권
7742,1_app_opened,app_opened,A(기존 UI),도심권
7742,2_home_viewed,home_viewed,A(기존 UI),도심권
7743,1_app_opened,app_opened,B(개선 UI),도심권
7744,1_app_opened,app_opened,A(기존 UI),외곽 주거지(초월읍 등)
7744,2_home_viewed,home_viewed,A(기존 UI),외곽 주거지(초월읍 등)
7745,1_app_opened,app_opened,A(기존 UI),도심권
7746,1_app_opened,app_opened,B(개선 UI),도심권
7746,2_home_viewed,home_viewed,B(개선 UI),도심권
7746,3_cart_interacted,cart_interacted,B(개선 UI),도심권
7746,4_purchase_completed,purchase_completed,B(개선 UI),도심권
7747,1_app_opened,app_opened,A(기존 UI),외곽 주거지(초월읍 등)
7748,1_app_opened,app_opened,B(개선 UI),도심권
7748,2_home_viewed,home_viewed,B(개선 UI),도심권
7749,1_app_opened,app_opened,A(기존 UI),도심권
7749,2_home_viewed,home_viewed,A(기존 UI),도심권
7750,1_app_opened,app_opened,B(개선 UI),도심권
7751,1_app_opened,app_opened,A(기존 UI),외곽 주거지(초월읍 등)
7752,1_app_opened,app_opened,B(개선 UI),도심권
7752,2_home_viewed,home_viewed,B(개선 UI),도심권
7752,3_cart_interacted,cart_interacted,B(개선 UI),도심권
7753,1_app_opened,app_opened,A(기존 UI),도심권
7754,1_app_opened,app_opened,A(기존 UI),도심권
7755,1_app_opened,app_opened,A(기존 UI),도심권
7756,1_app_opened,app_opened,B(개선 UI),도심권
7757,1_app_opened,app_opened,A(기존 UI),외곽 주거지(초월읍 등)
7757,2_home_viewed,home_viewed,A(기존 UI),외곽 주거지(초월읍 등)
7758,1_app_opened,app_opened,B(개선 UI),도심권
7758,2_home_viewed,home_viewed,B(개선 UI),도심권
7759,1_app_opened,app_opened,B(개선 UI),도심권
7760,1_app_opened,app_opened,A(기존 UI),도심권
7761,1_app_opened,app_opened,B(개선 UI),도심권
7762,1_app_opened,app_opened,A(기존 UI),외곽 주거지(초월읍 등)
7763,1_app_opened,app_opened,A(기존 UI),도심권
7763,2_home_viewed,home_viewed,A(기존 UI),도심권
7764,1_app_opened,app_opened,B(개선 UI),도심권
7764,2_home_viewed,home_viewed,B(개선 UI),도심권
7765,1_app_opened,app_opened,B(개선 UI),도심권
7765,2_home_viewed,home_viewed,B(개선 UI),도심권
7765,3_cart_interacted,cart_interacted,B(개선 UI),도심권
7765,4_purchase_completed,purchase_completed,B(개선 UI),도심권
7766,1_app_opened,app_opened,B(개선 UI),도심권
7766,2_home_viewed,home_viewed,B(개선 UI),도심권
7767,1_app_opened,app_opened,A(기존 UI),도심권
7767,2_home_viewed,home_viewed,A(기존 UI),도심권
7768,1_app_opened,app_opened,A(기존 UI),외곽 주거지(초월읍 등)
7768,2_home_viewed,home_viewed,A(기존 UI),외곽 주거지(초월읍 등)
7769,1_app_opened,app_opened,A(기존 UI),도심권
7770,1_app_opened,app_opened,B(개선 UI),외곽 주거지(초월읍 등)
7771,1_app_opened,app_opened,B(개선 UI),외곽 주거지(초월읍 등)
7772,1_app_opened,app_opened,B(개선 UI),외곽 주거지(초월읍 등)
7772,2_home_viewed,home_viewed,B(개선 UI),외곽 주거지(초월읍 등)
7773,1_app_opened,app_opened,A(기존 UI),도심권
7774,1_app_opened,app_opened,A(기존 UI),도심권
7775,1_app_opened,app_opened,A(기존 UI),외곽 주거지(초월읍 등)
7775,2_home_viewed,home_viewed,A(기존 UI),외곽 주거지(초월읍 등)
7776,1_app_opened,app_opened,A(기존 UI),외곽 주거지(초월읍 등)
7777,1_app_opened,app_opened,A(기존 UI),외곽 주거지(초월읍 등)
7778,1_app_opened,app_opened,B(개선 UI),도심권
7779,1_app_opened,app_opened,B(개선 UI),도심권
7779,2_home_viewed,home_viewed,B(개선 UI),도심권
7780,1_app_opened,app_opened,B(개선 UI),외곽 주거지(초월읍 등)
7780,2_home_viewed,home_viewed,B(개선 UI),외곽 주거지(초월읍 등)
7780,3_cart_interacted,cart_interacted,B(개선 UI),외곽 주거지(초월읍 등)
7780,4_purchase_completed,purchase_completed,B(개선 UI),외곽 주거지(초월읍 등)
7781,1_app_opened,app_opened,A(기존 UI),도심권
7781,2_home_viewed,home_viewed,A(기존 UI),도심권
7781,3_cart_interacted,cart_interacted,A(기존 UI),도심권
7781,4_purchase_completed,purchase_completed,A(기존 UI),도심권
7782,1_app_opened,app_opened,A(기존 UI),도심권
7783,1_app_opened,app_opened,B(개선 UI),도심권
7783,2_home_viewed,home_viewed,B(개선 UI),도심권
7783,3_cart_interacted,cart_interacted,B(개선 UI),도심권
7784,1_app_opened,app_opened,A(기존 UI),도심권
7785,1_app_opened,app_opened,B(개선 UI),도심권
7785,2_home_viewed,home_viewed,B(개선 UI),도심권
7786,1_app_opened,app_opened,A(기존 UI),도심권
7787,1_app_opened,app_opened,A(기존 UI),도심권
7788,1_app_opened,app_opened,B(개선 UI),도심권
7788,2_home_viewed,home_viewed,B(개선 UI),도심권
7788,3_cart_interacted,cart_interacted,B(개선 UI),도심권
7789,1_app_opened,app_opened,A(기존 UI),도심권
7790,1_app_opened,app_opened,B(개선 UI),도심권
7790,2_home_viewed,home_viewed,B(개선 UI),도심권
7790,3_cart_interacted,cart_interacted,B(개선 UI),도심권
7791,1_app_opened,app_opened,B(개선 UI),외곽 주거지(초월읍 등)
7792,1_app_opened,app_opened,A(기존 UI),도심권
7793,1_app_opened,app_opened,A(기존 UI),도심권
7794,1_app_opened,app_opened,B(개선 UI),외곽 주거지(초월읍 등)
7794,2_home_viewed,home_viewed,B(개선 UI),외곽 주거지(초월읍 등)
7795,1_app_opened,app_opened,B(개선 UI),외곽 주거지(초월읍 등)
7795,2_home_viewed,home_viewed,B(개선 UI),외곽 주거지(초월읍 등)
7796,1_app_opened,app_opened,A(기존 UI),도심권
7797,1_app_opened,app_opened,B(개선 UI),도심권
7798,1_app_opened,app_opened,A(기존 UI),도심권
7799,1_app_opened,app_opened,A(기존 UI),도심권
7800,1_app_opened,app_opened,A(기존 UI),외곽 주거지(초월읍 등)
7800,2_home_viewed,home_viewed,A(기존 UI),외곽 주거지(초월읍 등)
7801,1_app_opened,app_opened,A(기존 UI),외곽 주거지(초월읍 등)
7802,1_app_opened,app_opened,A(기존 UI),외곽 주거지(초월읍 등)
7803,1_app_opened,app_opened,B(개선 UI),도심권
7803,2_home_viewed,home_viewed,B(개선 UI),도심권
7803,3_cart_interacted,cart_interacted,B(개선 UI),도심권
7804,1_app_opened,app_opened,A(기존 UI),도심권
7804,2_home_viewed,home_viewed,A(기존 UI),도심권
7805,1_app_opened,app_opened,A(기존 UI),외곽 주거지(초월읍 등)
7806,1_app_opened,app_opened,A(기존 UI),도심권
7807,1_app_opened,app_opened,B(개선 UI),도심권
7807,2_home_viewed,home_viewed,B(개선 UI),도심권
7808,1_app_opened,app_opened,B(개선 UI),외곽 주거지(초월읍 등)
7809,1_app_opened,app_opened,A(기존 UI),도심권
7809,2_home_viewed,home_viewed,A(기존 UI),도심권
7810,1_app_opened,app_opened,A(기존 UI),도심권
7811,1_app_opened,app_opened,A(기존 UI),외곽 주거지(초월읍 등)
7812,1_app_opened,app_opened,A(기존 UI),도심권
7813,1_app_opened,app_opened,A(기존 UI),도심권
7814,1_app_opened,app_opened,A(기존 UI),도심권
7814,2_home_viewed,home_viewed,A(기존 UI),도심권
7815,1_app_opened,app_opened,A(기존 UI),도심권
7816,1_app_opened,app_opened,B(개선 UI),도심권
7816,2_home_viewed,home_viewed,B(개선 UI),도심권
7817,1_app_opened,app_opened,A(기존 UI),도심권
7818,1_app_opened,app_opened,B(개선 UI),도심권
7819,1_app_opened,app_opened,B(개선 UI),외곽 주거지(초월읍 등)
7819,2_home_viewed,home_viewed,B(개선 UI),외곽 주거지(초월읍 등)
7820,1_app_opened,app_opened,B(개선 UI),도심권
7820,2_home_viewed,home_viewed,B(개선 UI),도심권
7821,1_app_opened,app_opened,A(기존 UI),외곽 주거지(초월읍 등)
7822,1_app_opened,app_opened,A(기존 UI),도심권
7823,1_app_opened,app_opened,A(기존 UI),도심권
7824,1_app_opened,app_opened,B(개선 UI),도심권
7824,2_home_viewed,home_viewed,B(개선 UI),도심권
7824,3_cart_interacted,cart_interacted,B(개선 UI),도심권
7824,4_purchase_completed,purchase_completed,B(개선 UI),도심권
7825,1_app_opened,app_opened,A(기존 UI),도심권
7825,2_home_viewed,home_viewed,A(기존 UI),도심권
7826,1_app_opened,app_opened,B(개선 UI),외곽 주거지(초월읍 등)
7827,1_app_opened,app_opened,B(개선 UI),도심권
7828,1_app_opened,app_opened,A(기존 UI),도심권
7829,1_app_opened,app_opened,B(개선 UI),도심권
7829,2_home_viewed,home_viewed,B(개선 UI),도심권
7830,1_app_opened,app_opened,A(기존 UI),도심권
7831,1_app_opened,app_opened,A(기존 UI),도심권
7832,1_app_opened,app_opened,A(기존 UI),도심권
7833,1_app_opened,app_opened,A(기존 UI),도심권
7834,1_app_opened,app_opened,B(개선 UI),도심권
7835,1_app_opened,app_opened,A(기존 UI),도심권
7836,1_app_opened,app_opened,A(기존 UI),도심권
7837,1_app_opened,app_opened,B(개선 UI),도심권
7838,1_app_opened,app_opened,B(개선 UI),도심권
7839,1_app_opened,app_opened,A(기존 UI),외곽 주거지(초월읍 등)
7840,1_app_opened,app_opened,B(개선 UI),외곽 주거지(초월읍 등)
7840,2_home_viewed,home_viewed,B(개선 UI),외곽 주거지(초월읍 등)
7841,1_app_opened,app_opened,B(개선 UI),외곽 주거지(초월읍 등)
7841,2_home_viewed,home_viewed,B(개선 UI),외곽 주거지(초월읍 등)
7841,3_cart_interacted,cart_interacted,B(개선 UI),외곽 주거지(초월읍 등)
7842,1_app_opened,app_opened,A(기존 UI),도심권
7843,1_app_opened,app_opened,A(기존 UI),외곽 주거지(초월읍 등)
7844,1_app_opened,app_opened,A(기존 UI),도심권
7845,1_app_opened,app_opened,B(개선 UI),외곽 주거지(초월읍 등)
7846,1_app_opened,app_opened,B(개선 UI),도심권
7846,2_home_viewed,home_viewed,B(개선 UI),도심권
7847,1_app_opened,app_opened,B(개선 UI),도심권
7847,2_home_viewed,home_viewed,B(개선 UI),도심권
7848,1_app_opened,app_opened,A(기존 UI),도심권
7849,1_app_opened,app_opened,A(기존 UI),도심권
7850,1_app_opened,app_opened,A(기존 UI),외곽 주거지(초월읍 등)
7851,1_app_opened,app_opened,A(기존 UI),외곽 주거지(초월읍 등)
7852,1_app_opened,app_opened,B(개선 UI),외곽 주거지(초월읍 등)
7853,1_app_opened,app_opened,B(개선 UI),도심권
7854,1_app_opened,app_opened,A(기존 UI),도심권
7855,1_app_opened,app_opened,A(기존 UI),도심권
7855,2_home_viewed,home_viewed,A(기존 UI),도심권
7856,1_app_opened,app_opened,A(기존 UI),외곽 주거지(초월읍 등)
7856,2_home_viewed,home_viewed,A(기존 UI),외곽 주거지(초월읍 등)
7857,1_app_opened,app_opened,A(기존 UI),도심권
7858,1_app_opened,app_opened,A(기존 UI),외곽 주거지(초월읍 등)
7859,1_app_opened,app_opened,A(기존 UI),도심권
7859,2_home_viewed,home_viewed,A(기존 UI),도심권
7860,1_app_opened,app_opened,A(기존 UI),도심권
7861,1_app_opened,app_opened,A(기존 UI),외곽 주거지(초월읍 등)
7861,2_home_viewed,home_viewed,A(기존 UI),외곽 주거지(초월읍 등)
7862,1_app_opened,app_opened,A(기존 UI),도심권
7863,1_app_opened,app_opened,A(기존 UI),도심권
7864,1_app_opened,app_opened,B(개선 UI),도심권
7864,2_home_viewed,home_viewed,B(개선 UI),도심권
7864,3_cart_interacted,cart_interacted,B(개선 UI),도심권
7864,4_purchase_completed,purchase_completed,B(개선 UI),도심권
7865,1_app_opened,app_opened,A(기존 UI),외곽 주거지(초월읍 등)
7865,2_home_viewed,home_viewed,A(기존 UI),외곽 주거지(초월읍 등)
7866,1_app_opened,app_opened,B(개선 UI),도심권
7866,2_home_viewed,home_viewed,B(개선 UI),도심권
7867,1_app_opened,app_opened,A(기존 UI),도심권
7868,1_app_opened,app_opened,A(기존 UI),도심권
7868,2_home_viewed,home_viewed,A(기존 UI),도심권
7869,1_app_opened,app_opened,A(기존 UI),도심권
7870,1_app_opened,app_opened,A(기존 UI),도심권
7870,2_home_viewed,home_viewed,A(기존 UI),도심권
7871,1_app_opened,app_opened,B(개선 UI),도심권
7872,1_app_opened,app_opened,A(기존 UI),외곽 주거지(초월읍 등)
7873,1_app_opened,app_opened,B(개선 UI),외곽 주거지(초월읍 등)
7873,2_home_viewed,home_viewed,B(개선 UI),외곽 주거지(초월읍 등)
7874,1_app_opened,app_opened,B(개선 UI),도심권
7874,2_home_viewed,home_viewed,B(개선 UI),도심권
7875,1_app_opened,app_opened,B(개선 UI),외곽 주거지(초월읍 등)
7875,2_home_viewed,home_viewed,B(개선 UI),외곽 주거지(초월읍 등)
7876,1_app_opened,app_opened,B(개선 UI),도심권
7876,2_home_viewed,home_viewed,B(개선 UI),도심권
7877,1_app_opened,app_opened,B(개선 UI),도심권
7878,1_app_opened,app_opened,A(기존 UI),도심권
7879,1_app_opened,app_opened,B(개선 UI),도심권
7880,1_app_opened,app_opened,A(기존 UI),도심권
7881,1_app_opened,app_opened,A(기존 UI),도심권
7881,2_home_viewed,home_viewed,A(기존 UI),도심권
7882,1_app_opened,app_opened,A(기존 UI),외곽 주거지(초월읍 등)
7883,1_app_opened,app_opened,B(개선 UI),도심권
7883,2_home_viewed,home_viewed,B(개선 UI),도심권
7883,3_cart_interacted,cart_interacted,B(개선 UI),도심권
7884,1_app_opened,app_opened,B(개선 UI),도심권
7885,1_app_opened,app_opened,A(기존 UI),도심권
7886,1_app_opened,app_opened,B(개선 UI),도심권
7887,1_app_opened,app_opened,A(기존 UI),도심권
7888,1_app_opened,app_opened,A(기존 UI),도심권
7889,1_app_opened,app_opened,A(기존 UI),외곽 주거지(초월읍 등)
7890,1_app_opened,app_opened,A(기존 UI),외곽 주거지(초월읍 등)
7891,1_app_opened,app_opened,A(기존 UI),도심권
7892,1_app_opened,app_opened,B(개선 UI),도심권
7892,2_home_viewed,home_viewed,B(개선 UI),도심권
7892,3_cart_interacted,cart_interacted,B(개선 UI),도심권
7893,1_app_opened,app_opened,B(개선 UI),외곽 주거지(초월읍 등)
7893,2_home_viewed,home_viewed,B(개선 UI),외곽 주거지(초월읍 등)
7894,1_app_opened,app_opened,A(기존 UI),도심권
7895,1_app_opened,app_opened,A(기존 UI),도심권
7895,2_home_viewed,home_viewed,A(기존 UI),도심권
7895,3_cart_interacted,cart_interacted,A(기존 UI),도심권
7896,1_app_opened,app_opened,B(개선 UI),도심권
7896,2_home_viewed,home_viewed,B(개선 UI),도심권
7897,1_app_opened,app_opened,B(개선 UI),도심권
7897,2_home_viewed,home_viewed,B(개선 UI),도심권
7898,1_app_opened,app_opened,A(기존 UI),외곽 주거지(초월읍 등)
7898,2_home_viewed,home_viewed,A(기존 UI),외곽 주거지(초월읍 등)
7899,1_app_opened,app_opened,A(기존 UI),도심권
7900,1_app_opened,app_opened,B(개선 UI),도심권
7900,2_home_viewed,home_viewed,B(개선 UI),도심권
7901,1_app_opened,app_opened,B(개선 UI),도심권
7901,2_home_viewed,home_viewed,B(개선 UI),도심권
7902,1_app_opened,app_opened,A(기존 UI),도심권
7903,1_app_opened,app_opened,A(기존 UI),외곽 주거지(초월읍 등)
7904,1_app_opened,app_opened,B(개선 UI),도심권
7905,1_app_opened,app_opened,A(기존 UI),도심권
7906,1_app_opened,app_opened,B(개선 UI),외곽 주거지(초월읍 등)
7907,1_app_opened,app_opened,A(기존 UI),도심권
7908,1_app_opened,app_opened,B(개선 UI),도심권
7908,2_home_viewed,home_viewed,B(개선 UI),도심권
7908,3_cart_interacted,cart_interacted,B(개선 UI),도심권
7909,1_app_opened,app_opened,A(기존 UI),도심권
7910,1_app_opened,app_opened,A(기존 UI),도심권
7911,1_app_opened,app_opened,B(개선 UI),도심권
7912,1_app_opened,app_opened,A(기존 UI),도심권
7913,1_app_opened,app_opened,B(개선 UI),도심권
7913,2_home_viewed,home_viewed,B(개선 UI),도심권
7914,1_app_opened,app_opened,A(기존 UI),외곽 주거지(초월읍 등)
7915,1_app_opened,app_opened,A(기존 UI),도심권
7916,1_app_opened,app_opened,A(기존 UI),도심권
7917,1_app_opened,app_opened,B(개선 UI),도심권
7917,2_home_viewed,home_viewed,B(개선 UI),도심권
7918,1_app_opened,app_opened,A(기존 UI),외곽 주거지(초월읍 등)
7919,1_app_opened,app_opened,A(기존 UI),도심권
7920,1_app_opened,app_opened,A(기존 UI),외곽 주거지(초월읍 등)
7921,1_app_opened,app_opened,B(개선 UI),도심권
7922,1_app_opened,app_opened,B(개선 UI),외곽 주거지(초월읍 등)
7923,1_app_opened,app_opened,A(기존 UI),도심권
7923,2_home_viewed,home_viewed,A(기존 UI),도심권
7924,1_app_opened,app_opened,A(기존 UI),도심권
7924,2_home_viewed,home_viewed,A(기존 UI),도심권
7925,1_app_opened,app_opened,B(개선 UI),도심권
7925,2_home_viewed,home_viewed,B(개선 UI),도심권
7926,1_app_opened,app_opened,A(기존 UI),외곽 주거지(초월읍 등)
7927,1_app_opened,app_opened,B(개선 UI),도심권
7928,1_app_opened,app_opened,B(개선 UI),도심권
7929,1_app_opened,app_opened,B(개선 UI),도심권
7929,2_home_viewed,home_viewed,B(개선 UI),도심권
7930,1_app_opened,app_opened,A(기존 UI),외곽 주거지(초월읍 등)
7931,1_app_opened,app_opened,B(개선 UI),외곽 주거지(초월읍 등)
7932,1_app_opened,app_opened,B(개선 UI),도심권
7932,2_home_viewed,home_viewed,B(개선 UI),도심권
7933,1_app_opened,app_opened,B(개선 UI),도심권
7933,2_home_viewed,home_viewed,B(개선 UI),도심권
7934,1_app_opened,app_opened,A(기존 UI),도심권
7935,1_app_opened,app_opened,A(기존 UI),외곽 주거지(초월읍 등)
7936,1_app_opened,app_opened,A(기존 UI),외곽 주거지(초월읍 등)
7937,1_app_opened,app_opened,B(개선 UI),도심권
7937,2_home_viewed,home_viewed,B(개선 UI),도심권
7938,1_app_opened,app_opened,B(개선 UI),도심권
7938,2_home_viewed,home_viewed,B(개선 UI),도심권
7938,3_cart_interacted,cart_interacted,B(개선 UI),도심권
7938,4_purchase_completed,purchase_completed,B(개선 UI),도심권
7939,1_app_opened,app_opened,A(기존 UI),외곽 주거지(초월읍 등)
7940,1_app_opened,app_opened,A(기존 UI),외곽 주거지(초월읍 등)
7941,1_app_opened,app_opened,A(기존 UI),도심권
7942,1_app_opened,app_opened,B(개선 UI),도심권
7943,1_app_opened,app_opened,B(개선 UI),도심권
7943,2_home_viewed,home_viewed,B(개선 UI),도심권
7944,1_app_opened,app_opened,A(기존 UI),도심권
7945,1_app_opened,app_opened,A(기존 UI),도심권
7946,1_app_opened,app_opened,A(기존 UI),도심권
7947,1_app_opened,app_opened,B(개선 UI),도심권
7948,1_app_opened,app_opened,B(개선 UI),도심권
7948,2_home_viewed,home_viewed,B(개선 UI),도심권
7949,1_app_opened,app_opened,B(개선 UI),도심권
7950,1_app_opened,app_opened,A(기존 UI),도심권
7951,1_app_opened,app_opened,B(개선 UI),외곽 주거지(초월읍 등)
7951,2_home_viewed,home_viewed,B(개선 UI),외곽 주거지(초월읍 등)
7951,3_cart_interacted,cart_interacted,B(개선 UI),외곽 주거지(초월읍 등)
7952,1_app_opened,app_opened,A(기존 UI),도심권
7953,1_app_opened,app_opened,B(개선 UI),도심권
7954,1_app_opened,app_opened,A(기존 UI),도심권
7955,1_app_opened,app_opened,B(개선 UI),외곽 주거지(초월읍 등)
7956,1_app_opened,app_opened,B(개선 UI),외곽 주거지(초월읍 등)
7957,1_app_opened,app_opened,B(개선 UI),도심권
7958,1_app_opened,app_opened,B(개선 UI),외곽 주거지(초월읍 등)
7959,1_app_opened,app_opened,A(기존 UI),도심권
7960,1_app_opened,app_opened,A(기존 UI),외곽 주거지(초월읍 등)
7960,2_home_viewed,home_viewed,A(기존 UI),외곽 주거지(초월읍 등)
7961,1_app_opened,app_opened,B(개선 UI),도심권
7962,1_app_opened,app_opened,A(기존 UI),도심권
7963,1_app_opened,app_opened,A(기존 UI),도심권
7964,1_app_opened,app_opened,A(기존 UI),도심권
7965,1_app_opened,app_opened,B(개선 UI),도심권
7965,2_home_viewed,home_viewed,B(개선 UI),도심권
7966,1_app_opened,app_opened,A(기존 UI),외곽 주거지(초월읍 등)
7967,1_app_opened,app_opened,A(기존 UI),외곽 주거지(초월읍 등)
7967,2_home_viewed,home_viewed,A(기존 UI),외곽 주거지(초월읍 등)
7968,1_app_opened,app_opened,A(기존 UI),도심권
7969,1_app_opened,app_opened,A(기존 UI),도심권
7970,1_app_opened,app_opened,B(개선 UI),도심권
7970,2_home_viewed,home_viewed,B(개선 UI),도심권
7970,3_cart_interacted,cart_interacted,B(개선 UI),도심권
7971,1_app_opened,app_opened,B(개선 UI),도심권
7971,2_home_viewed,home_viewed,B(개선 UI),도심권
7972,1_app_opened,app_opened,B(개선 UI),도심권
7973,1_app_opened,app_opened,A(기존 UI),도심권
7973,2_home_viewed,home_viewed,A(기존 UI),도심권
7974,1_app_opened,app_opened,B(개선 UI),외곽 주거지(초월읍 등)
7975,1_app_opened,app_opened,B(개선 UI),도심권
7976,1_app_opened,app_opened,A(기존 UI),도심권
7977,1_app_opened,app_opened,B(개선 UI),도심권
7977,2_home_viewed,home_viewed,B(개선 UI),도심권
7977,3_cart_interacted,cart_interacted,B(개선 UI),도심권
7978,1_app_opened,app_opened,B(개선 UI),도심권
7978,2_home_viewed,home_viewed,B(개선 UI),도심권
7978,3_cart_interacted,cart_interacted,B(개선 UI),도심권
7979,1_app_opened,app_opened,B(개선 UI),도심권
7980,1_app_opened,app_opened,B(개선 UI),외곽 주거지(초월읍 등)
7980,2_home_viewed,home_viewed,B(개선 UI),외곽 주거지(초월읍 등)
7981,1_app_opened,app_opened,A(기존 UI),도심권
7982,1_app_opened,app_opened,A(기존 UI),도심권
7983,1_app_opened,app_opened,B(개선 UI),외곽 주거지(초월읍 등)
7983,2_home_viewed,home_viewed,B(개선 UI),외곽 주거지(초월읍 등)
7983,3_cart_interacted,cart_interacted,B(개선 UI),외곽 주거지(초월읍 등)
7984,1_app_opened,app_opened,A(기존 UI),도심권
7985,1_app_opened,app_opened,A(기존 UI),외곽 주거지(초월읍 등)
7985,2_home_viewed,home_viewed,A(기존 UI),외곽 주거지(초월읍 등)
7986,1_app_opened,app_opened,B(개선 UI),도심권
7986,2_home_viewed,home_viewed,B(개선 UI),도심권
7987,1_app_opened,app_opened,B(개선 UI),도심권
7988,1_app_opened,app_opened,A(기존 UI),외곽 주거지(초월읍 등)
7989,1_app_opened,app_opened,B(개선 UI),외곽 주거지(초월읍 등)
7989,2_home_viewed,home_viewed,B(개선 UI),외곽 주거지(초월읍 등)
7990,1_app_opened,app_opened,B(개선 UI),도심권
7990,2_home_viewed,home_viewed,B(개선 UI),도심권
7991,1_app_opened,app_opened,B(개선 UI),도심권
7991,2_home_viewed,home_viewed,B(개선 UI),도심권
7992,1_app_opened,app_opened,A(기존 UI),외곽 주거지(초월읍 등)
7993,1_app_opened,app_opened,A(기존 UI),도심권
7994,1_app_opened,app_opened,A(기존 UI),도심권
7995,1_app_opened,app_opened,A(기존 UI),외곽 주거지(초월읍 등)
7996,1_app_opened,app_opened,A(기존 UI),도심권
7997,1_app_opened,app_opened,A(기존 UI),외곽 주거지(초월읍 등)
7998,1_app_opened,app_opened,A(기존 UI),외곽 주거지(초월읍 등)
7999,1_app_opened,app_opened,B(개선 UI),도심권
7999,2_home_viewed,home_viewed,B(개선 UI),도심권
8000,1_app_opened,app_opened,A(기존 UI),외곽 주거지(초월읍 등)
8001,1_app_opened,app_opened,B(개선 UI),도심권
8001,2_home_viewed,home_viewed,B(개선 UI),도심권
8001,3_cart_interacted,cart_interacted,B(개선 UI),도심권
8002,1_app_opened,app_opened,B(개선 UI),도심권
8002,2_home_viewed,home_viewed,B(개선 UI),도심권
8003,1_app_opened,app_opened,A(기존 UI),도심권
8004,1_app_opened,app_opened,B(개선 UI),외곽 주거지(초월읍 등)
8004,2_home_viewed,home_viewed,B(개선 UI),외곽 주거지(초월읍 등)
8005,1_app_opened,app_opened,B(개선 UI),외곽 주거지(초월읍 등)
8005,2_home_viewed,home_viewed,B(개선 UI),외곽 주거지(초월읍 등)
8006,1_app_opened,app_opened,A(기존 UI),도심권
8007,1_app_opened,app_opened,B(개선 UI),도심권
8007,2_home_viewed,home_viewed,B(개선 UI),도심권
8008,1_app_opened,app_opened,A(기존 UI),외곽 주거지(초월읍 등)
8009,1_app_opened,app_opened,B(개선 UI),도심권
8010,1_app_opened,app_opened,A(기존 UI),도심권
8011,1_app_opened,app_opened,B(개선 UI),도심권
8012,1_app_opened,app_opened,A(기존 UI),외곽 주거지(초월읍 등)
8013,1_app_opened,app_opened,B(개선 UI),외곽 주거지(초월읍 등)
8014,1_app_opened,app_opened,A(기존 UI),외곽 주거지(초월읍 등)
8015,1_app_opened,app_opened,B(개선 UI),도심권
8016,1_app_opened,app_opened,B(개선 UI),외곽 주거지(초월읍 등)
8016,2_home_viewed,home_viewed,B(개선 UI),외곽 주거지(초월읍 등)
8017,1_app_opened,app_opened,A(기존 UI),도심권
8017,2_home_viewed,home_viewed,A(기존 UI),도심권
8018,1_app_opened,app_opened,B(개선 UI),외곽 주거지(초월읍 등)
8018,2_home_viewed,home_viewed,B(개선 UI),외곽 주거지(초월읍 등)
8019,1_app_opened,app_opened,A(기존 UI),도심권
8020,1_app_opened,app_opened,B(개선 UI),도심권
8020,2_home_viewed,home_viewed,B(개선 UI),도심권
8021,1_app_opened,app_opened,A(기존 UI),도심권
8022,1_app_opened,app_opened,B(개선 UI),도심권
8022,2_home_viewed,home_viewed,B(개선 UI),도심권
8022,3_cart_interacted,cart_interacted,B(개선 UI),도심권
8023,1_app_opened,app_opened,B(개선 UI),외곽 주거지(초월읍 등)
8023,2_home_viewed,home_viewed,B(개선 UI),외곽 주거지(초월읍 등)
8024,1_app_opened,app_opened,A(기존 UI),외곽 주거지(초월읍 등)
8024,2_home_viewed,home_viewed,A(기존 UI),외곽 주거지(초월읍 등)
8025,1_app_opened,app_opened,A(기존 UI),도심권
8026,1_app_opened,app_opened,A(기존 UI),외곽 주거지(초월읍 등)
8027,1_app_opened,app_opened,B(개선 UI),도심권
8028,1_app_opened,app_opened,A(기존 UI),외곽 주거지(초월읍 등)
8029,1_app_opened,app_opened,B(개선 UI),외곽 주거지(초월읍 등)
8029,2_home_viewed,home_viewed,B(개선 UI),외곽 주거지(초월읍 등)
8030,1_app_opened,app_opened,B(개선 UI),외곽 주거지(초월읍 등)
8031,1_app_opened,app_opened,A(기존 UI),도심권
8032,1_app_opened,app_opened,B(개선 UI),도심권
8032,2_home_viewed,home_viewed,B(개선 UI),도심권
8033,1_app_opened,app_opened,A(기존 UI),외곽 주거지(초월읍 등)
8034,1_app_opened,app_opened,A(기존 UI),도심권
8035,1_app_opened,app_opened,B(개선 UI),외곽 주거지(초월읍 등)
8035,2_home_viewed,home_viewed,B(개선 UI),외곽 주거지(초월읍 등)
8036,1_app_opened,app_opened,A(기존 UI),외곽 주거지(초월읍 등)
8037,1_app_opened,app_opened,A(기존 UI),도심권
8038,1_app_opened,app_opened,B(개선 UI),외곽 주거지(초월읍 등)
8038,2_home_viewed,home_viewed,B(개선 UI),외곽 주거지(초월읍 등)
8039,1_app_opened,app_opened,A(기존 UI),외곽 주거지(초월읍 등)
8040,1_app_opened,app_opened,B(개선 UI),도심권
8040,2_home_viewed,home_viewed,B(개선 UI),도심권
8040,3_cart_interacted,cart_interacted,B(개선 UI),도심권
8041,1_app_opened,app_opened,B(개선 UI),도심권
8042,1_app_opened,app_opened,A(기존 UI),외곽 주거지(초월읍 등)
8043,1_app_opened,app_opened,A(기존 UI),도심권
8043,2_home_viewed,home_viewed,A(기존 UI),도심권
8044,1_app_opened,app_opened,B(개선 UI),도심권
8045,1_app_opened,app_opened,A(기존 UI),외곽 주거지(초월읍 등)
8046,1_app_opened,app_opened,A(기존 UI),도심권
8047,1_app_opened,app_opened,B(개선 UI),외곽 주거지(초월읍 등)
8048,1_app_opened,app_opened,A(기존 UI),도심권
8049,1_app_opened,app_opened,B(개선 UI),도심권
8050,1_app_opened,app_opened,A(기존 UI),외곽 주거지(초월읍 등)
8051,1_app_opened,app_opened,A(기존 UI),도심권
8051,2_home_viewed,home_viewed,A(기존 UI),도심권
8052,1_app_opened,app_opened,A(기존 UI),외곽 주거지(초월읍 등)
8053,1_app_opened,app_opened,B(개선 UI),외곽 주거지(초월읍 등)
8053,2_home_viewed,home_viewed,B(개선 UI),외곽 주거지(초월읍 등)
8053,3_cart_interacted,cart_interacted,B(개선 UI),외곽 주거지(초월읍 등)
8053,4_purchase_completed,purchase_completed,B(개선 UI),외곽 주거지(초월읍 등)
8054,1_app_opened,app_opened,B(개선 UI),외곽 주거지(초월읍 등)
8055,1_app_opened,app_opened,B(개선 UI),도심권
8055,2_home_viewed,home_viewed,B(개선 UI),도심권
8056,1_app_opened,app_opened,A(기존 UI),도심권
8057,1_app_opened,app_opened,A(기존 UI),외곽 주거지(초월읍 등)
8058,1_app_opened,app_opened,A(기존 UI),도심권
8059,1_app_opened,app_opened,A(기존 UI),도심권
8059,2_home_viewed,home_viewed,A(기존 UI),도심권
8060,1_app_opened,app_opened,B(개선 UI),도심권
8060,2_home_viewed,home_viewed,B(개선 UI),도심권
8060,3_cart_interacted,cart_interacted,B(개선 UI),도심권
8061,1_app_opened,app_opened,B(개선 UI),도심권
8062,1_app_opened,app_opened,A(기존 UI),외곽 주거지(초월읍 등)
8063,1_app_opened,app_opened,B(개선 UI),외곽 주거지(초월읍 등)
8063,2_home_viewed,home_viewed,B(개선 UI),외곽 주거지(초월읍 등)
8064,1_app_opened,app_opened,A(기존 UI),외곽 주거지(초월읍 등)
8065,1_app_opened,app_opened,B(개선 UI),도심권
8066,1_app_opened,app_opened,A(기존 UI),외곽 주거지(초월읍 등)
8067,1_app_opened,app_opened,A(기존 UI),도심권
8068,1_app_opened,app_opened,A(기존 UI),도심권
8069,1_app_opened,app_opened,A(기존 UI),도심권
8070,1_app_opened,app_opened,B(개선 UI),외곽 주거지(초월읍 등)
8070,2_home_viewed,home_viewed,B(개선 UI),외곽 주거지(초월읍 등)
8071,1_app_opened,app_opened,A(기존 UI),외곽 주거지(초월읍 등)
8072,1_app_opened,app_opened,A(기존 UI),외곽 주거지(초월읍 등)
8072,2_home_viewed,home_viewed,A(기존 UI),외곽 주거지(초월읍 등)
8073,1_app_opened,app_opened,B(개선 UI),외곽 주거지(초월읍 등)
8073,2_home_viewed,home_viewed,B(개선 UI),외곽 주거지(초월읍 등)
8074,1_app_opened,app_opened,B(개선 UI),외곽 주거지(초월읍 등)
8074,2_home_viewed,home_viewed,B(개선 UI),외곽 주거지(초월읍 등)
8074,3_cart_interacted,cart_interacted,B(개선 UI),외곽 주거지(초월읍 등)
8075,1_app_opened,app_opened,B(개선 UI),도심권
8075,2_home_viewed,home_viewed,B(개선 UI),도심권
8076,1_app_opened,app_opened,A(기존 UI),외곽 주거지(초월읍 등)
8077,1_app_opened,app_opened,B(개선 UI),도심권
8078,1_app_opened,app_opened,B(개선 UI),도심권
8079,1_app_opened,app_opened,A(기존 UI),도심권
8079,2_home_viewed,home_viewed,A(기존 UI),도심권
8080,1_app_opened,app_opened,A(기존 UI),도심권
8080,2_home_viewed,home_viewed,A(기존 UI),도심권
8081,1_app_opened,app_opened,A(기존 UI),도심권
8082,1_app_opened,app_opened,A(기존 UI),도심권
8083,1_app_opened,app_opened,A(기존 UI),도심권
8084,1_app_opened,app_opened,A(기존 UI),외곽 주거지(초월읍 등)
8085,1_app_opened,app_opened,B(개선 UI),외곽 주거지(초월읍 등)
8085,2_home_viewed,home_viewed,B(개선 UI),외곽 주거지(초월읍 등)
8086,1_app_opened,app_opened,B(개선 UI),도심권
8087,1_app_opened,app_opened,B(개선 UI),도심권
8088,1_app_opened,app_opened,B(개선 UI),도심권
8088,2_home_viewed,home_viewed,B(개선 UI),도심권
8088,3_cart_interacted,cart_interacted,B(개선 UI),도심권
8089,1_app_opened,app_opened,A(기존 UI),도심권
8089,2_home_viewed,home_viewed,A(기존 UI),도심권
8089,3_cart_interacted,cart_interacted,A(기존 UI),도심권
8090,1_app_opened,app_opened,B(개선 UI),도심권
8091,1_app_opened,app_opened,B(개선 UI),외곽 주거지(초월읍 등)
8092,1_app_opened,app_opened,A(기존 UI),도심권
8093,1_app_opened,app_opened,B(개선 UI),도심권
8093,2_home_viewed,home_viewed,B(개선 UI),도심권
8093,3_cart_interacted,cart_interacted,B(개선 UI),도심권
8093,4_purchase_completed,purchase_completed,B(개선 UI),도심권
8094,1_app_opened,app_opened,B(개선 UI),도심권
8094,2_home_viewed,home_viewed,B(개선 UI),도심권
8095,1_app_opened,app_opened,B(개선 UI),도심권
8096,1_app_opened,app_opened,B(개선 UI),도심권
8096,2_home_viewed,home_viewed,B(개선 UI),도심권
8097,1_app_opened,app_opened,A(기존 UI),도심권
8098,1_app_opened,app_opened,A(기존 UI),외곽 주거지(초월읍 등)
8099,1_app_opened,app_opened,A(기존 UI),도심권
8100,1_app_opened,app_opened,B(개선 UI),도심권
8101,1_app_opened,app_opened,B(개선 UI),도심권
8101,2_home_viewed,home_viewed,B(개선 UI),도심권
8102,1_app_opened,app_opened,B(개선 UI),도심권
8102,2_home_viewed,home_viewed,B(개선 UI),도심권
8102,3_cart_interacted,cart_interacted,B(개선 UI),도심권
8103,1_app_opened,app_opened,A(기존 UI),도심권
8104,1_app_opened,app_opened,A(기존 UI),도심권
8105,1_app_opened,app_opened,B(개선 UI),도심권
8105,2_home_viewed,home_viewed,B(개선 UI),도심권
8106,1_app_opened,app_opened,B(개선 UI),도심권
8106,2_home_viewed,home_viewed,B(개선 UI),도심권
8107,1_app_opened,app_opened,A(기존 UI),도심권
8108,1_app_opened,app_opened,A(기존 UI),도심권
8109,1_app_opened,app_opened,B(개선 UI),도심권
8110,1_app_opened,app_opened,B(개선 UI),도심권
8111,1_app_opened,app_opened,A(기존 UI),도심권
8112,1_app_opened,app_opened,A(기존 UI),도심권
8113,1_app_opened,app_opened,B(개선 UI),도심권
8114,1_app_opened,app_opened,B(개선 UI),도심권
8114,2_home_viewed,home_viewed,B(개선 UI),도심권
8115,1_app_opened,app_opened,A(기존 UI),도심권
8116,1_app_opened,app_opened,A(기존 UI),도심권
8117,1_app_opened,app_opened,B(개선 UI),도심권
8117,2_home_viewed,home_viewed,B(개선 UI),도심권
8118,1_app_opened,app_opened,A(기존 UI),외곽 주거지(초월읍 등)
8119,1_app_opened,app_opened,A(기존 UI),외곽 주거지(초월읍 등)
8120,1_app_opened,app_opened,B(개선 UI),외곽 주거지(초월읍 등)
8120,2_home_viewed,home_viewed,B(개선 UI),외곽 주거지(초월읍 등)
8120,3_cart_interacted,cart_interacted,B(개선 UI),외곽 주거지(초월읍 등)
8121,1_app_opened,app_opened,A(기존 UI),외곽 주거지(초월읍 등)
8122,1_app_opened,app_opened,B(개선 UI),외곽 주거지(초월읍 등)
8122,2_home_viewed,home_viewed,B(개선 UI),외곽 주거지(초월읍 등)
8123,1_app_opened,app_opened,A(기존 UI),외곽 주거지(초월읍 등)
8124,1_app_opened,app_opened,B(개선 UI),도심권
8124,2_home_viewed,home_viewed,B(개선 UI),도심권
8124,3_cart_interacted,cart_interacted,B(개선 UI),도심권
8124,4_purchase_completed,purchase_completed,B(개선 UI),도심권
8125,1_app_opened,app_opened,A(기존 UI),도심권
8125,2_home_viewed,home_viewed,A(기존 UI),도심권
8126,1_app_opened,app_opened,A(기존 UI),도심권
8127,1_app_opened,app_opened,A(기존 UI),도심권
8128,1_app_opened,app_opened,B(개선 UI),외곽 주거지(초월읍 등)
8129,1_app_opened,app_opened,B(개선 UI),도심권
8130,1_app_opened,app_opened,A(기존 UI),외곽 주거지(초월읍 등)
8131,1_app_opened,app_opened,B(개선 UI),도심권
8132,1_app_opened,app_opened,B(개선 UI),도심권
8132,2_home_viewed,home_viewed,B(개선 UI),도심권
8132,3_cart_interacted,cart_interacted,B(개선 UI),도심권
8133,1_app_opened,app_opened,B(개선 UI),도심권
8133,2_home_viewed,home_viewed,B(개선 UI),도심권
8134,1_app_opened,app_opened,A(기존 UI),도심권
8135,1_app_opened,app_opened,B(개선 UI),도심권
8135,2_home_viewed,home_viewed,B(개선 UI),도심권
8136,1_app_opened,app_opened,A(기존 UI),외곽 주거지(초월읍 등)
8137,1_app_opened,app_opened,A(기존 UI),외곽 주거지(초월읍 등)
8138,1_app_opened,app_opened,B(개선 UI),외곽 주거지(초월읍 등)
8138,2_home_viewed,home_viewed,B(개선 UI),외곽 주거지(초월읍 등)
8139,1_app_opened,app_opened,B(개선 UI),도심권
8139,2_home_viewed,home_viewed,B(개선 UI),도심권
8140,1_app_opened,app_opened,A(기존 UI),외곽 주거지(초월읍 등)
8140,2_home_viewed,home_viewed,A(기존 UI),외곽 주거지(초월읍 등)
8141,1_app_opened,app_opened,A(기존 UI),도심권
8142,1_app_opened,app_opened,B(개선 UI),도심권
8143,1_app_opened,app_opened,B(개선 UI),외곽 주거지(초월읍 등)
8143,2_home_viewed,home_viewed,B(개선 UI),외곽 주거지(초월읍 등)
8143,3_cart_interacted,cart_interacted,B(개선 UI),외곽 주거지(초월읍 등)
8144,1_app_opened,app_opened,A(기존 UI),도심권
8145,1_app_opened,app_opened,B(개선 UI),도심권
8146,1_app_opened,app_opened,A(기존 UI),도심권
8146,2_home_viewed,home_viewed,A(기존 UI),도심권
8147,1_app_opened,app_opened,A(기존 UI),외곽 주거지(초월읍 등)
8148,1_app_opened,app_opened,B(개선 UI),도심권
8149,1_app_opened,app_opened,A(기존 UI),도심권
8149,2_home_viewed,home_viewed,A(기존 UI),도심권
8150,1_app_opened,app_opened,A(기존 UI),도심권
8151,1_app_opened,app_opened,B(개선 UI),외곽 주거지(초월읍 등)
8152,1_app_opened,app_opened,B(개선 UI),외곽 주거지(초월읍 등)
8152,2_home_viewed,home_viewed,B(개선 UI),외곽 주거지(초월읍 등)
8153,1_app_opened,app_opened,A(기존 UI),도심권
8154,1_app_opened,app_opened,B(개선 UI),도심권
8155,1_app_opened,app_opened,B(개선 UI),도심권
8156,1_app_opened,app_opened,A(기존 UI),도심권
8156,2_home_viewed,home_viewed,A(기존 UI),도심권
8157,1_app_opened,app_opened,B(개선 UI),외곽 주거지(초월읍 등)
8158,1_app_opened,app_opened,A(기존 UI),도심권
8159,1_app_opened,app_opened,A(기존 UI),도심권
8160,1_app_opened,app_opened,B(개선 UI),외곽 주거지(초월읍 등)
8161,1_app_opened,app_opened,B(개선 UI),도심권
8162,1_app_opened,app_opened,A(기존 UI),외곽 주거지(초월읍 등)
8163,1_app_opened,app_opened,A(기존 UI),외곽 주거지(초월읍 등)
8164,1_app_opened,app_opened,A(기존 UI),외곽 주거지(초월읍 등)
8164,2_home_viewed,home_viewed,A(기존 UI),외곽 주거지(초월읍 등)
8165,1_app_opened,app_opened,A(기존 UI),도심권
8166,1_app_opened,app_opened,A(기존 UI),도심권
8167,1_app_opened,app_opened,A(기존 UI),외곽 주거지(초월읍 등)
8168,1_app_opened,app_opened,B(개선 UI),도심권
8168,2_home_viewed,home_viewed,B(개선 UI),도심권
8169,1_app_opened,app_opened,A(기존 UI),도심권
8170,1_app_opened,app_opened,A(기존 UI),도심권
8171,1_app_opened,app_opened,B(개선 UI),도심권
8171,2_home_viewed,home_viewed,B(개선 UI),도심권
8172,1_app_opened,app_opened,B(개선 UI),외곽 주거지(초월읍 등)
8173,1_app_opened,app_opened,A(기존 UI),도심권
8174,1_app_opened,app_opened,A(기존 UI),도심권
8175,1_app_opened,app_opened,B(개선 UI),외곽 주거지(초월읍 등)
8175,2_home_viewed,home_viewed,B(개선 UI),외곽 주거지(초월읍 등)
8176,1_app_opened,app_opened,A(기존 UI),외곽 주거지(초월읍 등)
8177,1_app_opened,app_opened,A(기존 UI),도심권
8178,1_app_opened,app_opened,B(개선 UI),도심권
8179,1_app_opened,app_opened,A(기존 UI),도심권
8180,1_app_opened,app_opened,A(기존 UI),도심권
8181,1_app_opened,app_opened,A(기존 UI),외곽 주거지(초월읍 등)
8182,1_app_opened,app_opened,A(기존 UI),도심권
8183,1_app_opened,app_opened,A(기존 UI),도심권
8184,1_app_opened,app_opened,B(개선 UI),도심권
8184,2_home_viewed,home_viewed,B(개선 UI),도심권
8185,1_app_opened,app_opened,A(기존 UI),도심권
8186,1_app_opened,app_opened,A(기존 UI),도심권
8187,1_app_opened,app_opened,A(기존 UI),도심권
8187,2_home_viewed,home_viewed,A(기존 UI),도심권
8188,1_app_opened,app_opened,B(개선 UI),외곽 주거지(초월읍 등)
8188,2_home_viewed,home_viewed,B(개선 UI),외곽 주거지(초월읍 등)
8188,3_cart_interacted,cart_interacted,B(개선 UI),외곽 주거지(초월읍 등)
8189,1_app_opened,app_opened,B(개선 UI),도심권
8190,1_app_opened,app_opened,A(기존 UI),외곽 주거지(초월읍 등)
8191,1_app_opened,app_opened,B(개선 UI),도심권
8192,1_app_opened,app_opened,A(기존 UI),도심권
8193,1_app_opened,app_opened,A(기존 UI),도심권
8194,1_app_opened,app_opened,A(기존 UI),도심권
8195,1_app_opened,app_opened,A(기존 UI),도심권
8196,1_app_opened,app_opened,A(기존 UI),도심권
8197,1_app_opened,app_opened,B(개선 UI),외곽 주거지(초월읍 등)
8197,2_home_viewed,home_viewed,B(개선 UI),외곽 주거지(초월읍 등)
8197,3_cart_interacted,cart_interacted,B(개선 UI),외곽 주거지(초월읍 등)
8198,1_app_opened,app_opened,A(기존 UI),외곽 주거지(초월읍 등)
8199,1_app_opened,app_opened,B(개선 UI),도심권
8200,1_app_opened,app_opened,A(기존 UI),도심권
8201,1_app_opened,app_opened,A(기존 UI),외곽 주거지(초월읍 등)
8202,1_app_opened,app_opened,A(기존 UI),도심권
8202,2_home_viewed,home_viewed,A(기존 UI),도심권
8203,1_app_opened,app_opened,B(개선 UI),외곽 주거지(초월읍 등)
8203,2_home_viewed,home_viewed,B(개선 UI),외곽 주거지(초월읍 등)
8203,3_cart_interacted,cart_interacted,B(개선 UI),외곽 주거지(초월읍 등)
8203,4_purchase_completed,purchase_completed,B(개선 UI),외곽 주거지(초월읍 등)
8204,1_app_opened,app_opened,A(기존 UI),외곽 주거지(초월읍 등)
8205,1_app_opened,app_opened,B(개선 UI),도심권
8205,2_home_viewed,home_viewed,B(개선 UI),도심권
8206,1_app_opened,app_opened,A(기존 UI),도심권
8207,1_app_opened,app_opened,A(기존 UI),도심권
8208,1_app_opened,app_opened,A(기존 UI),외곽 주거지(초월읍 등)
8209,1_app_opened,app_opened,A(기존 UI),도심권
8210,1_app_opened,app_opened,A(기존 UI),외곽 주거지(초월읍 등)
8210,2_home_viewed,home_viewed,A(기존 UI),외곽 주거지(초월읍 등)
8211,1_app_opened,app_opened,A(기존 UI),도심권
8211,2_home_viewed,home_viewed,A(기존 UI),도심권
8212,1_app_opened,app_opened,B(개선 UI),도심권
8213,1_app_opened,app_opened,A(기존 UI),도심권
8213,2_home_viewed,home_viewed,A(기존 UI),도심권
8214,1_app_opened,app_opened,B(개선 UI),도심권
8214,2_home_viewed,home_viewed,B(개선 UI),도심권
8215,1_app_opened,app_opened,A(기존 UI),도심권
8216,1_app_opened,app_opened,B(개선 UI),도심권
8216,2_home_viewed,home_viewed,B(개선 UI),도심권
8217,1_app_opened,app_opened,B(개선 UI),도심권
8218,1_app_opened,app_opened,A(기존 UI),도심권
8219,1_app_opened,app_opened,A(기존 UI),도심권
8220,1_app_opened,app_opened,B(개선 UI),외곽 주거지(초월읍 등)
8221,1_app_opened,app_opened,B(개선 UI),도심권
8221,2_home_viewed,home_viewed,B(개선 UI),도심권
8221,3_cart_interacted,cart_interacted,B(개선 UI),도심권
8221,4_purchase_completed,purchase_completed,B(개선 UI),도심권
8222,1_app_opened,app_opened,A(기존 UI),도심권
8222,2_home_viewed,home_viewed,A(기존 UI),도심권
8223,1_app_opened,app_opened,A(기존 UI),외곽 주거지(초월읍 등)
8223,2_home_viewed,home_viewed,A(기존 UI),외곽 주거지(초월읍 등)
8224,1_app_opened,app_opened,B(개선 UI),외곽 주거지(초월읍 등)
8224,2_home_viewed,home_viewed,B(개선 UI),외곽 주거지(초월읍 등)
8225,1_app_opened,app_opened,A(기존 UI),도심권
8225,2_home_viewed,home_viewed,A(기존 UI),도심권
8226,1_app_opened,app_opened,B(개선 UI),도심권
8226,2_home_viewed,home_viewed,B(개선 UI),도심권
8227,1_app_opened,app_opened,A(기존 UI),외곽 주거지(초월읍 등)
8227,2_home_viewed,home_viewed,A(기존 UI),외곽 주거지(초월읍 등)
8228,1_app_opened,app_opened,A(기존 UI),외곽 주거지(초월읍 등)
8228,2_home_viewed,home_viewed,A(기존 UI),외곽 주거지(초월읍 등)
8229,1_app_opened,app_opened,B(개선 UI),외곽 주거지(초월읍 등)
8229,2_home_viewed,home_viewed,B(개선 UI),외곽 주거지(초월읍 등)
8230,1_app_opened,app_opened,B(개선 UI),도심권
8231,1_app_opened,app_opened,A(기존 UI),도심권
8231,2_home_viewed,home_viewed,A(기존 UI),도심권
8232,1_app_opened,app_opened,A(기존 UI),도심권
8233,1_app_opened,app_opened,B(개선 UI),외곽 주거지(초월읍 등)
8233,2_home_viewed,home_viewed,B(개선 UI),외곽 주거지(초월읍 등)
8233,3_cart_interacted,cart_interacted,B(개선 UI),외곽 주거지(초월읍 등)
8233,4_purchase_completed,purchase_completed,B(개선 UI),외곽 주거지(초월읍 등)
8234,1_app_opened,app_opened,B(개선 UI),도심권
8234,2_home_viewed,home_viewed,B(개선 UI),도심권
8235,1_app_opened,app_opened,A(기존 UI),도심권
8236,1_app_opened,app_opened,B(개선 UI),외곽 주거지(초월읍 등)
8237,1_app_opened,app_opened,B(개선 UI),도심권
8237,2_home_viewed,home_viewed,B(개선 UI),도심권
8237,3_cart_interacted,cart_interacted,B(개선 UI),도심권
8238,1_app_opened,app_opened,B(개선 UI),도심권
8238,2_home_viewed,home_viewed,B(개선 UI),도심권
8238,3_cart_interacted,cart_interacted,B(개선 UI),도심권
8239,1_app_opened,app_opened,B(개선 UI),도심권
8240,1_app_opened,app_opened,A(기존 UI),도심권
8241,1_app_opened,app_opened,B(개선 UI),도심권
8242,1_app_opened,app_opened,B(개선 UI),도심권
8242,2_home_viewed,home_viewed,B(개선 UI),도심권
8243,1_app_opened,app_opened,A(기존 UI),도심권
8244,1_app_opened,app_opened,A(기존 UI),도심권
8245,1_app_opened,app_opened,A(기존 UI),도심권
8246,1_app_opened,app_opened,B(개선 UI),도심권
8247,1_app_opened,app_opened,A(기존 UI),도심권
8248,1_app_opened,app_opened,B(개선 UI),도심권
8249,1_app_opened,app_opened,B(개선 UI),도심권
8249,2_home_viewed,home_viewed,B(개선 UI),도심권
8250,1_app_opened,app_opened,B(개선 UI),도심권
8250,2_home_viewed,home_viewed,B(개선 UI),도심권
8251,1_app_opened,app_opened,B(개선 UI),도심권
8251,2_home_viewed,home_viewed,B(개선 UI),도심권
8251,3_cart_interacted,cart_interacted,B(개선 UI),도심권
8252,1_app_opened,app_opened,B(개선 UI),도심권
8252,2_home_viewed,home_viewed,B(개선 UI),도심권
8253,1_app_opened,app_opened,A(기존 UI),도심권
8254,1_app_opened,app_opened,B(개선 UI),도심권
8255,1_app_opened,app_opened,A(기존 UI),외곽 주거지(초월읍 등)
8256,1_app_opened,app_opened,B(개선 UI),도심권
8256,2_home_viewed,home_viewed,B(개선 UI),도심권
8257,1_app_opened,app_opened,A(기존 UI),도심권
8257,2_home_viewed,home_viewed,A(기존 UI),도심권
8258,1_app_opened,app_opened,B(개선 UI),도심권
8259,1_app_opened,app_opened,B(개선 UI),외곽 주거지(초월읍 등)
8259,2_home_viewed,home_viewed,B(개선 UI),외곽 주거지(초월읍 등)
8259,3_cart_interacted,cart_interacted,B(개선 UI),외곽 주거지(초월읍 등)
8260,1_app_opened,app_opened,B(개선 UI),도심권
8261,1_app_opened,app_opened,A(기존 UI),도심권
8262,1_app_opened,app_opened,A(기존 UI),도심권
8263,1_app_opened,app_opened,B(개선 UI),도심권
8263,2_home_viewed,home_viewed,B(개선 UI),도심권
8264,1_app_opened,app_opened,A(기존 UI),외곽 주거지(초월읍 등)
8265,1_app_opened,app_opened,B(개선 UI),도심권
8265,2_home_viewed,home_viewed,B(개선 UI),도심권
8266,1_app_opened,app_opened,A(기존 UI),외곽 주거지(초월읍 등)
8267,1_app_opened,app_opened,B(개선 UI),도심권
8267,2_home_viewed,home_viewed,B(개선 UI),도심권
8268,1_app_opened,app_opened,A(기존 UI),도심권
8269,1_app_opened,app_opened,B(개선 UI),도심권
8269,2_home_viewed,home_viewed,B(개선 UI),도심권
8269,3_cart_interacted,cart_interacted,B(개선 UI),도심권
8269,4_purchase_completed,purchase_completed,B(개선 UI),도심권
8270,1_app_opened,app_opened,B(개선 UI),도심권
8270,2_home_viewed,home_viewed,B(개선 UI),도심권
8271,1_app_opened,app_opened,A(기존 UI),도심권
8272,1_app_opened,app_opened,A(기존 UI),도심권
8273,1_app_opened,app_opened,A(기존 UI),도심권
8274,1_app_opened,app_opened,B(개선 UI),외곽 주거지(초월읍 등)
8274,2_home_viewed,home_viewed,B(개선 UI),외곽 주거지(초월읍 등)
8275,1_app_opened,app_opened,B(개선 UI),도심권
8275,2_home_viewed,home_viewed,B(개선 UI),도심권
8276,1_app_opened,app_opened,B(개선 UI),도심권
8276,2_home_viewed,home_viewed,B(개선 UI),도심권
8276,3_cart_interacted,cart_interacted,B(개선 UI),도심권
8276,4_purchase_completed,purchase_completed,B(개선 UI),도심권
8277,1_app_opened,app_opened,B(개선 UI),도심권
8278,1_app_opened,app_opened,A(기존 UI),도심권
8279,1_app_opened,app_opened,A(기존 UI),도심권
8280,1_app_opened,app_opened,A(기존 UI),외곽 주거지(초월읍 등)
8281,1_app_opened,app_opened,A(기존 UI),외곽 주거지(초월읍 등)
8282,1_app_opened,app_opened,B(개선 UI),도심권
8282,2_home_viewed,home_viewed,B(개선 UI),도심권
8282,3_cart_interacted,cart_interacted,B(개선 UI),도심권
8283,1_app_opened,app_opened,B(개선 UI),도심권
8283,2_home_viewed,home_viewed,B(개선 UI),도심권
8284,1_app_opened,app_opened,A(기존 UI),도심권
8285,1_app_opened,app_opened,B(개선 UI),외곽 주거지(초월읍 등)
8285,2_home_viewed,home_viewed,B(개선 UI),외곽 주거지(초월읍 등)
8286,1_app_opened,app_opened,B(개선 UI),도심권
8287,1_app_opened,app_opened,A(기존 UI),도심권
8288,1_app_opened,app_opened,A(기존 UI),외곽 주거지(초월읍 등)
8289,1_app_opened,app_opened,A(기존 UI),외곽 주거지(초월읍 등)
8290,1_app_opened,app_opened,B(개선 UI),도심권
8291,1_app_opened,app_opened,B(개선 UI),외곽 주거지(초월읍 등)
8291,2_home_viewed,home_viewed,B(개선 UI),외곽 주거지(초월읍 등)
8291,3_cart_interacted,cart_interacted,B(개선 UI),외곽 주거지(초월읍 등)
8292,1_app_opened,app_opened,B(개선 UI),도심권
8293,1_app_opened,app_opened,A(기존 UI),도심권
8293,2_home_viewed,home_viewed,A(기존 UI),도심권
8294,1_app_opened,app_opened,A(기존 UI),도심권
8295,1_app_opened,app_opened,B(개선 UI),외곽 주거지(초월읍 등)
8296,1_app_opened,app_opened,B(개선 UI),도심권
8296,2_home_viewed,home_viewed,B(개선 UI),도심권
8297,1_app_opened,app_opened,B(개선 UI),도심권
8297,2_home_viewed,home_viewed,B(개선 UI),도심권
8298,1_app_opened,app_opened,B(개선 UI),외곽 주거지(초월읍 등)
8299,1_app_opened,app_opened,A(기존 UI),도심권
8300,1_app_opened,app_opened,B(개선 UI),외곽 주거지(초월읍 등)
8301,1_app_opened,app_opened,B(개선 UI),도심권
8302,1_app_opened,app_opened,A(기존 UI),도심권
8303,1_app_opened,app_opened,B(개선 UI),도심권
8303,2_home_viewed,home_viewed,B(개선 UI),도심권
8303,3_cart_interacted,cart_interacted,B(개선 UI),도심권
8304,1_app_opened,app_opened,A(기존 UI),외곽 주거지(초월읍 등)
8304,2_home_viewed,home_viewed,A(기존 UI),외곽 주거지(초월읍 등)
8305,1_app_opened,app_opened,A(기존 UI),도심권
8306,1_app_opened,app_opened,A(기존 UI),도심권
8307,1_app_opened,app_opened,A(기존 UI),도심권
8308,1_app_opened,app_opened,A(기존 UI),외곽 주거지(초월읍 등)
8308,2_home_viewed,home_viewed,A(기존 UI),외곽 주거지(초월읍 등)
8309,1_app_opened,app_opened,A(기존 UI),도심권
8310,1_app_opened,app_opened,B(개선 UI),도심권
8310,2_home_viewed,home_viewed,B(개선 UI),도심권
8311,1_app_opened,app_opened,A(기존 UI),도심권
8312,1_app_opened,app_opened,A(기존 UI),외곽 주거지(초월읍 등)
8313,1_app_opened,app_opened,A(기존 UI),도심권
8314,1_app_opened,app_opened,B(개선 UI),도심권
8315,1_app_opened,app_opened,A(기존 UI),외곽 주거지(초월읍 등)
8316,1_app_opened,app_opened,A(기존 UI),외곽 주거지(초월읍 등)
8316,2_home_viewed,home_viewed,A(기존 UI),외곽 주거지(초월읍 등)
8317,1_app_opened,app_opened,B(개선 UI),도심권
8318,1_app_opened,app_opened,B(개선 UI),외곽 주거지(초월읍 등)
8318,2_home_viewed,home_viewed,B(개선 UI),외곽 주거지(초월읍 등)
8319,1_app_opened,app_opened,B(개선 UI),도심권
8319,2_home_viewed,home_viewed,B(개선 UI),도심권
8320,1_app_opened,app_opened,A(기존 UI),도심권
8320,2_home_viewed,home_viewed,A(기존 UI),도심권
8321,1_app_opened,app_opened,A(기존 UI),도심권
8322,1_app_opened,app_opened,B(개선 UI),도심권
8323,1_app_opened,app_opened,A(기존 UI),외곽 주거지(초월읍 등)
8324,1_app_opened,app_opened,A(기존 UI),도심권
8325,1_app_opened,app_opened,A(기존 UI),도심권
8326,1_app_opened,app_opened,B(개선 UI),도심권
8327,1_app_opened,app_opened,A(기존 UI),도심권
8327,2_home_viewed,home_viewed,A(기존 UI),도심권
8328,1_app_opened,app_opened,B(개선 UI),도심권
8329,1_app_opened,app_opened,B(개선 UI),도심권
8329,2_home_viewed,home_viewed,B(개선 UI),도심권
8330,1_app_opened,app_opened,A(기존 UI),도심권
8331,1_app_opened,app_opened,B(개선 UI),외곽 주거지(초월읍 등)
8331,2_home_viewed,home_viewed,B(개선 UI),외곽 주거지(초월읍 등)
8331,3_cart_interacted,cart_interacted,B(개선 UI),외곽 주거지(초월읍 등)
8332,1_app_opened,app_opened,B(개선 UI),도심권
8333,1_app_opened,app_opened,B(개선 UI),도심권
8334,1_app_opened,app_opened,A(기존 UI),도심권
8335,1_app_opened,app_opened,B(개선 UI),도심권
8335,2_home_viewed,home_viewed,B(개선 UI),도심권
8336,1_app_opened,app_opened,A(기존 UI),외곽 주거지(초월읍 등)
8337,1_app_opened,app_opened,B(개선 UI),외곽 주거지(초월읍 등)
8338,1_app_opened,app_opened,A(기존 UI),도심권
8339,1_app_opened,app_opened,A(기존 UI),도심권
8340,1_app_opened,app_opened,B(개선 UI),도심권
8341,1_app_opened,app_opened,B(개선 UI),도심권
8342,1_app_opened,app_opened,B(개선 UI),도심권
8342,2_home_viewed,home_viewed,B(개선 UI),도심권
8342,3_cart_interacted,cart_interacted,B(개선 UI),도심권
8342,4_purchase_completed,purchase_completed,B(개선 UI),도심권
8343,1_app_opened,app_opened,A(기존 UI),외곽 주거지(초월읍 등)
8344,1_app_opened,app_opened,A(기존 UI),외곽 주거지(초월읍 등)
8344,2_home_viewed,home_viewed,A(기존 UI),외곽 주거지(초월읍 등)
8345,1_app_opened,app_opened,B(개선 UI),도심권
8346,1_app_opened,app_opened,B(개선 UI),외곽 주거지(초월읍 등)
8347,1_app_opened,app_opened,B(개선 UI),외곽 주거지(초월읍 등)
8348,1_app_opened,app_opened,A(기존 UI),외곽 주거지(초월읍 등)
8349,1_app_opened,app_opened,A(기존 UI),외곽 주거지(초월읍 등)
8350,1_app_opened,app_opened,B(개선 UI),도심권
8351,1_app_opened,app_opened,B(개선 UI),도심권
8351,2_home_viewed,home_viewed,B(개선 UI),도심권
8352,1_app_opened,app_opened,A(기존 UI),외곽 주거지(초월읍 등)
8353,1_app_opened,app_opened,B(개선 UI),외곽 주거지(초월읍 등)
8353,2_home_viewed,home_viewed,B(개선 UI),외곽 주거지(초월읍 등)
8354,1_app_opened,app_opened,B(개선 UI),외곽 주거지(초월읍 등)
8354,2_home_viewed,home_viewed,B(개선 UI),외곽 주거지(초월읍 등)
8354,3_cart_interacted,cart_interacted,B(개선 UI),외곽 주거지(초월읍 등)
8355,1_app_opened,app_opened,A(기존 UI),도심권
8355,2_home_viewed,home_viewed,A(기존 UI),도심권
8356,1_app_opened,app_opened,A(기존 UI),도심권
8357,1_app_opened,app_opened,A(기존 UI),도심권
8358,1_app_opened,app_opened,B(개선 UI),도심권
8358,2_home_viewed,home_viewed,B(개선 UI),도심권
8359,1_app_opened,app_opened,A(기존 UI),도심권
8359,2_home_viewed,home_viewed,A(기존 UI),도심권
8360,1_app_opened,app_opened,A(기존 UI),도심권
8361,1_app_opened,app_opened,B(개선 UI),도심권
8361,2_home_viewed,home_viewed,B(개선 UI),도심권
8362,1_app_opened,app_opened,A(기존 UI),도심권
8362,2_home_viewed,home_viewed,A(기존 UI),도심권
8363,1_app_opened,app_opened,A(기존 UI),도심권
8364,1_app_opened,app_opened,A(기존 UI),도심권
8365,1_app_opened,app_opened,B(개선 UI),도심권
8365,2_home_viewed,home_viewed,B(개선 UI),도심권
8366,1_app_opened,app_opened,B(개선 UI),도심권
8366,2_home_viewed,home_viewed,B(개선 UI),도심권
8367,1_app_opened,app_opened,A(기존 UI),외곽 주거지(초월읍 등)
8368,1_app_opened,app_opened,B(개선 UI),도심권
8369,1_app_opened,app_opened,B(개선 UI),도심권
8369,2_home_viewed,home_viewed,B(개선 UI),도심권
8370,1_app_opened,app_opened,A(기존 UI),외곽 주거지(초월읍 등)
8371,1_app_opened,app_opened,A(기존 UI),도심권
8372,1_app_opened,app_opened,A(기존 UI),외곽 주거지(초월읍 등)
8372,2_home_viewed,home_viewed,A(기존 UI),외곽 주거지(초월읍 등)
8373,1_app_opened,app_opened,A(기존 UI),도심권
8374,1_app_opened,app_opened,B(개선 UI),외곽 주거지(초월읍 등)
8374,2_home_viewed,home_viewed,B(개선 UI),외곽 주거지(초월읍 등)
8375,1_app_opened,app_opened,B(개선 UI),도심권
8376,1_app_opened,app_opened,A(기존 UI),외곽 주거지(초월읍 등)
8377,1_app_opened,app_opened,A(기존 UI),외곽 주거지(초월읍 등)
8378,1_app_opened,app_opened,A(기존 UI),도심권
8379,1_app_opened,app_opened,B(개선 UI),도심권
8380,1_app_opened,app_opened,A(기존 UI),도심권
8381,1_app_opened,app_opened,B(개선 UI),도심권
8381,2_home_viewed,home_viewed,B(개선 UI),도심권
8382,1_app_opened,app_opened,A(기존 UI),도심권
8383,1_app_opened,app_opened,B(개선 UI),외곽 주거지(초월읍 등)
8384,1_app_opened,app_opened,B(개선 UI),도심권
8385,1_app_opened,app_opened,A(기존 UI),도심권
8385,2_home_viewed,home_viewed,A(기존 UI),도심권
8386,1_app_opened,app_opened,A(기존 UI),외곽 주거지(초월읍 등)
8387,1_app_opened,app_opened,B(개선 UI),도심권
8387,2_home_viewed,home_viewed,B(개선 UI),도심권
8387,3_cart_interacted,cart_interacted,B(개선 UI),도심권
8388,1_app_opened,app_opened,A(기존 UI),도심권
8389,1_app_opened,app_opened,B(개선 UI),외곽 주거지(초월읍 등)
8389,2_home_viewed,home_viewed,B(개선 UI),외곽 주거지(초월읍 등)
8389,3_cart_interacted,cart_interacted,B(개선 UI),외곽 주거지(초월읍 등)
8390,1_app_opened,app_opened,A(기존 UI),외곽 주거지(초월읍 등)
8390,2_home_viewed,home_viewed,A(기존 UI),외곽 주거지(초월읍 등)
8391,1_app_opened,app_opened,B(개선 UI),도심권
8392,1_app_opened,app_opened,A(기존 UI),외곽 주거지(초월읍 등)
8393,1_app_opened,app_opened,B(개선 UI),도심권
8393,2_home_viewed,home_viewed,B(개선 UI),도심권
8393,3_cart_interacted,cart_interacted,B(개선 UI),도심권
8394,1_app_opened,app_opened,B(개선 UI),도심권
8395,1_app_opened,app_opened,B(개선 UI),도심권
8396,1_app_opened,app_opened,B(개선 UI),도심권
8396,2_home_viewed,home_viewed,B(개선 UI),도심권
8397,1_app_opened,app_opened,B(개선 UI),도심권
8398,1_app_opened,app_opened,A(기존 UI),도심권
8399,1_app_opened,app_opened,B(개선 UI),외곽 주거지(초월읍 등)
8400,1_app_opened,app_opened,B(개선 UI),도심권
8401,1_app_opened,app_opened,A(기존 UI),외곽 주거지(초월읍 등)
8401,2_home_viewed,home_viewed,A(기존 UI),외곽 주거지(초월읍 등)
8402,1_app_opened,app_opened,B(개선 UI),도심권
8403,1_app_opened,app_opened,B(개선 UI),외곽 주거지(초월읍 등)
8403,2_home_viewed,home_viewed,B(개선 UI),외곽 주거지(초월읍 등)
8404,1_app_opened,app_opened,B(개선 UI),도심권
8404,2_home_viewed,home_viewed,B(개선 UI),도심권
8404,3_cart_interacted,cart_interacted,B(개선 UI),도심권
8405,1_app_opened,app_opened,A(기존 UI),도심권
8405,2_home_viewed,home_viewed,A(기존 UI),도심권
8406,1_app_opened,app_opened,A(기존 UI),도심권
8407,1_app_opened,app_opened,A(기존 UI),외곽 주거지(초월읍 등)
8407,2_home_viewed,home_viewed,A(기존 UI),외곽 주거지(초월읍 등)
8407,3_cart_interacted,cart_interacted,A(기존 UI),외곽 주거지(초월읍 등)
8408,1_app_opened,app_opened,A(기존 UI),외곽 주거지(초월읍 등)
8409,1_app_opened,app_opened,B(개선 UI),도심권
8409,2_home_viewed,home_viewed,B(개선 UI),도심권
8409,3_cart_interacted,cart_interacted,B(개선 UI),도심권
8410,1_app_opened,app_opened,A(기존 UI),도심권
8411,1_app_opened,app_opened,A(기존 UI),도심권
8411,2_home_viewed,home_viewed,A(기존 UI),도심권
8412,1_app_opened,app_opened,B(개선 UI),외곽 주거지(초월읍 등)
8413,1_app_opened,app_opened,A(기존 UI),외곽 주거지(초월읍 등)
8414,1_app_opened,app_opened,A(기존 UI),외곽 주거지(초월읍 등)
8414,2_home_viewed,home_viewed,A(기존 UI),외곽 주거지(초월읍 등)
8415,1_app_opened,app_opened,A(기존 UI),외곽 주거지(초월읍 등)
8415,2_home_viewed,home_viewed,A(기존 UI),외곽 주거지(초월읍 등)
8416,1_app_opened,app_opened,A(기존 UI),외곽 주거지(초월읍 등)
8416,2_home_viewed,home_viewed,A(기존 UI),외곽 주거지(초월읍 등)
8417,1_app_opened,app_opened,B(개선 UI),도심권
8417,2_home_viewed,home_viewed,B(개선 UI),도심권
8418,1_app_opened,app_opened,B(개선 UI),외곽 주거지(초월읍 등)
8419,1_app_opened,app_opened,B(개선 UI),외곽 주거지(초월읍 등)
8420,1_app_opened,app_opened,A(기존 UI),외곽 주거지(초월읍 등)
8420,2_home_viewed,home_viewed,A(기존 UI),외곽 주거지(초월읍 등)
8421,1_app_opened,app_opened,B(개선 UI),도심권
8421,2_home_viewed,home_viewed,B(개선 UI),도심권
8422,1_app_opened,app_opened,A(기존 UI),도심권
8422,2_home_viewed,home_viewed,A(기존 UI),도심권
8423,1_app_opened,app_opened,A(기존 UI),도심권
8424,1_app_opened,app_opened,A(기존 UI),도심권
8425,1_app_opened,app_opened,A(기존 UI),도심권
8426,1_app_opened,app_opened,A(기존 UI),도심권
8427,1_app_opened,app_opened,A(기존 UI),도심권
8428,1_app_opened,app_opened,B(개선 UI),도심권
8429,1_app_opened,app_opened,A(기존 UI),도심권
8430,1_app_opened,app_opened,A(기존 UI),도심권
8431,1_app_opened,app_opened,A(기존 UI),외곽 주거지(초월읍 등)
8432,1_app_opened,app_opened,B(개선 UI),외곽 주거지(초월읍 등)
8433,1_app_opened,app_opened,A(기존 UI),도심권
8434,1_app_opened,app_opened,B(개선 UI),외곽 주거지(초월읍 등)
8435,1_app_opened,app_opened,B(개선 UI),외곽 주거지(초월읍 등)
8435,2_home_viewed,home_viewed,B(개선 UI),외곽 주거지(초월읍 등)
8435,3_cart_interacted,cart_interacted,B(개선 UI),외곽 주거지(초월읍 등)
8436,1_app_opened,app_opened,A(기존 UI),도심권
8437,1_app_opened,app_opened,A(기존 UI),도심권
8438,1_app_opened,app_opened,A(기존 UI),도심권
8439,1_app_opened,app_opened,B(개선 UI),도심권
8439,2_home_viewed,home_viewed,B(개선 UI),도심권
8440,1_app_opened,app_opened,A(기존 UI),외곽 주거지(초월읍 등)
8441,1_app_opened,app_opened,A(기존 UI),도심권
8441,2_home_viewed,home_viewed,A(기존 UI),도심권
8442,1_app_opened,app_opened,A(기존 UI),도심권
8442,2_home_viewed,home_viewed,A(기존 UI),도심권
8443,1_app_opened,app_opened,B(개선 UI),외곽 주거지(초월읍 등)
8444,1_app_opened,app_opened,A(기존 UI),도심권
8445,1_app_opened,app_opened,A(기존 UI),외곽 주거지(초월읍 등)
8446,1_app_opened,app_opened,B(개선 UI),도심권
8447,1_app_opened,app_opened,B(개선 UI),도심권
8447,2_home_viewed,home_viewed,B(개선 UI),도심권
8447,3_cart_interacted,cart_interacted,B(개선 UI),도심권
8448,1_app_opened,app_opened,B(개선 UI),도심권
8448,2_home_viewed,home_viewed,B(개선 UI),도심권
8449,1_app_opened,app_opened,A(기존 UI),도심권
8450,1_app_opened,app_opened,B(개선 UI),도심권
8450,2_home_viewed,home_viewed,B(개선 UI),도심권
8451,1_app_opened,app_opened,B(개선 UI),도심권
8451,2_home_viewed,home_viewed,B(개선 UI),도심권
8452,1_app_opened,app_opened,A(기존 UI),도심권
8452,2_home_viewed,home_viewed,A(기존 UI),도심권
8453,1_app_opened,app_opened,B(개선 UI),도심권
8453,2_home_viewed,home_viewed,B(개선 UI),도심권
8453,3_cart_interacted,cart_interacted,B(개선 UI),도심권
8454,1_app_opened,app_opened,A(기존 UI),도심권
8455,1_app_opened,app_opened,B(개선 UI),외곽 주거지(초월읍 등)
8456,1_app_opened,app_opened,A(기존 UI),도심권
8457,1_app_opened,app_opened,B(개선 UI),도심권
8458,1_app_opened,app_opened,A(기존 UI),도심권
8459,1_app_opened,app_opened,B(개선 UI),도심권
8460,1_app_opened,app_opened,A(기존 UI),도심권
8461,1_app_opened,app_opened,B(개선 UI),도심권
8461,2_home_viewed,home_viewed,B(개선 UI),도심권
8462,1_app_opened,app_opened,B(개선 UI),외곽 주거지(초월읍 등)
8462,2_home_viewed,home_viewed,B(개선 UI),외곽 주거지(초월읍 등)
8462,3_cart_interacted,cart_interacted,B(개선 UI),외곽 주거지(초월읍 등)
8462,4_purchase_completed,purchase_completed,B(개선 UI),외곽 주거지(초월읍 등)
8463,1_app_opened,app_opened,A(기존 UI),도심권
8464,1_app_opened,app_opened,B(개선 UI),도심권
8465,1_app_opened,app_opened,B(개선 UI),도심권
8466,1_app_opened,app_opened,A(기존 UI),외곽 주거지(초월읍 등)
8467,1_app_opened,app_opened,A(기존 UI),도심권
8467,2_home_viewed,home_viewed,A(기존 UI),도심권
8468,1_app_opened,app_opened,B(개선 UI),도심권
8469,1_app_opened,app_opened,A(기존 UI),도심권
8469,2_home_viewed,home_viewed,A(기존 UI),도심권
8470,1_app_opened,app_opened,A(기존 UI),도심권
8470,2_home_viewed,home_viewed,A(기존 UI),도심권
8470,3_cart_interacted,cart_interacted,A(기존 UI),도심권
8470,4_purchase_completed,purchase_completed,A(기존 UI),도심권
8471,1_app_opened,app_opened,A(기존 UI),도심권
8471,2_home_viewed,home_viewed,A(기존 UI),도심권
8472,1_app_opened,app_opened,A(기존 UI),외곽 주거지(초월읍 등)
8472,2_home_viewed,home_viewed,A(기존 UI),외곽 주거지(초월읍 등)
8473,1_app_opened,app_opened,A(기존 UI),도심권
8474,1_app_opened,app_opened,A(기존 UI),도심권
8475,1_app_opened,app_opened,B(개선 UI),외곽 주거지(초월읍 등)
8475,2_home_viewed,home_viewed,B(개선 UI),외곽 주거지(초월읍 등)
8475,3_cart_interacted,cart_interacted,B(개선 UI),외곽 주거지(초월읍 등)
8476,1_app_opened,app_opened,B(개선 UI),도심권
8477,1_app_opened,app_opened,A(기존 UI),도심권
8478,1_app_opened,app_opened,B(개선 UI),도심권
8479,1_app_opened,app_opened,B(개선 UI),도심권
8479,2_home_viewed,home_viewed,B(개선 UI),도심권
8480,1_app_opened,app_opened,B(개선 UI),도심권
8480,2_home_viewed,home_viewed,B(개선 UI),도심권
8481,1_app_opened,app_opened,A(기존 UI),도심권
8481,2_home_viewed,home_viewed,A(기존 UI),도심권
8482,1_app_opened,app_opened,A(기존 UI),외곽 주거지(초월읍 등)
8483,1_app_opened,app_opened,B(개선 UI),외곽 주거지(초월읍 등)
8483,2_home_viewed,home_viewed,B(개선 UI),외곽 주거지(초월읍 등)
8483,3_cart_interacted,cart_interacted,B(개선 UI),외곽 주거지(초월읍 등)
8484,1_app_opened,app_opened,B(개선 UI),외곽 주거지(초월읍 등)
8485,1_app_opened,app_opened,B(개선 UI),도심권
8485,2_home_viewed,home_viewed,B(개선 UI),도심권
8485,3_cart_interacted,cart_interacted,B(개선 UI),도심권
8485,4_purchase_completed,purchase_completed,B(개선 UI),도심권
8486,1_app_opened,app_opened,B(개선 UI),도심권
8486,2_home_viewed,home_viewed,B(개선 UI),도심권
8487,1_app_opened,app_opened,A(기존 UI),도심권
8488,1_app_opened,app_opened,B(개선 UI),도심권
8488,2_home_viewed,home_viewed,B(개선 UI),도심권
8488,3_cart_interacted,cart_interacted,B(개선 UI),도심권
8488,4_purchase_completed,purchase_completed,B(개선 UI),도심권
8489,1_app_opened,app_opened,A(기존 UI),외곽 주거지(초월읍 등)
8490,1_app_opened,app_opened,A(기존 UI),도심권
8491,1_app_opened,app_opened,B(개선 UI),외곽 주거지(초월읍 등)
8492,1_app_opened,app_opened,A(기존 UI),도심권
8493,1_app_opened,app_opened,A(기존 UI),도심권
8494,1_app_opened,app_opened,B(개선 UI),도심권
8495,1_app_opened,app_opened,A(기존 UI),도심권
8495,2_home_viewed,home_viewed,A(기존 UI),도심권
8496,1_app_opened,app_opened,B(개선 UI),외곽 주거지(초월읍 등)
8496,2_home_viewed,home_viewed,B(개선 UI),외곽 주거지(초월읍 등)
8496,3_cart_interacted,cart_interacted,B(개선 UI),외곽 주거지(초월읍 등)
8497,1_app_opened,app_opened,B(개선 UI),외곽 주거지(초월읍 등)
8497,2_home_viewed,home_viewed,B(개선 UI),외곽 주거지(초월읍 등)
8498,1_app_opened,app_opened,B(개선 UI),도심권
8498,2_home_viewed,home_viewed,B(개선 UI),도심권
8499,1_app_opened,app_opened,A(기존 UI),도심권
8500,1_app_opened,app_opened,A(기존 UI),도심권
8501,1_app_opened,app_opened,A(기존 UI),도심권
8502,1_app_opened,app_opened,A(기존 UI),도심권
8503,1_app_opened,app_opened,A(기존 UI),외곽 주거지(초월읍 등)
8504,1_app_opened,app_opened,B(개선 UI),도심권
8504,2_home_viewed,home_viewed,B(개선 UI),도심권
8504,3_cart_interacted,cart_interacted,B(개선 UI),도심권
8504,4_purchase_completed,purchase_completed,B(개선 UI),도심권
8505,1_app_opened,app_opened,A(기존 UI),도심권
8506,1_app_opened,app_opened,B(개선 UI),외곽 주거지(초월읍 등)
8507,1_app_opened,app_opened,A(기존 UI),도심권
8508,1_app_opened,app_opened,B(개선 UI),도심권
8508,2_home_viewed,home_viewed,B(개선 UI),도심권
8508,3_cart_interacted,cart_interacted,B(개선 UI),도심권
8509,1_app_opened,app_opened,B(개선 UI),도심권
8509,2_home_viewed,home_viewed,B(개선 UI),도심권
8510,1_app_opened,app_opened,A(기존 UI),도심권
8510,2_home_viewed,home_viewed,A(기존 UI),도심권
8511,1_app_opened,app_opened,A(기존 UI),도심권
8511,2_home_viewed,home_viewed,A(기존 UI),도심권
8512,1_app_opened,app_opened,B(개선 UI),도심권
8513,1_app_opened,app_opened,B(개선 UI),외곽 주거지(초월읍 등)
8513,2_home_viewed,home_viewed,B(개선 UI),외곽 주거지(초월읍 등)
8514,1_app_opened,app_opened,B(개선 UI),외곽 주거지(초월읍 등)
8515,1_app_opened,app_opened,A(기존 UI),외곽 주거지(초월읍 등)
8516,1_app_opened,app_opened,A(기존 UI),도심권
8517,1_app_opened,app_opened,B(개선 UI),외곽 주거지(초월읍 등)
8517,2_home_viewed,home_viewed,B(개선 UI),외곽 주거지(초월읍 등)
8518,1_app_opened,app_opened,B(개선 UI),도심권
8519,1_app_opened,app_opened,A(기존 UI),도심권
8520,1_app_opened,app_opened,B(개선 UI),도심권
8520,2_home_viewed,home_viewed,B(개선 UI),도심권
8520,3_cart_interacted,cart_interacted,B(개선 UI),도심권
8521,1_app_opened,app_opened,A(기존 UI),도심권
8521,2_home_viewed,home_viewed,A(기존 UI),도심권
8522,1_app_opened,app_opened,A(기존 UI),도심권
8523,1_app_opened,app_opened,A(기존 UI),도심권
8524,1_app_opened,app_opened,A(기존 UI),외곽 주거지(초월읍 등)
8525,1_app_opened,app_opened,B(개선 UI),도심권
8525,2_home_viewed,home_viewed,B(개선 UI),도심권
8525,3_cart_interacted,cart_interacted,B(개선 UI),도심권
8525,4_purchase_completed,purchase_completed,B(개선 UI),도심권
8526,1_app_opened,app_opened,A(기존 UI),외곽 주거지(초월읍 등)
8527,1_app_opened,app_opened,A(기존 UI),도심권
8528,1_app_opened,app_opened,B(개선 UI),도심권
8529,1_app_opened,app_opened,B(개선 UI),도심권
8529,2_home_viewed,home_viewed,B(개선 UI),도심권
8530,1_app_opened,app_opened,B(개선 UI),도심권
8531,1_app_opened,app_opened,B(개선 UI),도심권
8532,1_app_opened,app_opened,A(기존 UI),도심권
8533,1_app_opened,app_opened,B(개선 UI),도심권
8533,2_home_viewed,home_viewed,B(개선 UI),도심권
8534,1_app_opened,app_opened,B(개선 UI),도심권
8535,1_app_opened,app_opened,B(개선 UI),외곽 주거지(초월읍 등)
8535,2_home_viewed,home_viewed,B(개선 UI),외곽 주거지(초월읍 등)
8536,1_app_opened,app_opened,A(기존 UI),도심권
8537,1_app_opened,app_opened,A(기존 UI),도심권
8538,1_app_opened,app_opened,B(개선 UI),외곽 주거지(초월읍 등)
8538,2_home_viewed,home_viewed,B(개선 UI),외곽 주거지(초월읍 등)
8539,1_app_opened,app_opened,A(기존 UI),도심권
8539,2_home_viewed,home_viewed,A(기존 UI),도심권
8540,1_app_opened,app_opened,B(개선 UI),외곽 주거지(초월읍 등)
8540,2_home_viewed,home_viewed,B(개선 UI),외곽 주거지(초월읍 등)
8540,3_cart_interacted,cart_interacted,B(개선 UI),외곽 주거지(초월읍 등)
8541,1_app_opened,app_opened,B(개선 UI),외곽 주거지(초월읍 등)
8542,1_app_opened,app_opened,B(개선 UI),외곽 주거지(초월읍 등)
8542,2_home_viewed,home_viewed,B(개선 UI),외곽 주거지(초월읍 등)
8543,1_app_opened,app_opened,B(개선 UI),도심권
8544,1_app_opened,app_opened,B(개선 UI),도심권
8544,2_home_viewed,home_viewed,B(개선 UI),도심권
8545,1_app_opened,app_opened,A(기존 UI),도심권
8546,1_app_opened,app_opened,B(개선 UI),도심권
8546,2_home_viewed,home_viewed,B(개선 UI),도심권
8547,1_app_opened,app_opened,B(개선 UI),도심권
8547,2_home_viewed,home_viewed,B(개선 UI),도심권
8547,3_cart_interacted,cart_interacted,B(개선 UI),도심권
8547,4_purchase_completed,purchase_completed,B(개선 UI),도심권
8548,1_app_opened,app_opened,A(기존 UI),도심권
8549,1_app_opened,app_opened,A(기존 UI),외곽 주거지(초월읍 등)
8550,1_app_opened,app_opened,A(기존 UI),도심권
8550,2_home_viewed,home_viewed,A(기존 UI),도심권
8550,3_cart_interacted,cart_interacted,A(기존 UI),도심권
8551,1_app_opened,app_opened,B(개선 UI),외곽 주거지(초월읍 등)
8551,2_home_viewed,home_viewed,B(개선 UI),외곽 주거지(초월읍 등)
8552,1_app_opened,app_opened,A(기존 UI),외곽 주거지(초월읍 등)
8553,1_app_opened,app_opened,B(개선 UI),도심권
8553,2_home_viewed,home_viewed,B(개선 UI),도심권
8553,3_cart_interacted,cart_interacted,B(개선 UI),도심권
8554,1_app_opened,app_opened,A(기존 UI),도심권
8555,1_app_opened,app_opened,A(기존 UI),도심권
8556,1_app_opened,app_opened,B(개선 UI),외곽 주거지(초월읍 등)
8557,1_app_opened,app_opened,A(기존 UI),도심권
8558,1_app_opened,app_opened,B(개선 UI),도심권
8558,2_home_viewed,home_viewed,B(개선 UI),도심권
8559,1_app_opened,app_opened,B(개선 UI),도심권
8559,2_home_viewed,home_viewed,B(개선 UI),도심권
8559,3_cart_interacted,cart_interacted,B(개선 UI),도심권
8560,1_app_opened,app_opened,B(개선 UI),외곽 주거지(초월읍 등)
8560,2_home_viewed,home_viewed,B(개선 UI),외곽 주거지(초월읍 등)
8561,1_app_opened,app_opened,A(기존 UI),외곽 주거지(초월읍 등)
8561,2_home_viewed,home_viewed,A(기존 UI),외곽 주거지(초월읍 등)
8562,1_app_opened,app_opened,B(개선 UI),도심권
8562,2_home_viewed,home_viewed,B(개선 UI),도심권
8562,3_cart_interacted,cart_interacted,B(개선 UI),도심권
8562,4_purchase_completed,purchase_completed,B(개선 UI),도심권
8563,1_app_opened,app_opened,B(개선 UI),도심권
8563,2_home_viewed,home_viewed,B(개선 UI),도심권
8564,1_app_opened,app_opened,B(개선 UI),도심권
8565,1_app_opened,app_opened,A(기존 UI),도심권
8566,1_app_opened,app_opened,B(개선 UI),외곽 주거지(초월읍 등)
8567,1_app_opened,app_opened,B(개선 UI),외곽 주거지(초월읍 등)
8568,1_app_opened,app_opened,B(개선 UI),외곽 주거지(초월읍 등)
8568,2_home_viewed,home_viewed,B(개선 UI),외곽 주거지(초월읍 등)
8569,1_app_opened,app_opened,A(기존 UI),도심권
8570,1_app_opened,app_opened,A(기존 UI),도심권
8571,1_app_opened,app_opened,A(기존 UI),도심권
8572,1_app_opened,app_opened,A(기존 UI),도심권
8573,1_app_opened,app_opened,A(기존 UI),도심권
8574,1_app_opened,app_opened,A(기존 UI),외곽 주거지(초월읍 등)
8575,1_app_opened,app_opened,B(개선 UI),도심권
8575,2_home_viewed,home_viewed,B(개선 UI),도심권
8576,1_app_opened,app_opened,A(기존 UI),외곽 주거지(초월읍 등)
8577,1_app_opened,app_opened,B(개선 UI),도심권
8577,2_home_viewed,home_viewed,B(개선 UI),도심권
8577,3_cart_interacted,cart_interacted,B(개선 UI),도심권
8578,1_app_opened,app_opened,A(기존 UI),도심권
8579,1_app_opened,app_opened,A(기존 UI),도심권
8580,1_app_opened,app_opened,A(기존 UI),도심권
8581,1_app_opened,app_opened,A(기존 UI),도심권
8582,1_app_opened,app_opened,B(개선 UI),외곽 주거지(초월읍 등)
8582,2_home_viewed,home_viewed,B(개선 UI),외곽 주거지(초월읍 등)
8583,1_app_opened,app_opened,B(개선 UI),도심권
8583,2_home_viewed,home_viewed,B(개선 UI),도심권
8583,3_cart_interacted,cart_interacted,B(개선 UI),도심권
8583,4_purchase_completed,purchase_completed,B(개선 UI),도심권
8584,1_app_opened,app_opened,A(기존 UI),외곽 주거지(초월읍 등)
8585,1_app_opened,app_opened,A(기존 UI),외곽 주거지(초월읍 등)
8585,2_home_viewed,home_viewed,A(기존 UI),외곽 주거지(초월읍 등)
8586,1_app_opened,app_opened,A(기존 UI),도심권
8587,1_app_opened,app_opened,B(개선 UI),외곽 주거지(초월읍 등)
8587,2_home_viewed,home_viewed,B(개선 UI),외곽 주거지(초월읍 등)
8588,1_app_opened,app_opened,B(개선 UI),도심권
8589,1_app_opened,app_opened,B(개선 UI),외곽 주거지(초월읍 등)
8589,2_home_viewed,home_viewed,B(개선 UI),외곽 주거지(초월읍 등)
8590,1_app_opened,app_opened,B(개선 UI),도심권
8590,2_home_viewed,home_viewed,B(개선 UI),도심권
8591,1_app_opened,app_opened,B(개선 UI),도심권
8592,1_app_opened,app_opened,A(기존 UI),도심권
8593,1_app_opened,app_opened,A(기존 UI),도심권
8593,2_home_viewed,home_viewed,A(기존 UI),도심권
8594,1_app_opened,app_opened,B(개선 UI),외곽 주거지(초월읍 등)
8594,2_home_viewed,home_viewed,B(개선 UI),외곽 주거지(초월읍 등)
8595,1_app_opened,app_opened,B(개선 UI),외곽 주거지(초월읍 등)
8595,2_home_viewed,home_viewed,B(개선 UI),외곽 주거지(초월읍 등)
8596,1_app_opened,app_opened,B(개선 UI),외곽 주거지(초월읍 등)
8596,2_home_viewed,home_viewed,B(개선 UI),외곽 주거지(초월읍 등)
8597,1_app_opened,app_opened,B(개선 UI),도심권
8598,1_app_opened,app_opened,A(기존 UI),도심권
8598,2_home_viewed,home_viewed,A(기존 UI),도심권
8599,1_app_opened,app_opened,B(개선 UI),도심권
8599,2_home_viewed,home_viewed,B(개선 UI),도심권
8600,1_app_opened,app_opened,B(개선 UI),도심권
8601,1_app_opened,app_opened,A(기존 UI),도심권
8602,1_app_opened,app_opened,B(개선 UI),도심권
8602,2_home_viewed,home_viewed,B(개선 UI),도심권
8603,1_app_opened,app_opened,B(개선 UI),도심권
8603,2_home_viewed,home_viewed,B(개선 UI),도심권
8603,3_cart_interacted,cart_interacted,B(개선 UI),도심권
8604,1_app_opened,app_opened,A(기존 UI),도심권
8605,1_app_opened,app_opened,A(기존 UI),도심권
8606,1_app_opened,app_opened,A(기존 UI),도심권
8607,1_app_opened,app_opened,B(개선 UI),외곽 주거지(초월읍 등)
8607,2_home_viewed,home_viewed,B(개선 UI),외곽 주거지(초월읍 등)
8607,3_cart_interacted,cart_interacted,B(개선 UI),외곽 주거지(초월읍 등)
8607,4_purchase_completed,purchase_completed,B(개선 UI),외곽 주거지(초월읍 등)
8608,1_app_opened,app_opened,A(기존 UI),도심권
8609,1_app_opened,app_opened,B(개선 UI),외곽 주거지(초월읍 등)
8610,1_app_opened,app_opened,B(개선 UI),도심권
8610,2_home_viewed,home_viewed,B(개선 UI),도심권
8611,1_app_opened,app_opened,A(기존 UI),외곽 주거지(초월읍 등)
8611,2_home_viewed,home_viewed,A(기존 UI),외곽 주거지(초월읍 등)
8611,3_cart_interacted,cart_interacted,A(기존 UI),외곽 주거지(초월읍 등)
8612,1_app_opened,app_opened,B(개선 UI),도심권
8613,1_app_opened,app_opened,B(개선 UI),도심권
8614,1_app_opened,app_opened,A(기존 UI),도심권
8615,1_app_opened,app_opened,A(기존 UI),외곽 주거지(초월읍 등)
8616,1_app_opened,app_opened,B(개선 UI),도심권
8617,1_app_opened,app_opened,B(개선 UI),도심권
8618,1_app_opened,app_opened,A(기존 UI),외곽 주거지(초월읍 등)
8619,1_app_opened,app_opened,A(기존 UI),도심권
8620,1_app_opened,app_opened,A(기존 UI),도심권
8621,1_app_opened,app_opened,B(개선 UI),도심권
8621,2_home_viewed,home_viewed,B(개선 UI),도심권
8621,3_cart_interacted,cart_interacted,B(개선 UI),도심권
8622,1_app_opened,app_opened,A(기존 UI),도심권
8623,1_app_opened,app_opened,B(개선 UI),도심권
8624,1_app_opened,app_opened,B(개선 UI),도심권
8624,2_home_viewed,home_viewed,B(개선 UI),도심권
8625,1_app_opened,app_opened,A(기존 UI),외곽 주거지(초월읍 등)
8626,1_app_opened,app_opened,B(개선 UI),외곽 주거지(초월읍 등)
8626,2_home_viewed,home_viewed,B(개선 UI),외곽 주거지(초월읍 등)
8626,3_cart_interacted,cart_interacted,B(개선 UI),외곽 주거지(초월읍 등)
8627,1_app_opened,app_opened,A(기존 UI),도심권
8628,1_app_opened,app_opened,B(개선 UI),도심권
8629,1_app_opened,app_opened,A(기존 UI),외곽 주거지(초월읍 등)
8630,1_app_opened,app_opened,B(개선 UI),외곽 주거지(초월읍 등)
8630,2_home_viewed,home_viewed,B(개선 UI),외곽 주거지(초월읍 등)
8631,1_app_opened,app_opened,B(개선 UI),외곽 주거지(초월읍 등)
8632,1_app_opened,app_opened,A(기존 UI),도심권
8633,1_app_opened,app_opened,A(기존 UI),외곽 주거지(초월읍 등)
8634,1_app_opened,app_opened,A(기존 UI),외곽 주거지(초월읍 등)
8635,1_app_opened,app_opened,A(기존 UI),도심권
8636,1_app_opened,app_opened,B(개선 UI),도심권
8637,1_app_opened,app_opened,B(개선 UI),도심권
8638,1_app_opened,app_opened,A(기존 UI),도심권
8638,2_home_viewed,home_viewed,A(기존 UI),도심권
8638,3_cart_interacted,cart_interacted,A(기존 UI),도심권
8638,4_purchase_completed,purchase_completed,A(기존 UI),도심권
8639,1_app_opened,app_opened,B(개선 UI),외곽 주거지(초월읍 등)
8639,2_home_viewed,home_viewed,B(개선 UI),외곽 주거지(초월읍 등)
8639,3_cart_interacted,cart_interacted,B(개선 UI),외곽 주거지(초월읍 등)
8639,4_purchase_completed,purchase_completed,B(개선 UI),외곽 주거지(초월읍 등)
8640,1_app_opened,app_opened,B(개선 UI),외곽 주거지(초월읍 등)
8640,2_home_viewed,home_viewed,B(개선 UI),외곽 주거지(초월읍 등)
8640,3_cart_interacted,cart_interacted,B(개선 UI),외곽 주거지(초월읍 등)
8641,1_app_opened,app_opened,B(개선 UI),외곽 주거지(초월읍 등)
8642,1_app_opened,app_opened,A(기존 UI),외곽 주거지(초월읍 등)
8643,1_app_opened,app_opened,A(기존 UI),도심권
8643,2_home_viewed,home_viewed,A(기존 UI),도심권
8644,1_app_opened,app_opened,A(기존 UI),도심권
8645,1_app_opened,app_opened,B(개선 UI),외곽 주거지(초월읍 등)
8646,1_app_opened,app_opened,A(기존 UI),도심권
8647,1_app_opened,app_opened,A(기존 UI),도심권
8648,1_app_opened,app_opened,A(기존 UI),도심권
8649,1_app_opened,app_opened,B(개선 UI),도심권
8650,1_app_opened,app_opened,A(기존 UI),도심권
8651,1_app_opened,app_opened,A(기존 UI),도심권
8651,2_home_viewed,home_viewed,A(기존 UI),도심권
8651,3_cart_interacted,cart_interacted,A(기존 UI),도심권
8651,4_purchase_completed,purchase_completed,A(기존 UI),도심권
8652,1_app_opened,app_opened,A(기존 UI),도심권
8653,1_app_opened,app_opened,A(기존 UI),외곽 주거지(초월읍 등)
8654,1_app_opened,app_opened,B(개선 UI),외곽 주거지(초월읍 등)
8655,1_app_opened,app_opened,A(기존 UI),외곽 주거지(초월읍 등)
8656,1_app_opened,app_opened,A(기존 UI),도심권
8656,2_home_viewed,home_viewed,A(기존 UI),도심권
8657,1_app_opened,app_opened,B(개선 UI),외곽 주거지(초월읍 등)
8658,1_app_opened,app_opened,A(기존 UI),외곽 주거지(초월읍 등)
8659,1_app_opened,app_opened,A(기존 UI),도심권
8660,1_app_opened,app_opened,B(개선 UI),외곽 주거지(초월읍 등)
8661,1_app_opened,app_opened,A(기존 UI),도심권
8661,2_home_viewed,home_viewed,A(기존 UI),도심권
8661,3_cart_interacted,cart_interacted,A(기존 UI),도심권
8662,1_app_opened,app_opened,A(기존 UI),외곽 주거지(초월읍 등)
8663,1_app_opened,app_opened,A(기존 UI),도심권
8664,1_app_opened,app_opened,A(기존 UI),도심권
8665,1_app_opened,app_opened,B(개선 UI),도심권
8665,2_home_viewed,home_viewed,B(개선 UI),도심권
8665,3_cart_interacted,cart_interacted,B(개선 UI),도심권
8666,1_app_opened,app_opened,B(개선 UI),도심권
8666,2_home_viewed,home_viewed,B(개선 UI),도심권
8667,1_app_opened,app_opened,B(개선 UI),도심권
8667,2_home_viewed,home_viewed,B(개선 UI),도심권
8668,1_app_opened,app_opened,A(기존 UI),외곽 주거지(초월읍 등)
8669,1_app_opened,app_opened,A(기존 UI),외곽 주거지(초월읍 등)
8669,2_home_viewed,home_viewed,A(기존 UI),외곽 주거지(초월읍 등)
8670,1_app_opened,app_opened,B(개선 UI),외곽 주거지(초월읍 등)
8670,2_home_viewed,home_viewed,B(개선 UI),외곽 주거지(초월읍 등)
8670,3_cart_interacted,cart_interacted,B(개선 UI),외곽 주거지(초월읍 등)
8670,4_purchase_completed,purchase_completed,B(개선 UI),외곽 주거지(초월읍 등)
8671,1_app_opened,app_opened,B(개선 UI),도심권
8672,1_app_opened,app_opened,A(기존 UI),외곽 주거지(초월읍 등)
8673,1_app_opened,app_opened,A(기존 UI),도심권
8674,1_app_opened,app_opened,A(기존 UI),외곽 주거지(초월읍 등)
8675,1_app_opened,app_opened,A(기존 UI),도심권
8676,1_app_opened,app_opened,A(기존 UI),도심권
8677,1_app_opened,app_opened,A(기존 UI),외곽 주거지(초월읍 등)
8678,1_app_opened,app_opened,B(개선 UI),외곽 주거지(초월읍 등)
8678,2_home_viewed,home_viewed,B(개선 UI),외곽 주거지(초월읍 등)
8679,1_app_opened,app_opened,B(개선 UI),도심권
8680,1_app_opened,app_opened,A(기존 UI),외곽 주거지(초월읍 등)
8680,2_home_viewed,home_viewed,A(기존 UI),외곽 주거지(초월읍 등)
8681,1_app_opened,app_opened,A(기존 UI),도심권
8682,1_app_opened,app_opened,B(개선 UI),외곽 주거지(초월읍 등)
8683,1_app_opened,app_opened,A(기존 UI),도심권
8683,2_home_viewed,home_viewed,A(기존 UI),도심권
8684,1_app_opened,app_opened,B(개선 UI),도심권
8685,1_app_opened,app_opened,A(기존 UI),도심권
8686,1_app_opened,app_opened,B(개선 UI),도심권
8687,1_app_opened,app_opened,A(기존 UI),외곽 주거지(초월읍 등)
8688,1_app_opened,app_opened,A(기존 UI),도심권
8689,1_app_opened,app_opened,A(기존 UI),도심권
8690,1_app_opened,app_opened,A(기존 UI),도심권
8691,1_app_opened,app_opened,A(기존 UI),도심권
8691,2_home_viewed,home_viewed,A(기존 UI),도심권
8692,1_app_opened,app_opened,B(개선 UI),외곽 주거지(초월읍 등)
8693,1_app_opened,app_opened,A(기존 UI),도심권
8694,1_app_opened,app_opened,A(기존 UI),도심권
8695,1_app_opened,app_opened,B(개선 UI),도심권
8696,1_app_opened,app_opened,B(개선 UI),도심권
8697,1_app_opened,app_opened,B(개선 UI),외곽 주거지(초월읍 등)
8697,2_home_viewed,home_viewed,B(개선 UI),외곽 주거지(초월읍 등)
8698,1_app_opened,app_opened,B(개선 UI),도심권
8699,1_app_opened,app_opened,A(기존 UI),도심권
8700,1_app_opened,app_opened,B(개선 UI),외곽 주거지(초월읍 등)
8700,2_home_viewed,home_viewed,B(개선 UI),외곽 주거지(초월읍 등)
8701,1_app_opened,app_opened,B(개선 UI),도심권
8702,1_app_opened,app_opened,B(개선 UI),외곽 주거지(초월읍 등)
8703,1_app_opened,app_opened,A(기존 UI),도심권
8703,2_home_viewed,home_viewed,A(기존 UI),도심권
8704,1_app_opened,app_opened,A(기존 UI),외곽 주거지(초월읍 등)
8705,1_app_opened,app_opened,A(기존 UI),도심권
8706,1_app_opened,app_opened,B(개선 UI),도심권
8706,2_home_viewed,home_viewed,B(개선 UI),도심권
8707,1_app_opened,app_opened,B(개선 UI),도심권
8707,2_home_viewed,home_viewed,B(개선 UI),도심권
8707,3_cart_interacted,cart_interacted,B(개선 UI),도심권
8707,4_purchase_completed,purchase_completed,B(개선 UI),도심권
8708,1_app_opened,app_opened,B(개선 UI),외곽 주거지(초월읍 등)
8709,1_app_opened,app_opened,A(기존 UI),외곽 주거지(초월읍 등)
8710,1_app_opened,app_opened,B(개선 UI),도심권
8710,2_home_viewed,home_viewed,B(개선 UI),도심권
8711,1_app_opened,app_opened,B(개선 UI),외곽 주거지(초월읍 등)
8712,1_app_opened,app_opened,A(기존 UI),도심권
8713,1_app_opened,app_opened,B(개선 UI),외곽 주거지(초월읍 등)
8713,2_home_viewed,home_viewed,B(개선 UI),외곽 주거지(초월읍 등)
8714,1_app_opened,app_opened,A(기존 UI),외곽 주거지(초월읍 등)
8715,1_app_opened,app_opened,B(개선 UI),도심권
8715,2_home_viewed,home_viewed,B(개선 UI),도심권
8715,3_cart_interacted,cart_interacted,B(개선 UI),도심권
8716,1_app_opened,app_opened,B(개선 UI),외곽 주거지(초월읍 등)
8717,1_app_opened,app_opened,B(개선 UI),도심권
8718,1_app_opened,app_opened,B(개선 UI),도심권
8718,2_home_viewed,home_viewed,B(개선 UI),도심권
8719,1_app_opened,app_opened,B(개선 UI),도심권
8720,1_app_opened,app_opened,A(기존 UI),외곽 주거지(초월읍 등)
8721,1_app_opened,app_opened,A(기존 UI),외곽 주거지(초월읍 등)
8722,1_app_opened,app_opened,B(개선 UI),외곽 주거지(초월읍 등)
8723,1_app_opened,app_opened,A(기존 UI),외곽 주거지(초월읍 등)
8724,1_app_opened,app_opened,A(기존 UI),외곽 주거지(초월읍 등)
8725,1_app_opened,app_opened,B(개선 UI),도심권
8725,2_home_viewed,home_viewed,B(개선 UI),도심권
8726,1_app_opened,app_opened,B(개선 UI),도심권
8726,2_home_viewed,home_viewed,B(개선 UI),도심권
8726,3_cart_interacted,cart_interacted,B(개선 UI),도심권
8727,1_app_opened,app_opened,A(기존 UI),도심권
8728,1_app_opened,app_opened,A(기존 UI),도심권
8729,1_app_opened,app_opened,A(기존 UI),도심권
8730,1_app_opened,app_opened,A(기존 UI),도심권
8731,1_app_opened,app_opened,A(기존 UI),외곽 주거지(초월읍 등)
8732,1_app_opened,app_opened,B(개선 UI),외곽 주거지(초월읍 등)
8732,2_home_viewed,home_viewed,B(개선 UI),외곽 주거지(초월읍 등)
8733,1_app_opened,app_opened,A(기존 UI),도심권
8734,1_app_opened,app_opened,A(기존 UI),외곽 주거지(초월읍 등)
8735,1_app_opened,app_opened,A(기존 UI),도심권
8736,1_app_opened,app_opened,B(개선 UI),외곽 주거지(초월읍 등)
8737,1_app_opened,app_opened,A(기존 UI),도심권
8738,1_app_opened,app_opened,A(기존 UI),도심권
8739,1_app_opened,app_opened,A(기존 UI),외곽 주거지(초월읍 등)
8740,1_app_opened,app_opened,B(개선 UI),도심권
8741,1_app_opened,app_opened,B(개선 UI),도심권
8741,2_home_viewed,home_viewed,B(개선 UI),도심권
8742,1_app_opened,app_opened,A(기존 UI),도심권
8743,1_app_opened,app_opened,A(기존 UI),도심권
8744,1_app_opened,app_opened,A(기존 UI),외곽 주거지(초월읍 등)
8745,1_app_opened,app_opened,B(개선 UI),도심권
8745,2_home_viewed,home_viewed,B(개선 UI),도심권
8745,3_cart_interacted,cart_interacted,B(개선 UI),도심권
8746,1_app_opened,app_opened,B(개선 UI),외곽 주거지(초월읍 등)
8746,2_home_viewed,home_viewed,B(개선 UI),외곽 주거지(초월읍 등)
8746,3_cart_interacted,cart_interacted,B(개선 UI),외곽 주거지(초월읍 등)
8746,4_purchase_completed,purchase_completed,B(개선 UI),외곽 주거지(초월읍 등)
8747,1_app_opened,app_opened,A(기존 UI),도심권
8747,2_home_viewed,home_viewed,A(기존 UI),도심권
8748,1_app_opened,app_opened,A(기존 UI),도심권
8749,1_app_opened,app_opened,A(기존 UI),도심권
8750,1_app_opened,app_opened,A(기존 UI),외곽 주거지(초월읍 등)
8751,1_app_opened,app_opened,B(개선 UI),도심권
8751,2_home_viewed,home_viewed,B(개선 UI),도심권
8751,3_cart_interacted,cart_interacted,B(개선 UI),도심권
8752,1_app_opened,app_opened,A(기존 UI),도심권
8752,2_home_viewed,home_viewed,A(기존 UI),도심권
8752,3_cart_interacted,cart_interacted,A(기존 UI),도심권
8752,4_purchase_completed,purchase_completed,A(기존 UI),도심권
8753,1_app_opened,app_opened,A(기존 UI),도심권
8753,2_home_viewed,home_viewed,A(기존 UI),도심권
8754,1_app_opened,app_opened,A(기존 UI),도심권
8754,2_home_viewed,home_viewed,A(기존 UI),도심권
8755,1_app_opened,app_opened,B(개선 UI),외곽 주거지(초월읍 등)
8756,1_app_opened,app_opened,B(개선 UI),도심권
8756,2_home_viewed,home_viewed,B(개선 UI),도심권
8756,3_cart_interacted,cart_interacted,B(개선 UI),도심권
8756,4_purchase_completed,purchase_completed,B(개선 UI),도심권
8757,1_app_opened,app_opened,A(기존 UI),도심권
8758,1_app_opened,app_opened,A(기존 UI),도심권
8759,1_app_opened,app_opened,A(기존 UI),도심권
8760,1_app_opened,app_opened,A(기존 UI),도심권
8761,1_app_opened,app_opened,A(기존 UI),도심권
8762,1_app_opened,app_opened,B(개선 UI),도심권
8762,2_home_viewed,home_viewed,B(개선 UI),도심권
8763,1_app_opened,app_opened,B(개선 UI),도심권
8764,1_app_opened,app_opened,B(개선 UI),도심권
8764,2_home_viewed,home_viewed,B(개선 UI),도심권
8765,1_app_opened,app_opened,A(기존 UI),외곽 주거지(초월읍 등)
8765,2_home_viewed,home_viewed,A(기존 UI),외곽 주거지(초월읍 등)
8766,1_app_opened,app_opened,B(개선 UI),외곽 주거지(초월읍 등)
8766,2_home_viewed,home_viewed,B(개선 UI),외곽 주거지(초월읍 등)
8767,1_app_opened,app_opened,B(개선 UI),도심권
8768,1_app_opened,app_opened,A(기존 UI),도심권
8769,1_app_opened,app_opened,A(기존 UI),외곽 주거지(초월읍 등)
8770,1_app_opened,app_opened,A(기존 UI),외곽 주거지(초월읍 등)
8770,2_home_viewed,home_viewed,A(기존 UI),외곽 주거지(초월읍 등)
8771,1_app_opened,app_opened,A(기존 UI),도심권
8772,1_app_opened,app_opened,A(기존 UI),외곽 주거지(초월읍 등)
8773,1_app_opened,app_opened,B(개선 UI),외곽 주거지(초월읍 등)
8774,1_app_opened,app_opened,A(기존 UI),도심권
8775,1_app_opened,app_opened,B(개선 UI),도심권
8775,2_home_viewed,home_viewed,B(개선 UI),도심권
8775,3_cart_interacted,cart_interacted,B(개선 UI),도심권
8776,1_app_opened,app_opened,A(기존 UI),외곽 주거지(초월읍 등)
8777,1_app_opened,app_opened,B(개선 UI),도심권
8777,2_home_viewed,home_viewed,B(개선 UI),도심권
8778,1_app_opened,app_opened,A(기존 UI),외곽 주거지(초월읍 등)
8778,2_home_viewed,home_viewed,A(기존 UI),외곽 주거지(초월읍 등)
8779,1_app_opened,app_opened,B(개선 UI),외곽 주거지(초월읍 등)
8780,1_app_opened,app_opened,A(기존 UI),외곽 주거지(초월읍 등)
8781,1_app_opened,app_opened,A(기존 UI),도심권
8782,1_app_opened,app_opened,B(개선 UI),도심권
8783,1_app_opened,app_opened,A(기존 UI),도심권
8784,1_app_opened,app_opened,B(개선 UI),외곽 주거지(초월읍 등)
8785,1_app_opened,app_opened,B(개선 UI),외곽 주거지(초월읍 등)
8785,2_home_viewed,home_viewed,B(개선 UI),외곽 주거지(초월읍 등)
8786,1_app_opened,app_opened,A(기존 UI),도심권
8787,1_app_opened,app_opened,A(기존 UI),도심권
8788,1_app_opened,app_opened,B(개선 UI),외곽 주거지(초월읍 등)
8788,2_home_viewed,home_viewed,B(개선 UI),외곽 주거지(초월읍 등)
8789,1_app_opened,app_opened,A(기존 UI),외곽 주거지(초월읍 등)
8789,2_home_viewed,home_viewed,A(기존 UI),외곽 주거지(초월읍 등)
8790,1_app_opened,app_opened,B(개선 UI),도심권
8791,1_app_opened,app_opened,B(개선 UI),도심권
8792,1_app_opened,app_opened,A(기존 UI),외곽 주거지(초월읍 등)
8793,1_app_opened,app_opened,A(기존 UI),외곽 주거지(초월읍 등)
8794,1_app_opened,app_opened,B(개선 UI),외곽 주거지(초월읍 등)
8794,2_home_viewed,home_viewed,B(개선 UI),외곽 주거지(초월읍 등)
8795,1_app_opened,app_opened,A(기존 UI),도심권
8796,1_app_opened,app_opened,A(기존 UI),도심권
8797,1_app_opened,app_opened,A(기존 UI),도심권
8798,1_app_opened,app_opened,B(개선 UI),외곽 주거지(초월읍 등)
8799,1_app_opened,app_opened,A(기존 UI),외곽 주거지(초월읍 등)
8799,2_home_viewed,home_viewed,A(기존 UI),외곽 주거지(초월읍 등)
8800,1_app_opened,app_opened,A(기존 UI),외곽 주거지(초월읍 등)
8801,1_app_opened,app_opened,B(개선 UI),도심권
8801,2_home_viewed,home_viewed,B(개선 UI),도심권
8802,1_app_opened,app_opened,A(기존 UI),외곽 주거지(초월읍 등)
8803,1_app_opened,app_opened,A(기존 UI),도심권
8803,2_home_viewed,home_viewed,A(기존 UI),도심권
8804,1_app_opened,app_opened,B(개선 UI),도심권
8804,2_home_viewed,home_viewed,B(개선 UI),도심권
8804,3_cart_interacted,cart_interacted,B(개선 UI),도심권
8804,4_purchase_completed,purchase_completed,B(개선 UI),도심권
8805,1_app_opened,app_opened,B(개선 UI),도심권
8806,1_app_opened,app_opened,B(개선 UI),외곽 주거지(초월읍 등)
8806,2_home_viewed,home_viewed,B(개선 UI),외곽 주거지(초월읍 등)
8807,1_app_opened,app_opened,A(기존 UI),외곽 주거지(초월읍 등)
8807,2_home_viewed,home_viewed,A(기존 UI),외곽 주거지(초월읍 등)
8808,1_app_opened,app_opened,B(개선 UI),도심권
8809,1_app_opened,app_opened,A(기존 UI),도심권
8810,1_app_opened,app_opened,A(기존 UI),외곽 주거지(초월읍 등)
8811,1_app_opened,app_opened,A(기존 UI),도심권
8811,2_home_viewed,home_viewed,A(기존 UI),도심권
8812,1_app_opened,app_opened,A(기존 UI),외곽 주거지(초월읍 등)
8813,1_app_opened,app_opened,B(개선 UI),도심권
8814,1_app_opened,app_opened,A(기존 UI),도심권
8815,1_app_opened,app_opened,B(개선 UI),도심권
8815,2_home_viewed,home_viewed,B(개선 UI),도심권
8816,1_app_opened,app_opened,B(개선 UI),도심권
8817,1_app_opened,app_opened,B(개선 UI),도심권
8818,1_app_opened,app_opened,A(기존 UI),도심권
8818,2_home_viewed,home_viewed,A(기존 UI),도심권
8818,3_cart_interacted,cart_interacted,A(기존 UI),도심권
8819,1_app_opened,app_opened,B(개선 UI),도심권
8820,1_app_opened,app_opened,A(기존 UI),도심권
8821,1_app_opened,app_opened,A(기존 UI),외곽 주거지(초월읍 등)
8822,1_app_opened,app_opened,B(개선 UI),도심권
8822,2_home_viewed,home_viewed,B(개선 UI),도심권
8823,1_app_opened,app_opened,A(기존 UI),도심권
8823,2_home_viewed,home_viewed,A(기존 UI),도심권
8824,1_app_opened,app_opened,A(기존 UI),외곽 주거지(초월읍 등)
8825,1_app_opened,app_opened,B(개선 UI),도심권
8826,1_app_opened,app_opened,A(기존 UI),도심권
8826,2_home_viewed,home_viewed,A(기존 UI),도심권
8827,1_app_opened,app_opened,B(개선 UI),외곽 주거지(초월읍 등)
8827,2_home_viewed,home_viewed,B(개선 UI),외곽 주거지(초월읍 등)
8828,1_app_opened,app_opened,A(기존 UI),외곽 주거지(초월읍 등)
8829,1_app_opened,app_opened,A(기존 UI),외곽 주거지(초월읍 등)
8829,2_home_viewed,home_viewed,A(기존 UI),외곽 주거지(초월읍 등)
8830,1_app_opened,app_opened,A(기존 UI),도심권
8831,1_app_opened,app_opened,A(기존 UI),외곽 주거지(초월읍 등)
8832,1_app_opened,app_opened,A(기존 UI),도심권
8833,1_app_opened,app_opened,B(개선 UI),도심권
8834,1_app_opened,app_opened,B(개선 UI),외곽 주거지(초월읍 등)
8835,1_app_opened,app_opened,B(개선 UI),도심권
8836,1_app_opened,app_opened,A(기존 UI),외곽 주거지(초월읍 등)
8836,2_home_viewed,home_viewed,A(기존 UI),외곽 주거지(초월읍 등)
8837,1_app_opened,app_opened,B(개선 UI),도심권
8837,2_home_viewed,home_viewed,B(개선 UI),도심권
8838,1_app_opened,app_opened,B(개선 UI),도심권
8838,2_home_viewed,home_viewed,B(개선 UI),도심권
8839,1_app_opened,app_opened,B(개선 UI),외곽 주거지(초월읍 등)
8839,2_home_viewed,home_viewed,B(개선 UI),외곽 주거지(초월읍 등)
8839,3_cart_interacted,cart_interacted,B(개선 UI),외곽 주거지(초월읍 등)
8839,4_purchase_completed,purchase_completed,B(개선 UI),외곽 주거지(초월읍 등)
8840,1_app_opened,app_opened,A(기존 UI),도심권
8841,1_app_opened,app_opened,B(개선 UI),외곽 주거지(초월읍 등)
8841,2_home_viewed,home_viewed,B(개선 UI),외곽 주거지(초월읍 등)
8842,1_app_opened,app_opened,B(개선 UI),외곽 주거지(초월읍 등)
8842,2_home_viewed,home_viewed,B(개선 UI),외곽 주거지(초월읍 등)
8842,3_cart_interacted,cart_interacted,B(개선 UI),외곽 주거지(초월읍 등)
8842,4_purchase_completed,purchase_completed,B(개선 UI),외곽 주거지(초월읍 등)
8843,1_app_opened,app_opened,A(기존 UI),외곽 주거지(초월읍 등)
8843,2_home_viewed,home_viewed,A(기존 UI),외곽 주거지(초월읍 등)
8844,1_app_opened,app_opened,B(개선 UI),도심권
8844,2_home_viewed,home_viewed,B(개선 UI),도심권
8844,3_cart_interacted,cart_interacted,B(개선 UI),도심권
8845,1_app_opened,app_opened,A(기존 UI),도심권
8845,2_home_viewed,home_viewed,A(기존 UI),도심권
8846,1_app_opened,app_opened,B(개선 UI),외곽 주거지(초월읍 등)
8846,2_home_viewed,home_viewed,B(개선 UI),외곽 주거지(초월읍 등)
8846,3_cart_interacted,cart_interacted,B(개선 UI),외곽 주거지(초월읍 등)
8847,1_app_opened,app_opened,B(개선 UI),외곽 주거지(초월읍 등)
8847,2_home_viewed,home_viewed,B(개선 UI),외곽 주거지(초월읍 등)
8848,1_app_opened,app_opened,B(개선 UI),도심권
8849,1_app_opened,app_opened,A(기존 UI),외곽 주거지(초월읍 등)
8850,1_app_opened,app_opened,A(기존 UI),도심권
8850,2_home_viewed,home_viewed,A(기존 UI),도심권
8851,1_app_opened,app_opened,B(개선 UI),외곽 주거지(초월읍 등)
8851,2_home_viewed,home_viewed,B(개선 UI),외곽 주거지(초월읍 등)
8851,3_cart_interacted,cart_interacted,B(개선 UI),외곽 주거지(초월읍 등)
8852,1_app_opened,app_opened,A(기존 UI),도심권
8853,1_app_opened,app_opened,A(기존 UI),도심권
8854,1_app_opened,app_opened,B(개선 UI),도심권
8855,1_app_opened,app_opened,A(기존 UI),도심권
8855,2_home_viewed,home_viewed,A(기존 UI),도심권
8855,3_cart_interacted,cart_interacted,A(기존 UI),도심권
8856,1_app_opened,app_opened,A(기존 UI),외곽 주거지(초월읍 등)
8857,1_app_opened,app_opened,A(기존 UI),도심권
8857,2_home_viewed,home_viewed,A(기존 UI),도심권
8858,1_app_opened,app_opened,A(기존 UI),외곽 주거지(초월읍 등)
8859,1_app_opened,app_opened,B(개선 UI),도심권
8859,2_home_viewed,home_viewed,B(개선 UI),도심권
8859,3_cart_interacted,cart_interacted,B(개선 UI),도심권
8860,1_app_opened,app_opened,B(개선 UI),도심권
8861,1_app_opened,app_opened,B(개선 UI),도심권
8861,2_home_viewed,home_viewed,B(개선 UI),도심권
8861,3_cart_interacted,cart_interacted,B(개선 UI),도심권
8861,4_purchase_completed,purchase_completed,B(개선 UI),도심권
8862,1_app_opened,app_opened,B(개선 UI),도심권
8862,2_home_viewed,home_viewed,B(개선 UI),도심권
8863,1_app_opened,app_opened,B(개선 UI),도심권
8864,1_app_opened,app_opened,B(개선 UI),도심권
8865,1_app_opened,app_opened,A(기존 UI),외곽 주거지(초월읍 등)
8865,2_home_viewed,home_viewed,A(기존 UI),외곽 주거지(초월읍 등)
8866,1_app_opened,app_opened,B(개선 UI),도심권
8867,1_app_opened,app_opened,A(기존 UI),도심권
8868,1_app_opened,app_opened,B(개선 UI),외곽 주거지(초월읍 등)
8869,1_app_opened,app_opened,B(개선 UI),도심권
8870,1_app_opened,app_opened,A(기존 UI),도심권
8871,1_app_opened,app_opened,B(개선 UI),도심권
8871,2_home_viewed,home_viewed,B(개선 UI),도심권
8872,1_app_opened,app_opened,A(기존 UI),도심권
8873,1_app_opened,app_opened,B(개선 UI),도심권
8874,1_app_opened,app_opened,A(기존 UI),도심권
8875,1_app_opened,app_opened,B(개선 UI),외곽 주거지(초월읍 등)
8876,1_app_opened,app_opened,A(기존 UI),외곽 주거지(초월읍 등)
8876,2_home_viewed,home_viewed,A(기존 UI),외곽 주거지(초월읍 등)
8877,1_app_opened,app_opened,A(기존 UI),도심권
8878,1_app_opened,app_opened,A(기존 UI),외곽 주거지(초월읍 등)
8879,1_app_opened,app_opened,A(기존 UI),도심권
8880,1_app_opened,app_opened,A(기존 UI),도심권
8880,2_home_viewed,home_viewed,A(기존 UI),도심권
8880,3_cart_interacted,cart_interacted,A(기존 UI),도심권
8880,4_purchase_completed,purchase_completed,A(기존 UI),도심권
8881,1_app_opened,app_opened,B(개선 UI),도심권
8882,1_app_opened,app_opened,A(기존 UI),도심권
8882,2_home_viewed,home_viewed,A(기존 UI),도심권
8883,1_app_opened,app_opened,A(기존 UI),도심권
8884,1_app_opened,app_opened,A(기존 UI),도심권
8885,1_app_opened,app_opened,B(개선 UI),외곽 주거지(초월읍 등)
8885,2_home_viewed,home_viewed,B(개선 UI),외곽 주거지(초월읍 등)
8886,1_app_opened,app_opened,B(개선 UI),외곽 주거지(초월읍 등)
8887,1_app_opened,app_opened,B(개선 UI),도심권
8887,2_home_viewed,home_viewed,B(개선 UI),도심권
8888,1_app_opened,app_opened,B(개선 UI),외곽 주거지(초월읍 등)
8888,2_home_viewed,home_viewed,B(개선 UI),외곽 주거지(초월읍 등)
8889,1_app_opened,app_opened,A(기존 UI),외곽 주거지(초월읍 등)
8890,1_app_opened,app_opened,A(기존 UI),도심권
8891,1_app_opened,app_opened,A(기존 UI),도심권
8892,1_app_opened,app_opened,B(개선 UI),도심권
8893,1_app_opened,app_opened,B(개선 UI),도심권
8894,1_app_opened,app_opened,A(기존 UI),도심권
8895,1_app_opened,app_opened,A(기존 UI),도심권
8896,1_app_opened,app_opened,A(기존 UI),도심권
8897,1_app_opened,app_opened,A(기존 UI),도심권
8898,1_app_opened,app_opened,B(개선 UI),도심권
8898,2_home_viewed,home_viewed,B(개선 UI),도심권
8899,1_app_opened,app_opened,A(기존 UI),도심권
8899,2_home_viewed,home_viewed,A(기존 UI),도심권
8900,1_app_opened,app_opened,B(개선 UI),도심권
8900,2_home_viewed,home_viewed,B(개선 UI),도심권
8901,1_app_opened,app_opened,A(기존 UI),도심권
8902,1_app_opened,app_opened,B(개선 UI),도심권
8902,2_home_viewed,home_viewed,B(개선 UI),도심권
8902,3_cart_interacted,cart_interacted,B(개선 UI),도심권
8902,4_purchase_completed,purchase_completed,B(개선 UI),도심권
8903,1_app_opened,app_opened,B(개선 UI),외곽 주거지(초월읍 등)
8903,2_home_viewed,home_viewed,B(개선 UI),외곽 주거지(초월읍 등)
8904,1_app_opened,app_opened,B(개선 UI),도심권
8904,2_home_viewed,home_viewed,B(개선 UI),도심권
8905,1_app_opened,app_opened,B(개선 UI),도심권
8906,1_app_opened,app_opened,B(개선 UI),도심권
8906,2_home_viewed,home_viewed,B(개선 UI),도심권
8906,3_cart_interacted,cart_interacted,B(개선 UI),도심권
8906,4_purchase_completed,purchase_completed,B(개선 UI),도심권
8907,1_app_opened,app_opened,B(개선 UI),외곽 주거지(초월읍 등)
8908,1_app_opened,app_opened,B(개선 UI),외곽 주거지(초월읍 등)
8908,2_home_viewed,home_viewed,B(개선 UI),외곽 주거지(초월읍 등)
8909,1_app_opened,app_opened,B(개선 UI),도심권
8909,2_home_viewed,home_viewed,B(개선 UI),도심권
8910,1_app_opened,app_opened,B(개선 UI),도심권
8911,1_app_opened,app_opened,B(개선 UI),도심권
8912,1_app_opened,app_opened,B(개선 UI),도심권
8913,1_app_opened,app_opened,B(개선 UI),외곽 주거지(초월읍 등)
8913,2_home_viewed,home_viewed,B(개선 UI),외곽 주거지(초월읍 등)
8914,1_app_opened,app_opened,A(기존 UI),도심권
8915,1_app_opened,app_opened,A(기존 UI),도심권
8916,1_app_opened,app_opened,A(기존 UI),도심권
8917,1_app_opened,app_opened,B(개선 UI),도심권
8917,2_home_viewed,home_viewed,B(개선 UI),도심권
8917,3_cart_interacted,cart_interacted,B(개선 UI),도심권
8918,1_app_opened,app_opened,B(개선 UI),외곽 주거지(초월읍 등)
8918,2_home_viewed,home_viewed,B(개선 UI),외곽 주거지(초월읍 등)
8918,3_cart_interacted,cart_interacted,B(개선 UI),외곽 주거지(초월읍 등)
8919,1_app_opened,app_opened,A(기존 UI),도심권
8920,1_app_opened,app_opened,B(개선 UI),외곽 주거지(초월읍 등)
8921,1_app_opened,app_opened,B(개선 UI),도심권
8921,2_home_viewed,home_viewed,B(개선 UI),도심권
8922,1_app_opened,app_opened,A(기존 UI),도심권
8923,1_app_opened,app_opened,B(개선 UI),도심권
8923,2_home_viewed,home_viewed,B(개선 UI),도심권
8924,1_app_opened,app_opened,B(개선 UI),도심권
8924,2_home_viewed,home_viewed,B(개선 UI),도심권
8924,3_cart_interacted,cart_interacted,B(개선 UI),도심권
8925,1_app_opened,app_opened,A(기존 UI),도심권
8926,1_app_opened,app_opened,B(개선 UI),도심권
8926,2_home_viewed,home_viewed,B(개선 UI),도심권
8927,1_app_opened,app_opened,B(개선 UI),외곽 주거지(초월읍 등)
8927,2_home_viewed,home_viewed,B(개선 UI),외곽 주거지(초월읍 등)
8928,1_app_opened,app_opened,A(기존 UI),도심권
8929,1_app_opened,app_opened,A(기존 UI),도심권
8930,1_app_opened,app_opened,B(개선 UI),도심권
8931,1_app_opened,app_opened,A(기존 UI),도심권
8932,1_app_opened,app_opened,A(기존 UI),외곽 주거지(초월읍 등)
8932,2_home_viewed,home_viewed,A(기존 UI),외곽 주거지(초월읍 등)
8933,1_app_opened,app_opened,A(기존 UI),도심권
8934,1_app_opened,app_opened,B(개선 UI),외곽 주거지(초월읍 등)
8935,1_app_opened,app_opened,B(개선 UI),도심권
8935,2_home_viewed,home_viewed,B(개선 UI),도심권
8936,1_app_opened,app_opened,B(개선 UI),외곽 주거지(초월읍 등)
8936,2_home_viewed,home_viewed,B(개선 UI),외곽 주거지(초월읍 등)
8936,3_cart_interacted,cart_interacted,B(개선 UI),외곽 주거지(초월읍 등)
8937,1_app_opened,app_opened,A(기존 UI),외곽 주거지(초월읍 등)
8937,2_home_viewed,home_viewed,A(기존 UI),외곽 주거지(초월읍 등)
8937,3_cart_interacted,cart_interacted,A(기존 UI),외곽 주거지(초월읍 등)
8938,1_app_opened,app_opened,B(개선 UI),외곽 주거지(초월읍 등)
8939,1_app_opened,app_opened,A(기존 UI),도심권
8940,1_app_opened,app_opened,A(기존 UI),도심권
8941,1_app_opened,app_opened,A(기존 UI),도심권
8942,1_app_opened,app_opened,A(기존 UI),도심권
8942,2_home_viewed,home_viewed,A(기존 UI),도심권
8943,1_app_opened,app_opened,B(개선 UI),도심권
8943,2_home_viewed,home_viewed,B(개선 UI),도심권
8944,1_app_opened,app_opened,B(개선 UI),외곽 주거지(초월읍 등)
8944,2_home_viewed,home_viewed,B(개선 UI),외곽 주거지(초월읍 등)
8945,1_app_opened,app_opened,A(기존 UI),도심권
8946,1_app_opened,app_opened,B(개선 UI),외곽 주거지(초월읍 등)
8946,2_home_viewed,home_viewed,B(개선 UI),외곽 주거지(초월읍 등)
8946,3_cart_interacted,cart_interacted,B(개선 UI),외곽 주거지(초월읍 등)
8947,1_app_opened,app_opened,B(개선 UI),도심권
8948,1_app_opened,app_opened,B(개선 UI),외곽 주거지(초월읍 등)
8949,1_app_opened,app_opened,A(기존 UI),도심권
8950,1_app_opened,app_opened,B(개선 UI),도심권
8951,1_app_opened,app_opened,A(기존 UI),외곽 주거지(초월읍 등)
8952,1_app_opened,app_opened,B(개선 UI),도심권
8952,2_home_viewed,home_viewed,B(개선 UI),도심권
8952,3_cart_interacted,cart_interacted,B(개선 UI),도심권
8953,1_app_opened,app_opened,A(기존 UI),외곽 주거지(초월읍 등)
8954,1_app_opened,app_opened,B(개선 UI),도심권
8954,2_home_viewed,home_viewed,B(개선 UI),도심권
8954,3_cart_interacted,cart_interacted,B(개선 UI),도심권
8955,1_app_opened,app_opened,A(기존 UI),도심권
8956,1_app_opened,app_opened,A(기존 UI),외곽 주거지(초월읍 등)
8957,1_app_opened,app_opened,B(개선 UI),도심권
8957,2_home_viewed,home_viewed,B(개선 UI),도심권
8958,1_app_opened,app_opened,B(개선 UI),외곽 주거지(초월읍 등)
8958,2_home_viewed,home_viewed,B(개선 UI),외곽 주거지(초월읍 등)
8959,1_app_opened,app_opened,B(개선 UI),도심권
8959,2_home_viewed,home_viewed,B(개선 UI),도심권
8959,3_cart_interacted,cart_interacted,B(개선 UI),도심권
8960,1_app_opened,app_opened,B(개선 UI),외곽 주거지(초월읍 등)
8961,1_app_opened,app_opened,A(기존 UI),도심권
8962,1_app_opened,app_opened,B(개선 UI),도심권
8963,1_app_opened,app_opened,A(기존 UI),도심권
8964,1_app_opened,app_opened,A(기존 UI),도심권
8964,2_home_viewed,home_viewed,A(기존 UI),도심권
8965,1_app_opened,app_opened,B(개선 UI),도심권
8966,1_app_opened,app_opened,B(개선 UI),도심권
8966,2_home_viewed,home_viewed,B(개선 UI),도심권
8967,1_app_opened,app_opened,B(개선 UI),도심권
8967,2_home_viewed,home_viewed,B(개선 UI),도심권
8968,1_app_opened,app_opened,B(개선 UI),도심권
8968,2_home_viewed,home_viewed,B(개선 UI),도심권
8969,1_app_opened,app_opened,B(개선 UI),도심권
8969,2_home_viewed,home_viewed,B(개선 UI),도심권
8969,3_cart_interacted,cart_interacted,B(개선 UI),도심권
8969,4_purchase_completed,purchase_completed,B(개선 UI),도심권
8970,1_app_opened,app_opened,A(기존 UI),도심권
8970,2_home_viewed,home_viewed,A(기존 UI),도심권
8971,1_app_opened,app_opened,A(기존 UI),도심권
8972,1_app_opened,app_opened,B(개선 UI),도심권
8972,2_home_viewed,home_viewed,B(개선 UI),도심권
8973,1_app_opened,app_opened,A(기존 UI),도심권
8974,1_app_opened,app_opened,A(기존 UI),외곽 주거지(초월읍 등)
8975,1_app_opened,app_opened,A(기존 UI),도심권
8975,2_home_viewed,home_viewed,A(기존 UI),도심권
8975,3_cart_interacted,cart_interacted,A(기존 UI),도심권
8976,1_app_opened,app_opened,B(개선 UI),외곽 주거지(초월읍 등)
8976,2_home_viewed,home_viewed,B(개선 UI),외곽 주거지(초월읍 등)
8977,1_app_opened,app_opened,A(기존 UI),도심권
8978,1_app_opened,app_opened,B(개선 UI),외곽 주거지(초월읍 등)
8979,1_app_opened,app_opened,B(개선 UI),도심권
8979,2_home_viewed,home_viewed,B(개선 UI),도심권
8980,1_app_opened,app_opened,A(기존 UI),도심권
8981,1_app_opened,app_opened,B(개선 UI),외곽 주거지(초월읍 등)
8982,1_app_opened,app_opened,B(개선 UI),외곽 주거지(초월읍 등)
8982,2_home_viewed,home_viewed,B(개선 UI),외곽 주거지(초월읍 등)
8983,1_app_opened,app_opened,B(개선 UI),도심권
8983,2_home_viewed,home_viewed,B(개선 UI),도심권
8983,3_cart_interacted,cart_interacted,B(개선 UI),도심권
8984,1_app_opened,app_opened,B(개선 UI),도심권
8985,1_app_opened,app_opened,A(기존 UI),도심권
8986,1_app_opened,app_opened,B(개선 UI),도심권
8987,1_app_opened,app_opened,A(기존 UI),외곽 주거지(초월읍 등)
8988,1_app_opened,app_opened,B(개선 UI),도심권
8989,1_app_opened,app_opened,B(개선 UI),도심권
8990,1_app_opened,app_opened,B(개선 UI),도심권
8991,1_app_opened,app_opened,A(기존 UI),도심권
8992,1_app_opened,app_opened,A(기존 UI),도심권
8993,1_app_opened,app_opened,A(기존 UI),외곽 주거지(초월읍 등)
8994,1_app_opened,app_opened,A(기존 UI),도심권
8995,1_app_opened,app_opened,A(기존 UI),외곽 주거지(초월읍 등)
8996,1_app_opened,app_opened,B(개선 UI),도심권
8996,2_home_viewed,home_viewed,B(개선 UI),도심권
8996,3_cart_interacted,cart_interacted,B(개선 UI),도심권
8996,4_purchase_completed,purchase_completed,B(개선 UI),도심권
8997,1_app_opened,app_opened,A(기존 UI),도심권
8998,1_app_opened,app_opened,B(개선 UI),도심권
8998,2_home_viewed,home_viewed,B(개선 UI),도심권
8998,3_cart_interacted,cart_interacted,B(개선 UI),도심권
8999,1_app_opened,app_opened,A(기존 UI),도심권
9000,1_app_opened,app_opened,B(개선 UI),외곽 주거지(초월읍 등)
9001,1_app_opened,app_opened,B(개선 UI),도심권
9001,2_home_viewed,home_viewed,B(개선 UI),도심권
9002,1_app_opened,app_opened,B(개선 UI),도심권
9002,2_home_viewed,home_viewed,B(개선 UI),도심권
9002,3_cart_interacted,cart_interacted,B(개선 UI),도심권
9002,4_purchase_completed,purchase_completed,B(개선 UI),도심권
9003,1_app_opened,app_opened,B(개선 UI),도심권
9003,2_home_viewed,home_viewed,B(개선 UI),도심권
9004,1_app_opened,app_opened,A(기존 UI),도심권
9005,1_app_opened,app_opened,B(개선 UI),외곽 주거지(초월읍 등)
9005,2_home_viewed,home_viewed,B(개선 UI),외곽 주거지(초월읍 등)
9005,3_cart_interacted,cart_interacted,B(개선 UI),외곽 주거지(초월읍 등)
9005,4_purchase_completed,purchase_completed,B(개선 UI),외곽 주거지(초월읍 등)
9006,1_app_opened,app_opened,A(기존 UI),도심권
9007,1_app_opened,app_opened,A(기존 UI),외곽 주거지(초월읍 등)
9008,1_app_opened,app_opened,B(개선 UI),도심권
9008,2_home_viewed,home_viewed,B(개선 UI),도심권
9008,3_cart_interacted,cart_interacted,B(개선 UI),도심권
9009,1_app_opened,app_opened,A(기존 UI),도심권
9010,1_app_opened,app_opened,B(개선 UI),도심권
9010,2_home_viewed,home_viewed,B(개선 UI),도심권
9011,1_app_opened,app_opened,A(기존 UI),외곽 주거지(초월읍 등)
9012,1_app_opened,app_opened,A(기존 UI),외곽 주거지(초월읍 등)
9013,1_app_opened,app_opened,A(기존 UI),도심권
9014,1_app_opened,app_opened,A(기존 UI),도심권
9015,1_app_opened,app_opened,A(기존 UI),도심권
9015,2_home_viewed,home_viewed,A(기존 UI),도심권
9016,1_app_opened,app_opened,A(기존 UI),도심권
9016,2_home_viewed,home_viewed,A(기존 UI),도심권
9017,1_app_opened,app_opened,A(기존 UI),도심권
9017,2_home_viewed,home_viewed,A(기존 UI),도심권
9017,3_cart_interacted,cart_interacted,A(기존 UI),도심권
9018,1_app_opened,app_opened,B(개선 UI),도심권
9018,2_home_viewed,home_viewed,B(개선 UI),도심권
9018,3_cart_interacted,cart_interacted,B(개선 UI),도심권
9019,1_app_opened,app_opened,A(기존 UI),도심권
9020,1_app_opened,app_opened,B(개선 UI),도심권
9021,1_app_opened,app_opened,A(기존 UI),도심권
9022,1_app_opened,app_opened,B(개선 UI),외곽 주거지(초월읍 등)
9022,2_home_viewed,home_viewed,B(개선 UI),외곽 주거지(초월읍 등)
9023,1_app_opened,app_opened,A(기존 UI),도심권
9024,1_app_opened,app_opened,A(기존 UI),외곽 주거지(초월읍 등)
9024,2_home_viewed,home_viewed,A(기존 UI),외곽 주거지(초월읍 등)
9024,3_cart_interacted,cart_interacted,A(기존 UI),외곽 주거지(초월읍 등)
9025,1_app_opened,app_opened,B(개선 UI),도심권
9026,1_app_opened,app_opened,A(기존 UI),도심권
9027,1_app_opened,app_opened,B(개선 UI),도심권
9028,1_app_opened,app_opened,A(기존 UI),도심권
9028,2_home_viewed,home_viewed,A(기존 UI),도심권
9029,1_app_opened,app_opened,B(개선 UI),도심권
9030,1_app_opened,app_opened,A(기존 UI),도심권
9031,1_app_opened,app_opened,A(기존 UI),외곽 주거지(초월읍 등)
9032,1_app_opened,app_opened,B(개선 UI),도심권
9033,1_app_opened,app_opened,A(기존 UI),외곽 주거지(초월읍 등)
9033,2_home_viewed,home_viewed,A(기존 UI),외곽 주거지(초월읍 등)
9034,1_app_opened,app_opened,B(개선 UI),도심권
9034,2_home_viewed,home_viewed,B(개선 UI),도심권
9034,3_cart_interacted,cart_interacted,B(개선 UI),도심권
9035,1_app_opened,app_opened,A(기존 UI),도심권
9035,2_home_viewed,home_viewed,A(기존 UI),도심권
9035,3_cart_interacted,cart_interacted,A(기존 UI),도심권
9036,1_app_opened,app_opened,B(개선 UI),도심권
9037,1_app_opened,app_opened,A(기존 UI),외곽 주거지(초월읍 등)
9038,1_app_opened,app_opened,B(개선 UI),도심권
9038,2_home_viewed,home_viewed,B(개선 UI),도심권
9039,1_app_opened,app_opened,B(개선 UI),외곽 주거지(초월읍 등)
9039,2_home_viewed,home_viewed,B(개선 UI),외곽 주거지(초월읍 등)
9039,3_cart_interacted,cart_interacted,B(개선 UI),외곽 주거지(초월읍 등)
9040,1_app_opened,app_opened,A(기존 UI),도심권
9041,1_app_opened,app_opened,A(기존 UI),외곽 주거지(초월읍 등)
9042,1_app_opened,app_opened,A(기존 UI),도심권
9042,2_home_viewed,home_viewed,A(기존 UI),도심권
9043,1_app_opened,app_opened,B(개선 UI),도심권
9043,2_home_viewed,home_viewed,B(개선 UI),도심권
9043,3_cart_interacted,cart_interacted,B(개선 UI),도심권
9043,4_purchase_completed,purchase_completed,B(개선 UI),도심권
9044,1_app_opened,app_opened,A(기존 UI),도심권
9044,2_home_viewed,home_viewed,A(기존 UI),도심권
9044,3_cart_interacted,cart_interacted,A(기존 UI),도심권
9045,1_app_opened,app_opened,A(기존 UI),도심권
9046,1_app_opened,app_opened,A(기존 UI),도심권
9047,1_app_opened,app_opened,A(기존 UI),도심권
9048,1_app_opened,app_opened,B(개선 UI),도심권
9048,2_home_viewed,home_viewed,B(개선 UI),도심권
9048,3_cart_interacted,cart_interacted,B(개선 UI),도심권
9048,4_purchase_completed,purchase_completed,B(개선 UI),도심권
9049,1_app_opened,app_opened,B(개선 UI),도심권
9049,2_home_viewed,home_viewed,B(개선 UI),도심권
9050,1_app_opened,app_opened,B(개선 UI),도심권
9051,1_app_opened,app_opened,B(개선 UI),도심권
9051,2_home_viewed,home_viewed,B(개선 UI),도심권
9051,3_cart_interacted,cart_interacted,B(개선 UI),도심권
9051,4_purchase_completed,purchase_completed,B(개선 UI),도심권
9052,1_app_opened,app_opened,B(개선 UI),도심권
9052,2_home_viewed,home_viewed,B(개선 UI),도심권
9053,1_app_opened,app_opened,A(기존 UI),외곽 주거지(초월읍 등)
9054,1_app_opened,app_opened,A(기존 UI),외곽 주거지(초월읍 등)
9055,1_app_opened,app_opened,B(개선 UI),도심권
9055,2_home_viewed,home_viewed,B(개선 UI),도심권
9056,1_app_opened,app_opened,B(개선 UI),외곽 주거지(초월읍 등)
9056,2_home_viewed,home_viewed,B(개선 UI),외곽 주거지(초월읍 등)
9057,1_app_opened,app_opened,B(개선 UI),도심권
9058,1_app_opened,app_opened,A(기존 UI),도심권
9059,1_app_opened,app_opened,A(기존 UI),도심권
9060,1_app_opened,app_opened,A(기존 UI),외곽 주거지(초월읍 등)
9061,1_app_opened,app_opened,B(개선 UI),도심권
9062,1_app_opened,app_opened,B(개선 UI),외곽 주거지(초월읍 등)
9063,1_app_opened,app_opened,B(개선 UI),외곽 주거지(초월읍 등)
9063,2_home_viewed,home_viewed,B(개선 UI),외곽 주거지(초월읍 등)
9064,1_app_opened,app_opened,A(기존 UI),도심권
9065,1_app_opened,app_opened,B(개선 UI),도심권
9065,2_home_viewed,home_viewed,B(개선 UI),도심권
9066,1_app_opened,app_opened,A(기존 UI),도심권
9067,1_app_opened,app_opened,A(기존 UI),도심권
9068,1_app_opened,app_opened,B(개선 UI),도심권
9068,2_home_viewed,home_viewed,B(개선 UI),도심권
9068,3_cart_interacted,cart_interacted,B(개선 UI),도심권
9069,1_app_opened,app_opened,A(기존 UI),도심권
9070,1_app_opened,app_opened,A(기존 UI),도심권
9071,1_app_opened,app_opened,B(개선 UI),도심권
9071,2_home_viewed,home_viewed,B(개선 UI),도심권
9071,3_cart_interacted,cart_interacted,B(개선 UI),도심권
9071,4_purchase_completed,purchase_completed,B(개선 UI),도심권
9072,1_app_opened,app_opened,B(개선 UI),도심권
9072,2_home_viewed,home_viewed,B(개선 UI),도심권
9073,1_app_opened,app_opened,A(기존 UI),도심권
9074,1_app_opened,app_opened,B(개선 UI),도심권
9074,2_home_viewed,home_viewed,B(개선 UI),도심권
9075,1_app_opened,app_opened,A(기존 UI),도심권
9076,1_app_opened,app_opened,B(개선 UI),도심권
9077,1_app_opened,app_opened,B(개선 UI),외곽 주거지(초월읍 등)
9078,1_app_opened,app_opened,B(개선 UI),도심권
9078,2_home_viewed,home_viewed,B(개선 UI),도심권
9078,3_cart_interacted,cart_interacted,B(개선 UI),도심권
9078,4_purchase_completed,purchase_completed,B(개선 UI),도심권
9079,1_app_opened,app_opened,B(개선 UI),도심권
9079,2_home_viewed,home_viewed,B(개선 UI),도심권
9080,1_app_opened,app_opened,A(기존 UI),외곽 주거지(초월읍 등)
9081,1_app_opened,app_opened,A(기존 UI),도심권
9082,1_app_opened,app_opened,A(기존 UI),외곽 주거지(초월읍 등)
9083,1_app_opened,app_opened,A(기존 UI),도심권
9084,1_app_opened,app_opened,B(개선 UI),외곽 주거지(초월읍 등)
9084,2_home_viewed,home_viewed,B(개선 UI),외곽 주거지(초월읍 등)
9085,1_app_opened,app_opened,A(기존 UI),외곽 주거지(초월읍 등)
9085,2_home_viewed,home_viewed,A(기존 UI),외곽 주거지(초월읍 등)
9086,1_app_opened,app_opened,A(기존 UI),도심권
9087,1_app_opened,app_opened,A(기존 UI),도심권
9088,1_app_opened,app_opened,B(개선 UI),외곽 주거지(초월읍 등)
9088,2_home_viewed,home_viewed,B(개선 UI),외곽 주거지(초월읍 등)
9088,3_cart_interacted,cart_interacted,B(개선 UI),외곽 주거지(초월읍 등)
9089,1_app_opened,app_opened,A(기존 UI),외곽 주거지(초월읍 등)
9090,1_app_opened,app_opened,B(개선 UI),외곽 주거지(초월읍 등)
9091,1_app_opened,app_opened,A(기존 UI),도심권
9092,1_app_opened,app_opened,A(기존 UI),외곽 주거지(초월읍 등)
9093,1_app_opened,app_opened,A(기존 UI),도심권
9094,1_app_opened,app_opened,B(개선 UI),도심권
9094,2_home_viewed,home_viewed,B(개선 UI),도심권
9095,1_app_opened,app_opened,B(개선 UI),도심권
9096,1_app_opened,app_opened,B(개선 UI),도심권
9097,1_app_opened,app_opened,A(기존 UI),도심권
9098,1_app_opened,app_opened,A(기존 UI),도심권
9099,1_app_opened,app_opened,B(개선 UI),도심권
9099,2_home_viewed,home_viewed,B(개선 UI),도심권
9100,1_app_opened,app_opened,A(기존 UI),도심권
9100,2_home_viewed,home_viewed,A(기존 UI),도심권
9101,1_app_opened,app_opened,B(개선 UI),외곽 주거지(초월읍 등)
9101,2_home_viewed,home_viewed,B(개선 UI),외곽 주거지(초월읍 등)
9102,1_app_opened,app_opened,B(개선 UI),도심권
9102,2_home_viewed,home_viewed,B(개선 UI),도심권
9102,3_cart_interacted,cart_interacted,B(개선 UI),도심권
9102,4_purchase_completed,purchase_completed,B(개선 UI),도심권
9103,1_app_opened,app_opened,A(기존 UI),도심권
9104,1_app_opened,app_opened,B(개선 UI),도심권
9104,2_home_viewed,home_viewed,B(개선 UI),도심권
9105,1_app_opened,app_opened,A(기존 UI),도심권
9106,1_app_opened,app_opened,A(기존 UI),도심권
9107,1_app_opened,app_opened,A(기존 UI),도심권
9108,1_app_opened,app_opened,B(개선 UI),도심권
9108,2_home_viewed,home_viewed,B(개선 UI),도심권
9108,3_cart_interacted,cart_interacted,B(개선 UI),도심권
9109,1_app_opened,app_opened,A(기존 UI),외곽 주거지(초월읍 등)
9109,2_home_viewed,home_viewed,A(기존 UI),외곽 주거지(초월읍 등)
9110,1_app_opened,app_opened,B(개선 UI),도심권
9110,2_home_viewed,home_viewed,B(개선 UI),도심권
9111,1_app_opened,app_opened,B(개선 UI),도심권
9111,2_home_viewed,home_viewed,B(개선 UI),도심권
9112,1_app_opened,app_opened,B(개선 UI),도심권
9113,1_app_opened,app_opened,B(개선 UI),도심권
9113,2_home_viewed,home_viewed,B(개선 UI),도심권
9113,3_cart_interacted,cart_interacted,B(개선 UI),도심권
9114,1_app_opened,app_opened,A(기존 UI),도심권
9115,1_app_opened,app_opened,A(기존 UI),도심권
9116,1_app_opened,app_opened,A(기존 UI),도심권
9117,1_app_opened,app_opened,B(개선 UI),도심권
9117,2_home_viewed,home_viewed,B(개선 UI),도심권
9118,1_app_opened,app_opened,B(개선 UI),도심권
9118,2_home_viewed,home_viewed,B(개선 UI),도심권
9118,3_cart_interacted,cart_interacted,B(개선 UI),도심권
9119,1_app_opened,app_opened,B(개선 UI),도심권
9119,2_home_viewed,home_viewed,B(개선 UI),도심권
9120,1_app_opened,app_opened,B(개선 UI),외곽 주거지(초월읍 등)
9120,2_home_viewed,home_viewed,B(개선 UI),외곽 주거지(초월읍 등)
9120,3_cart_interacted,cart_interacted,B(개선 UI),외곽 주거지(초월읍 등)
9121,1_app_opened,app_opened,B(개선 UI),도심권
9122,1_app_opened,app_opened,A(기존 UI),도심권
9122,2_home_viewed,home_viewed,A(기존 UI),도심권
9123,1_app_opened,app_opened,B(개선 UI),도심권
9123,2_home_viewed,home_viewed,B(개선 UI),도심권
9124,1_app_opened,app_opened,B(개선 UI),외곽 주거지(초월읍 등)
9124,2_home_viewed,home_viewed,B(개선 UI),외곽 주거지(초월읍 등)
9125,1_app_opened,app_opened,A(기존 UI),외곽 주거지(초월읍 등)
9126,1_app_opened,app_opened,B(개선 UI),도심권
9127,1_app_opened,app_opened,A(기존 UI),외곽 주거지(초월읍 등)
9127,2_home_viewed,home_viewed,A(기존 UI),외곽 주거지(초월읍 등)
9127,3_cart_interacted,cart_interacted,A(기존 UI),외곽 주거지(초월읍 등)
9128,1_app_opened,app_opened,B(개선 UI),도심권
9128,2_home_viewed,home_viewed,B(개선 UI),도심권
9129,1_app_opened,app_opened,B(개선 UI),외곽 주거지(초월읍 등)
9129,2_home_viewed,home_viewed,B(개선 UI),외곽 주거지(초월읍 등)
9130,1_app_opened,app_opened,B(개선 UI),도심권
9131,1_app_opened,app_opened,A(기존 UI),도심권
9132,1_app_opened,app_opened,B(개선 UI),도심권
9132,2_home_viewed,home_viewed,B(개선 UI),도심권
9132,3_cart_interacted,cart_interacted,B(개선 UI),도심권
9133,1_app_opened,app_opened,B(개선 UI),도심권
9134,1_app_opened,app_opened,A(기존 UI),도심권
9135,1_app_opened,app_opened,B(개선 UI),도심권
9136,1_app_opened,app_opened,B(개선 UI),도심권
9137,1_app_opened,app_opened,B(개선 UI),도심권
9138,1_app_opened,app_opened,A(기존 UI),도심권
9139,1_app_opened,app_opened,A(기존 UI),외곽 주거지(초월읍 등)
9140,1_app_opened,app_opened,B(개선 UI),외곽 주거지(초월읍 등)
9141,1_app_opened,app_opened,A(기존 UI),외곽 주거지(초월읍 등)
9142,1_app_opened,app_opened,A(기존 UI),외곽 주거지(초월읍 등)
9143,1_app_opened,app_opened,B(개선 UI),도심권
9144,1_app_opened,app_opened,B(개선 UI),도심권
9144,2_home_viewed,home_viewed,B(개선 UI),도심권
9145,1_app_opened,app_opened,B(개선 UI),도심권
9146,1_app_opened,app_opened,A(기존 UI),도심권
9147,1_app_opened,app_opened,A(기존 UI),도심권
9148,1_app_opened,app_opened,A(기존 UI),외곽 주거지(초월읍 등)
9149,1_app_opened,app_opened,A(기존 UI),도심권
9150,1_app_opened,app_opened,B(개선 UI),외곽 주거지(초월읍 등)
9150,2_home_viewed,home_viewed,B(개선 UI),외곽 주거지(초월읍 등)
9151,1_app_opened,app_opened,B(개선 UI),도심권
9151,2_home_viewed,home_viewed,B(개선 UI),도심권
9151,3_cart_interacted,cart_interacted,B(개선 UI),도심권
9152,1_app_opened,app_opened,A(기존 UI),외곽 주거지(초월읍 등)
9153,1_app_opened,app_opened,A(기존 UI),도심권
9154,1_app_opened,app_opened,A(기존 UI),도심권
9155,1_app_opened,app_opened,A(기존 UI),외곽 주거지(초월읍 등)
9155,2_home_viewed,home_viewed,A(기존 UI),외곽 주거지(초월읍 등)
9156,1_app_opened,app_opened,A(기존 UI),도심권
9157,1_app_opened,app_opened,B(개선 UI),도심권
9157,2_home_viewed,home_viewed,B(개선 UI),도심권
9158,1_app_opened,app_opened,B(개선 UI),도심권
9158,2_home_viewed,home_viewed,B(개선 UI),도심권
9159,1_app_opened,app_opened,B(개선 UI),도심권
9159,2_home_viewed,home_viewed,B(개선 UI),도심권
9160,1_app_opened,app_opened,A(기존 UI),도심권
9161,1_app_opened,app_opened,B(개선 UI),도심권
9161,2_home_viewed,home_viewed,B(개선 UI),도심권
9161,3_cart_interacted,cart_interacted,B(개선 UI),도심권
9162,1_app_opened,app_opened,B(개선 UI),도심권
9162,2_home_viewed,home_viewed,B(개선 UI),도심권
9163,1_app_opened,app_opened,B(개선 UI),도심권
9163,2_home_viewed,home_viewed,B(개선 UI),도심권
9163,3_cart_interacted,cart_interacted,B(개선 UI),도심권
9163,4_purchase_completed,purchase_completed,B(개선 UI),도심권
9164,1_app_opened,app_opened,A(기존 UI),도심권
9164,2_home_viewed,home_viewed,A(기존 UI),도심권
9165,1_app_opened,app_opened,B(개선 UI),외곽 주거지(초월읍 등)
9166,1_app_opened,app_opened,B(개선 UI),외곽 주거지(초월읍 등)
9166,2_home_viewed,home_viewed,B(개선 UI),외곽 주거지(초월읍 등)
9167,1_app_opened,app_opened,B(개선 UI),도심권
9168,1_app_opened,app_opened,A(기존 UI),도심권
9169,1_app_opened,app_opened,A(기존 UI),도심권
9170,1_app_opened,app_opened,A(기존 UI),외곽 주거지(초월읍 등)
9170,2_home_viewed,home_viewed,A(기존 UI),외곽 주거지(초월읍 등)
9171,1_app_opened,app_opened,A(기존 UI),외곽 주거지(초월읍 등)
9171,2_home_viewed,home_viewed,A(기존 UI),외곽 주거지(초월읍 등)
9172,1_app_opened,app_opened,B(개선 UI),외곽 주거지(초월읍 등)
9172,2_home_viewed,home_viewed,B(개선 UI),외곽 주거지(초월읍 등)
9172,3_cart_interacted,cart_interacted,B(개선 UI),외곽 주거지(초월읍 등)
9173,1_app_opened,app_opened,A(기존 UI),도심권
9174,1_app_opened,app_opened,A(기존 UI),도심권
9175,1_app_opened,app_opened,A(기존 UI),도심권
9176,1_app_opened,app_opened,A(기존 UI),도심권
9177,1_app_opened,app_opened,A(기존 UI),도심권
9178,1_app_opened,app_opened,B(개선 UI),도심권
9178,2_home_viewed,home_viewed,B(개선 UI),도심권
9179,1_app_opened,app_opened,B(개선 UI),외곽 주거지(초월읍 등)
9179,2_home_viewed,home_viewed,B(개선 UI),외곽 주거지(초월읍 등)
9179,3_cart_interacted,cart_interacted,B(개선 UI),외곽 주거지(초월읍 등)
9180,1_app_opened,app_opened,A(기존 UI),도심권
9181,1_app_opened,app_opened,A(기존 UI),외곽 주거지(초월읍 등)
9181,2_home_viewed,home_viewed,A(기존 UI),외곽 주거지(초월읍 등)
9182,1_app_opened,app_opened,A(기존 UI),도심권
9183,1_app_opened,app_opened,A(기존 UI),외곽 주거지(초월읍 등)
9183,2_home_viewed,home_viewed,A(기존 UI),외곽 주거지(초월읍 등)
9184,1_app_opened,app_opened,B(개선 UI),외곽 주거지(초월읍 등)
9184,2_home_viewed,home_viewed,B(개선 UI),외곽 주거지(초월읍 등)
9184,3_cart_interacted,cart_interacted,B(개선 UI),외곽 주거지(초월읍 등)
9185,1_app_opened,app_opened,B(개선 UI),외곽 주거지(초월읍 등)
9186,1_app_opened,app_opened,B(개선 UI),외곽 주거지(초월읍 등)
9187,1_app_opened,app_opened,B(개선 UI),외곽 주거지(초월읍 등)
9188,1_app_opened,app_opened,A(기존 UI),도심권
9188,2_home_viewed,home_viewed,A(기존 UI),도심권
9189,1_app_opened,app_opened,B(개선 UI),도심권
9189,2_home_viewed,home_viewed,B(개선 UI),도심권
9190,1_app_opened,app_opened,B(개선 UI),도심권
9190,2_home_viewed,home_viewed,B(개선 UI),도심권
9191,1_app_opened,app_opened,B(개선 UI),외곽 주거지(초월읍 등)
9192,1_app_opened,app_opened,A(기존 UI),외곽 주거지(초월읍 등)
9193,1_app_opened,app_opened,B(개선 UI),도심권
9193,2_home_viewed,home_viewed,B(개선 UI),도심권
9193,3_cart_interacted,cart_interacted,B(개선 UI),도심권
9194,1_app_opened,app_opened,B(개선 UI),도심권
9194,2_home_viewed,home_viewed,B(개선 UI),도심권
9194,3_cart_interacted,cart_interacted,B(개선 UI),도심권
9195,1_app_opened,app_opened,B(개선 UI),도심권
9196,1_app_opened,app_opened,A(기존 UI),외곽 주거지(초월읍 등)
9197,1_app_opened,app_opened,B(개선 UI),도심권
9198,1_app_opened,app_opened,B(개선 UI),도심권
9198,2_home_viewed,home_viewed,B(개선 UI),도심권
9198,3_cart_interacted,cart_interacted,B(개선 UI),도심권
9198,4_purchase_completed,purchase_completed,B(개선 UI),도심권
9199,1_app_opened,app_opened,B(개선 UI),도심권
9200,1_app_opened,app_opened,B(개선 UI),도심권
9200,2_home_viewed,home_viewed,B(개선 UI),도심권
9201,1_app_opened,app_opened,B(개선 UI),도심권
9202,1_app_opened,app_opened,A(기존 UI),도심권
9203,1_app_opened,app_opened,B(개선 UI),외곽 주거지(초월읍 등)
9204,1_app_opened,app_opened,A(기존 UI),도심권
9205,1_app_opened,app_opened,B(개선 UI),도심권
9205,2_home_viewed,home_viewed,B(개선 UI),도심권
9206,1_app_opened,app_opened,A(기존 UI),외곽 주거지(초월읍 등)
9207,1_app_opened,app_opened,B(개선 UI),외곽 주거지(초월읍 등)
9208,1_app_opened,app_opened,B(개선 UI),외곽 주거지(초월읍 등)
9209,1_app_opened,app_opened,B(개선 UI),도심권
9209,2_home_viewed,home_viewed,B(개선 UI),도심권
9210,1_app_opened,app_opened,B(개선 UI),외곽 주거지(초월읍 등)
9211,1_app_opened,app_opened,B(개선 UI),도심권
9211,2_home_viewed,home_viewed,B(개선 UI),도심권
9212,1_app_opened,app_opened,B(개선 UI),외곽 주거지(초월읍 등)
9213,1_app_opened,app_opened,A(기존 UI),도심권
9214,1_app_opened,app_opened,A(기존 UI),도심권
9215,1_app_opened,app_opened,A(기존 UI),도심권
9216,1_app_opened,app_opened,A(기존 UI),도심권
9217,1_app_opened,app_opened,B(개선 UI),외곽 주거지(초월읍 등)
9217,2_home_viewed,home_viewed,B(개선 UI),외곽 주거지(초월읍 등)
9218,1_app_opened,app_opened,B(개선 UI),도심권
9218,2_home_viewed,home_viewed,B(개선 UI),도심권
9219,1_app_opened,app_opened,B(개선 UI),도심권
9219,2_home_viewed,home_viewed,B(개선 UI),도심권
9220,1_app_opened,app_opened,A(기존 UI),도심권
9221,1_app_opened,app_opened,A(기존 UI),도심권
9222,1_app_opened,app_opened,B(개선 UI),외곽 주거지(초월읍 등)
9222,2_home_viewed,home_viewed,B(개선 UI),외곽 주거지(초월읍 등)
9222,3_cart_interacted,cart_interacted,B(개선 UI),외곽 주거지(초월읍 등)
9222,4_purchase_completed,purchase_completed,B(개선 UI),외곽 주거지(초월읍 등)
9223,1_app_opened,app_opened,B(개선 UI),외곽 주거지(초월읍 등)
9223,2_home_viewed,home_viewed,B(개선 UI),외곽 주거지(초월읍 등)
9224,1_app_opened,app_opened,A(기존 UI),외곽 주거지(초월읍 등)
9224,2_home_viewed,home_viewed,A(기존 UI),외곽 주거지(초월읍 등)
9225,1_app_opened,app_opened,B(개선 UI),도심권
9225,2_home_viewed,home_viewed,B(개선 UI),도심권
9225,3_cart_interacted,cart_interacted,B(개선 UI),도심권
9225,4_purchase_completed,purchase_completed,B(개선 UI),도심권
9226,1_app_opened,app_opened,B(개선 UI),도심권
9227,1_app_opened,app_opened,A(기존 UI),도심권
9228,1_app_opened,app_opened,B(개선 UI),도심권
9228,2_home_viewed,home_viewed,B(개선 UI),도심권
9229,1_app_opened,app_opened,A(기존 UI),도심권
9230,1_app_opened,app_opened,B(개선 UI),외곽 주거지(초월읍 등)
9230,2_home_viewed,home_viewed,B(개선 UI),외곽 주거지(초월읍 등)
9231,1_app_opened,app_opened,A(기존 UI),도심권
9232,1_app_opened,app_opened,A(기존 UI),도심권
9233,1_app_opened,app_opened,B(개선 UI),도심권
9233,2_home_viewed,home_viewed,B(개선 UI),도심권
9234,1_app_opened,app_opened,A(기존 UI),도심권
9235,1_app_opened,app_opened,B(개선 UI),외곽 주거지(초월읍 등)
9235,2_home_viewed,home_viewed,B(개선 UI),외곽 주거지(초월읍 등)
9235,3_cart_interacted,cart_interacted,B(개선 UI),외곽 주거지(초월읍 등)
9235,4_purchase_completed,purchase_completed,B(개선 UI),외곽 주거지(초월읍 등)
9236,1_app_opened,app_opened,A(기존 UI),도심권
9236,2_home_viewed,home_viewed,A(기존 UI),도심권
9236,3_cart_interacted,cart_interacted,A(기존 UI),도심권
9236,4_purchase_completed,purchase_completed,A(기존 UI),도심권
9237,1_app_opened,app_opened,A(기존 UI),도심권
9238,1_app_opened,app_opened,A(기존 UI),도심권
9239,1_app_opened,app_opened,A(기존 UI),외곽 주거지(초월읍 등)
9239,2_home_viewed,home_viewed,A(기존 UI),외곽 주거지(초월읍 등)
9240,1_app_opened,app_opened,B(개선 UI),외곽 주거지(초월읍 등)
9241,1_app_opened,app_opened,A(기존 UI),도심권
9242,1_app_opened,app_opened,B(개선 UI),도심권
9243,1_app_opened,app_opened,B(개선 UI),도심권
9243,2_home_viewed,home_viewed,B(개선 UI),도심권
9243,3_cart_interacted,cart_interacted,B(개선 UI),도심권
9243,4_purchase_completed,purchase_completed,B(개선 UI),도심권
9244,1_app_opened,app_opened,B(개선 UI),도심권
9245,1_app_opened,app_opened,A(기존 UI),외곽 주거지(초월읍 등)
9246,1_app_opened,app_opened,B(개선 UI),외곽 주거지(초월읍 등)
9246,2_home_viewed,home_viewed,B(개선 UI),외곽 주거지(초월읍 등)
9247,1_app_opened,app_opened,A(기존 UI),외곽 주거지(초월읍 등)
9248,1_app_opened,app_opened,A(기존 UI),도심권
9249,1_app_opened,app_opened,A(기존 UI),외곽 주거지(초월읍 등)
9249,2_home_viewed,home_viewed,A(기존 UI),외곽 주거지(초월읍 등)
9250,1_app_opened,app_opened,A(기존 UI),도심권
9251,1_app_opened,app_opened,A(기존 UI),외곽 주거지(초월읍 등)
9252,1_app_opened,app_opened,B(개선 UI),도심권
9252,2_home_viewed,home_viewed,B(개선 UI),도심권
9253,1_app_opened,app_opened,A(기존 UI),도심권
9253,2_home_viewed,home_viewed,A(기존 UI),도심권
9254,1_app_opened,app_opened,A(기존 UI),도심권
9255,1_app_opened,app_opened,B(개선 UI),도심권
9256,1_app_opened,app_opened,A(기존 UI),도심권
9257,1_app_opened,app_opened,A(기존 UI),외곽 주거지(초월읍 등)
9258,1_app_opened,app_opened,A(기존 UI),도심권
9259,1_app_opened,app_opened,B(개선 UI),도심권
9259,2_home_viewed,home_viewed,B(개선 UI),도심권
9260,1_app_opened,app_opened,A(기존 UI),도심권
9261,1_app_opened,app_opened,A(기존 UI),도심권
9262,1_app_opened,app_opened,B(개선 UI),외곽 주거지(초월읍 등)
9263,1_app_opened,app_opened,B(개선 UI),도심권
9263,2_home_viewed,home_viewed,B(개선 UI),도심권
9263,3_cart_interacted,cart_interacted,B(개선 UI),도심권
9264,1_app_opened,app_opened,B(개선 UI),도심권
9265,1_app_opened,app_opened,B(개선 UI),외곽 주거지(초월읍 등)
9265,2_home_viewed,home_viewed,B(개선 UI),외곽 주거지(초월읍 등)
9265,3_cart_interacted,cart_interacted,B(개선 UI),외곽 주거지(초월읍 등)
9266,1_app_opened,app_opened,A(기존 UI),외곽 주거지(초월읍 등)
9267,1_app_opened,app_opened,A(기존 UI),도심권
9268,1_app_opened,app_opened,A(기존 UI),외곽 주거지(초월읍 등)
9269,1_app_opened,app_opened,A(기존 UI),도심권
9270,1_app_opened,app_opened,A(기존 UI),외곽 주거지(초월읍 등)
9271,1_app_opened,app_opened,A(기존 UI),도심권
9272,1_app_opened,app_opened,B(개선 UI),외곽 주거지(초월읍 등)
9273,1_app_opened,app_opened,B(개선 UI),도심권
9274,1_app_opened,app_opened,A(기존 UI),도심권
9275,1_app_opened,app_opened,B(개선 UI),도심권
9276,1_app_opened,app_opened,A(기존 UI),도심권
9277,1_app_opened,app_opened,A(기존 UI),외곽 주거지(초월읍 등)
9278,1_app_opened,app_opened,B(개선 UI),도심권
9279,1_app_opened,app_opened,A(기존 UI),도심권
9280,1_app_opened,app_opened,A(기존 UI),도심권
9281,1_app_opened,app_opened,A(기존 UI),도심권
9282,1_app_opened,app_opened,B(개선 UI),외곽 주거지(초월읍 등)
9282,2_home_viewed,home_viewed,B(개선 UI),외곽 주거지(초월읍 등)
9283,1_app_opened,app_opened,B(개선 UI),도심권
9283,2_home_viewed,home_viewed,B(개선 UI),도심권
9284,1_app_opened,app_opened,A(기존 UI),도심권
9285,1_app_opened,app_opened,B(개선 UI),외곽 주거지(초월읍 등)
9285,2_home_viewed,home_viewed,B(개선 UI),외곽 주거지(초월읍 등)
9286,1_app_opened,app_opened,B(개선 UI),외곽 주거지(초월읍 등)
9287,1_app_opened,app_opened,B(개선 UI),도심권
9288,1_app_opened,app_opened,B(개선 UI),도심권
9289,1_app_opened,app_opened,A(기존 UI),외곽 주거지(초월읍 등)
9290,1_app_opened,app_opened,A(기존 UI),외곽 주거지(초월읍 등)
9291,1_app_opened,app_opened,B(개선 UI),외곽 주거지(초월읍 등)
9291,2_home_viewed,home_viewed,B(개선 UI),외곽 주거지(초월읍 등)
9292,1_app_opened,app_opened,B(개선 UI),외곽 주거지(초월읍 등)
9292,2_home_viewed,home_viewed,B(개선 UI),외곽 주거지(초월읍 등)
9293,1_app_opened,app_opened,B(개선 UI),외곽 주거지(초월읍 등)
9293,2_home_viewed,home_viewed,B(개선 UI),외곽 주거지(초월읍 등)
9293,3_cart_interacted,cart_interacted,B(개선 UI),외곽 주거지(초월읍 등)
9294,1_app_opened,app_opened,B(개선 UI),외곽 주거지(초월읍 등)
9294,2_home_viewed,home_viewed,B(개선 UI),외곽 주거지(초월읍 등)
9294,3_cart_interacted,cart_interacted,B(개선 UI),외곽 주거지(초월읍 등)
9295,1_app_opened,app_opened,B(개선 UI),외곽 주거지(초월읍 등)
9295,2_home_viewed,home_viewed,B(개선 UI),외곽 주거지(초월읍 등)
9296,1_app_opened,app_opened,B(개선 UI),도심권
9296,2_home_viewed,home_viewed,B(개선 UI),도심권
9297,1_app_opened,app_opened,B(개선 UI),도심권
9297,2_home_viewed,home_viewed,B(개선 UI),도심권
9298,1_app_opened,app_opened,B(개선 UI),도심권
9299,1_app_opened,app_opened,B(개선 UI),도심권
9299,2_home_viewed,home_viewed,B(개선 UI),도심권
9300,1_app_opened,app_opened,A(기존 UI),외곽 주거지(초월읍 등)
9301,1_app_opened,app_opened,A(기존 UI),외곽 주거지(초월읍 등)
9302,1_app_opened,app_opened,A(기존 UI),외곽 주거지(초월읍 등)
9303,1_app_opened,app_opened,B(개선 UI),외곽 주거지(초월읍 등)
9304,1_app_opened,app_opened,B(개선 UI),도심권
9305,1_app_opened,app_opened,B(개선 UI),외곽 주거지(초월읍 등)
9306,1_app_opened,app_opened,A(기존 UI),도심권
9307,1_app_opened,app_opened,A(기존 UI),도심권
9308,1_app_opened,app_opened,B(개선 UI),도심권
9308,2_home_viewed,home_viewed,B(개선 UI),도심권
9309,1_app_opened,app_opened,A(기존 UI),외곽 주거지(초월읍 등)
9310,1_app_opened,app_opened,A(기존 UI),도심권
9311,1_app_opened,app_opened,A(기존 UI),외곽 주거지(초월읍 등)
9312,1_app_opened,app_opened,A(기존 UI),도심권
9312,2_home_viewed,home_viewed,A(기존 UI),도심권
9313,1_app_opened,app_opened,B(개선 UI),도심권
9314,1_app_opened,app_opened,A(기존 UI),도심권
9315,1_app_opened,app_opened,B(개선 UI),도심권
9315,2_home_viewed,home_viewed,B(개선 UI),도심권
9316,1_app_opened,app_opened,A(기존 UI),외곽 주거지(초월읍 등)
9317,1_app_opened,app_opened,B(개선 UI),도심권
9318,1_app_opened,app_opened,A(기존 UI),외곽 주거지(초월읍 등)
9318,2_home_viewed,home_viewed,A(기존 UI),외곽 주거지(초월읍 등)
9319,1_app_opened,app_opened,B(개선 UI),외곽 주거지(초월읍 등)
9320,1_app_opened,app_opened,B(개선 UI),외곽 주거지(초월읍 등)
9320,2_home_viewed,home_viewed,B(개선 UI),외곽 주거지(초월읍 등)
9320,3_cart_interacted,cart_interacted,B(개선 UI),외곽 주거지(초월읍 등)
9321,1_app_opened,app_opened,A(기존 UI),도심권
9322,1_app_opened,app_opened,B(개선 UI),외곽 주거지(초월읍 등)
9323,1_app_opened,app_opened,B(개선 UI),도심권
9324,1_app_opened,app_opened,A(기존 UI),도심권
9325,1_app_opened,app_opened,A(기존 UI),도심권
9326,1_app_opened,app_opened,B(개선 UI),외곽 주거지(초월읍 등)
9326,2_home_viewed,home_viewed,B(개선 UI),외곽 주거지(초월읍 등)
9326,3_cart_interacted,cart_interacted,B(개선 UI),외곽 주거지(초월읍 등)
9326,4_purchase_completed,purchase_completed,B(개선 UI),외곽 주거지(초월읍 등)
9327,1_app_opened,app_opened,B(개선 UI),도심권
9328,1_app_opened,app_opened,A(기존 UI),도심권
9329,1_app_opened,app_opened,A(기존 UI),도심권
9330,1_app_opened,app_opened,B(개선 UI),도심권
9330,2_home_viewed,home_viewed,B(개선 UI),도심권
9330,3_cart_interacted,cart_interacted,B(개선 UI),도심권
9331,1_app_opened,app_opened,B(개선 UI),도심권
9332,1_app_opened,app_opened,B(개선 UI),외곽 주거지(초월읍 등)
9333,1_app_opened,app_opened,A(기존 UI),도심권
9333,2_home_viewed,home_viewed,A(기존 UI),도심권
9334,1_app_opened,app_opened,B(개선 UI),외곽 주거지(초월읍 등)
9335,1_app_opened,app_opened,A(기존 UI),도심권
9336,1_app_opened,app_opened,A(기존 UI),외곽 주거지(초월읍 등)
9337,1_app_opened,app_opened,B(개선 UI),도심권
9338,1_app_opened,app_opened,B(개선 UI),도심권
9338,2_home_viewed,home_viewed,B(개선 UI),도심권
9339,1_app_opened,app_opened,A(기존 UI),도심권
9339,2_home_viewed,home_viewed,A(기존 UI),도심권
9340,1_app_opened,app_opened,A(기존 UI),도심권
9341,1_app_opened,app_opened,B(개선 UI),외곽 주거지(초월읍 등)
9341,2_home_viewed,home_viewed,B(개선 UI),외곽 주거지(초월읍 등)
9341,3_cart_interacted,cart_interacted,B(개선 UI),외곽 주거지(초월읍 등)
9342,1_app_opened,app_opened,B(개선 UI),도심권
9342,2_home_viewed,home_viewed,B(개선 UI),도심권
9342,3_cart_interacted,cart_interacted,B(개선 UI),도심권
9343,1_app_opened,app_opened,B(개선 UI),외곽 주거지(초월읍 등)
9343,2_home_viewed,home_viewed,B(개선 UI),외곽 주거지(초월읍 등)
9344,1_app_opened,app_opened,B(개선 UI),외곽 주거지(초월읍 등)
9344,2_home_viewed,home_viewed,B(개선 UI),외곽 주거지(초월읍 등)
9345,1_app_opened,app_opened,A(기존 UI),도심권
9346,1_app_opened,app_opened,B(개선 UI),도심권
9347,1_app_opened,app_opened,B(개선 UI),도심권
9348,1_app_opened,app_opened,B(개선 UI),도심권
9349,1_app_opened,app_opened,B(개선 UI),도심권
9350,1_app_opened,app_opened,B(개선 UI),외곽 주거지(초월읍 등)
9351,1_app_opened,app_opened,A(기존 UI),도심권
9351,2_home_viewed,home_viewed,A(기존 UI),도심권
9352,1_app_opened,app_opened,A(기존 UI),도심권
9353,1_app_opened,app_opened,B(개선 UI),도심권
9354,1_app_opened,app_opened,A(기존 UI),도심권
9354,2_home_viewed,home_viewed,A(기존 UI),도심권
9355,1_app_opened,app_opened,A(기존 UI),외곽 주거지(초월읍 등)
9356,1_app_opened,app_opened,B(개선 UI),외곽 주거지(초월읍 등)
9356,2_home_viewed,home_viewed,B(개선 UI),외곽 주거지(초월읍 등)
9357,1_app_opened,app_opened,B(개선 UI),외곽 주거지(초월읍 등)
9357,2_home_viewed,home_viewed,B(개선 UI),외곽 주거지(초월읍 등)
9358,1_app_opened,app_opened,A(기존 UI),외곽 주거지(초월읍 등)
9358,2_home_viewed,home_viewed,A(기존 UI),외곽 주거지(초월읍 등)
9359,1_app_opened,app_opened,B(개선 UI),도심권
9360,1_app_opened,app_opened,B(개선 UI),도심권
9360,2_home_viewed,home_viewed,B(개선 UI),도심권
9360,3_cart_interacted,cart_interacted,B(개선 UI),도심권
9361,1_app_opened,app_opened,B(개선 UI),도심권
9362,1_app_opened,app_opened,B(개선 UI),외곽 주거지(초월읍 등)
9363,1_app_opened,app_opened,A(기존 UI),외곽 주거지(초월읍 등)
9363,2_home_viewed,home_viewed,A(기존 UI),외곽 주거지(초월읍 등)
9364,1_app_opened,app_opened,A(기존 UI),도심권
9365,1_app_opened,app_opened,A(기존 UI),도심권
9366,1_app_opened,app_opened,B(개선 UI),도심권
9367,1_app_opened,app_opened,B(개선 UI),외곽 주거지(초월읍 등)
9367,2_home_viewed,home_viewed,B(개선 UI),외곽 주거지(초월읍 등)
9368,1_app_opened,app_opened,B(개선 UI),도심권
9368,2_home_viewed,home_viewed,B(개선 UI),도심권
9369,1_app_opened,app_opened,B(개선 UI),외곽 주거지(초월읍 등)
9369,2_home_viewed,home_viewed,B(개선 UI),외곽 주거지(초월읍 등)
9369,3_cart_interacted,cart_interacted,B(개선 UI),외곽 주거지(초월읍 등)
9370,1_app_opened,app_opened,B(개선 UI),도심권
9370,2_home_viewed,home_viewed,B(개선 UI),도심권
9370,3_cart_interacted,cart_interacted,B(개선 UI),도심권
9371,1_app_opened,app_opened,B(개선 UI),도심권
9372,1_app_opened,app_opened,A(기존 UI),외곽 주거지(초월읍 등)
9373,1_app_opened,app_opened,A(기존 UI),도심권
9374,1_app_opened,app_opened,B(개선 UI),외곽 주거지(초월읍 등)
9375,1_app_opened,app_opened,A(기존 UI),외곽 주거지(초월읍 등)
9376,1_app_opened,app_opened,A(기존 UI),도심권
9377,1_app_opened,app_opened,B(개선 UI),외곽 주거지(초월읍 등)
9377,2_home_viewed,home_viewed,B(개선 UI),외곽 주거지(초월읍 등)
9378,1_app_opened,app_opened,A(기존 UI),도심권
9379,1_app_opened,app_opened,B(개선 UI),도심권
9379,2_home_viewed,home_viewed,B(개선 UI),도심권
9379,3_cart_interacted,cart_interacted,B(개선 UI),도심권
9379,4_purchase_completed,purchase_completed,B(개선 UI),도심권
9380,1_app_opened,app_opened,A(기존 UI),외곽 주거지(초월읍 등)
9381,1_app_opened,app_opened,A(기존 UI),도심권
9382,1_app_opened,app_opened,A(기존 UI),도심권
9383,1_app_opened,app_opened,B(개선 UI),외곽 주거지(초월읍 등)
9383,2_home_viewed,home_viewed,B(개선 UI),외곽 주거지(초월읍 등)
9384,1_app_opened,app_opened,A(기존 UI),도심권
9384,2_home_viewed,home_viewed,A(기존 UI),도심권
9385,1_app_opened,app_opened,B(개선 UI),외곽 주거지(초월읍 등)
9385,2_home_viewed,home_viewed,B(개선 UI),외곽 주거지(초월읍 등)
9386,1_app_opened,app_opened,B(개선 UI),외곽 주거지(초월읍 등)
9387,1_app_opened,app_opened,B(개선 UI),도심권
9387,2_home_viewed,home_viewed,B(개선 UI),도심권
9388,1_app_opened,app_opened,A(기존 UI),도심권
9388,2_home_viewed,home_viewed,A(기존 UI),도심권
9389,1_app_opened,app_opened,A(기존 UI),도심권
9390,1_app_opened,app_opened,B(개선 UI),도심권
9390,2_home_viewed,home_viewed,B(개선 UI),도심권
9390,3_cart_interacted,cart_interacted,B(개선 UI),도심권
9390,4_purchase_completed,purchase_completed,B(개선 UI),도심권
9391,1_app_opened,app_opened,B(개선 UI),외곽 주거지(초월읍 등)
9391,2_home_viewed,home_viewed,B(개선 UI),외곽 주거지(초월읍 등)
9392,1_app_opened,app_opened,B(개선 UI),외곽 주거지(초월읍 등)
9392,2_home_viewed,home_viewed,B(개선 UI),외곽 주거지(초월읍 등)
9392,3_cart_interacted,cart_interacted,B(개선 UI),외곽 주거지(초월읍 등)
9393,1_app_opened,app_opened,A(기존 UI),도심권
9393,2_home_viewed,home_viewed,A(기존 UI),도심권
9394,1_app_opened,app_opened,B(개선 UI),도심권
9394,2_home_viewed,home_viewed,B(개선 UI),도심권
9394,3_cart_interacted,cart_interacted,B(개선 UI),도심권
9395,1_app_opened,app_opened,A(기존 UI),외곽 주거지(초월읍 등)
9396,1_app_opened,app_opened,A(기존 UI),도심권
9397,1_app_opened,app_opened,A(기존 UI),외곽 주거지(초월읍 등)
9398,1_app_opened,app_opened,A(기존 UI),외곽 주거지(초월읍 등)
9399,1_app_opened,app_opened,A(기존 UI),도심권
9400,1_app_opened,app_opened,A(기존 UI),도심권
9401,1_app_opened,app_opened,B(개선 UI),외곽 주거지(초월읍 등)
9401,2_home_viewed,home_viewed,B(개선 UI),외곽 주거지(초월읍 등)
9401,3_cart_interacted,cart_interacted,B(개선 UI),외곽 주거지(초월읍 등)
9401,4_purchase_completed,purchase_completed,B(개선 UI),외곽 주거지(초월읍 등)
9402,1_app_opened,app_opened,A(기존 UI),도심권
9403,1_app_opened,app_opened,B(개선 UI),도심권
9404,1_app_opened,app_opened,A(기존 UI),외곽 주거지(초월읍 등)
9404,2_home_viewed,home_viewed,A(기존 UI),외곽 주거지(초월읍 등)
9405,1_app_opened,app_opened,A(기존 UI),외곽 주거지(초월읍 등)
9406,1_app_opened,app_opened,A(기존 UI),도심권
9407,1_app_opened,app_opened,A(기존 UI),도심권
9408,1_app_opened,app_opened,B(개선 UI),도심권
9409,1_app_opened,app_opened,A(기존 UI),도심권
9410,1_app_opened,app_opened,B(개선 UI),도심권
9410,2_home_viewed,home_viewed,B(개선 UI),도심권
9411,1_app_opened,app_opened,A(기존 UI),도심권
9412,1_app_opened,app_opened,B(개선 UI),도심권
9412,2_home_viewed,home_viewed,B(개선 UI),도심권
9413,1_app_opened,app_opened,B(개선 UI),도심권
9414,1_app_opened,app_opened,A(기존 UI),도심권
9415,1_app_opened,app_opened,A(기존 UI),도심권
9416,1_app_opened,app_opened,A(기존 UI),도심권
9417,1_app_opened,app_opened,B(개선 UI),도심권
9418,1_app_opened,app_opened,A(기존 UI),외곽 주거지(초월읍 등)
9419,1_app_opened,app_opened,B(개선 UI),도심권
9419,2_home_viewed,home_viewed,B(개선 UI),도심권
9420,1_app_opened,app_opened,B(개선 UI),도심권
9420,2_home_viewed,home_viewed,B(개선 UI),도심권
9421,1_app_opened,app_opened,B(개선 UI),외곽 주거지(초월읍 등)
9421,2_home_viewed,home_viewed,B(개선 UI),외곽 주거지(초월읍 등)
9421,3_cart_interacted,cart_interacted,B(개선 UI),외곽 주거지(초월읍 등)
9421,4_purchase_completed,purchase_completed,B(개선 UI),외곽 주거지(초월읍 등)
9422,1_app_opened,app_opened,B(개선 UI),도심권
9423,1_app_opened,app_opened,B(개선 UI),외곽 주거지(초월읍 등)
9423,2_home_viewed,home_viewed,B(개선 UI),외곽 주거지(초월읍 등)
9423,3_cart_interacted,cart_interacted,B(개선 UI),외곽 주거지(초월읍 등)
9424,1_app_opened,app_opened,A(기존 UI),도심권
9425,1_app_opened,app_opened,B(개선 UI),도심권
9425,2_home_viewed,home_viewed,B(개선 UI),도심권
9426,1_app_opened,app_opened,B(개선 UI),도심권
9426,2_home_viewed,home_viewed,B(개선 UI),도심권
9427,1_app_opened,app_opened,A(기존 UI),도심권
9428,1_app_opened,app_opened,B(개선 UI),도심권
9429,1_app_opened,app_opened,A(기존 UI),도심권
9429,2_home_viewed,home_viewed,A(기존 UI),도심권
9430,1_app_opened,app_opened,B(개선 UI),도심권
9431,1_app_opened,app_opened,B(개선 UI),외곽 주거지(초월읍 등)
9431,2_home_viewed,home_viewed,B(개선 UI),외곽 주거지(초월읍 등)
9432,1_app_opened,app_opened,A(기존 UI),도심권
9433,1_app_opened,app_opened,B(개선 UI),도심권
9433,2_home_viewed,home_viewed,B(개선 UI),도심권
9433,3_cart_interacted,cart_interacted,B(개선 UI),도심권
9434,1_app_opened,app_opened,A(기존 UI),도심권
9434,2_home_viewed,home_viewed,A(기존 UI),도심권
9435,1_app_opened,app_opened,A(기존 UI),도심권
9436,1_app_opened,app_opened,A(기존 UI),외곽 주거지(초월읍 등)
9437,1_app_opened,app_opened,B(개선 UI),도심권
9438,1_app_opened,app_opened,A(기존 UI),도심권
9438,2_home_viewed,home_viewed,A(기존 UI),도심권
9439,1_app_opened,app_opened,A(기존 UI),외곽 주거지(초월읍 등)
9440,1_app_opened,app_opened,B(개선 UI),외곽 주거지(초월읍 등)
9441,1_app_opened,app_opened,A(기존 UI),도심권
9442,1_app_opened,app_opened,A(기존 UI),도심권
9442,2_home_viewed,home_viewed,A(기존 UI),도심권
9443,1_app_opened,app_opened,A(기존 UI),도심권
9443,2_home_viewed,home_viewed,A(기존 UI),도심권
9444,1_app_opened,app_opened,A(기존 UI),도심권
9445,1_app_opened,app_opened,A(기존 UI),도심권
9445,2_home_viewed,home_viewed,A(기존 UI),도심권
9446,1_app_opened,app_opened,A(기존 UI),도심권
9447,1_app_opened,app_opened,B(개선 UI),외곽 주거지(초월읍 등)
9447,2_home_viewed,home_viewed,B(개선 UI),외곽 주거지(초월읍 등)
9448,1_app_opened,app_opened,B(개선 UI),도심권
9449,1_app_opened,app_opened,A(기존 UI),도심권
9450,1_app_opened,app_opened,A(기존 UI),도심권
9451,1_app_opened,app_opened,A(기존 UI),도심권
9452,1_app_opened,app_opened,B(개선 UI),도심권
9452,2_home_viewed,home_viewed,B(개선 UI),도심권
9453,1_app_opened,app_opened,A(기존 UI),도심권
9454,1_app_opened,app_opened,A(기존 UI),도심권
9455,1_app_opened,app_opened,B(개선 UI),도심권
9456,1_app_opened,app_opened,A(기존 UI),도심권
9457,1_app_opened,app_opened,A(기존 UI),도심권
9457,2_home_viewed,home_viewed,A(기존 UI),도심권
9458,1_app_opened,app_opened,B(개선 UI),도심권
9458,2_home_viewed,home_viewed,B(개선 UI),도심권
9458,3_cart_interacted,cart_interacted,B(개선 UI),도심권
9459,1_app_opened,app_opened,B(개선 UI),도심권
9459,2_home_viewed,home_viewed,B(개선 UI),도심권
9460,1_app_opened,app_opened,A(기존 UI),도심권
9460,2_home_viewed,home_viewed,A(기존 UI),도심권
9460,3_cart_interacted,cart_interacted,A(기존 UI),도심권
9461,1_app_opened,app_opened,B(개선 UI),도심권
9462,1_app_opened,app_opened,A(기존 UI),외곽 주거지(초월읍 등)
9463,1_app_opened,app_opened,B(개선 UI),외곽 주거지(초월읍 등)
9464,1_app_opened,app_opened,A(기존 UI),도심권
9464,2_home_viewed,home_viewed,A(기존 UI),도심권
9465,1_app_opened,app_opened,B(개선 UI),외곽 주거지(초월읍 등)
9466,1_app_opened,app_opened,B(개선 UI),도심권
9466,2_home_viewed,home_viewed,B(개선 UI),도심권
9467,1_app_opened,app_opened,B(개선 UI),외곽 주거지(초월읍 등)
9468,1_app_opened,app_opened,B(개선 UI),도심권
9469,1_app_opened,app_opened,B(개선 UI),도심권
9469,2_home_viewed,home_viewed,B(개선 UI),도심권
9469,3_cart_interacted,cart_interacted,B(개선 UI),도심권
9469,4_purchase_completed,purchase_completed,B(개선 UI),도심권
9470,1_app_opened,app_opened,A(기존 UI),도심권
9470,2_home_viewed,home_viewed,A(기존 UI),도심권
9471,1_app_opened,app_opened,A(기존 UI),도심권
9472,1_app_opened,app_opened,B(개선 UI),외곽 주거지(초월읍 등)
9473,1_app_opened,app_opened,B(개선 UI),도심권
9473,2_home_viewed,home_viewed,B(개선 UI),도심권
9474,1_app_opened,app_opened,A(기존 UI),도심권
9475,1_app_opened,app_opened,B(개선 UI),도심권
9476,1_app_opened,app_opened,B(개선 UI),도심권
9476,2_home_viewed,home_viewed,B(개선 UI),도심권
9476,3_cart_interacted,cart_interacted,B(개선 UI),도심권
9477,1_app_opened,app_opened,B(개선 UI),도심권
9477,2_home_viewed,home_viewed,B(개선 UI),도심권
9477,3_cart_interacted,cart_interacted,B(개선 UI),도심권
9478,1_app_opened,app_opened,B(개선 UI),도심권
9479,1_app_opened,app_opened,A(기존 UI),도심권
9480,1_app_opened,app_opened,A(기존 UI),외곽 주거지(초월읍 등)
9481,1_app_opened,app_opened,A(기존 UI),도심권
9482,1_app_opened,app_opened,A(기존 UI),도심권
9483,1_app_opened,app_opened,B(개선 UI),도심권
9483,2_home_viewed,home_viewed,B(개선 UI),도심권
9484,1_app_opened,app_opened,B(개선 UI),외곽 주거지(초월읍 등)
9484,2_home_viewed,home_viewed,B(개선 UI),외곽 주거지(초월읍 등)
9485,1_app_opened,app_opened,B(개선 UI),도심권
9486,1_app_opened,app_opened,B(개선 UI),도심권
9487,1_app_opened,app_opened,A(기존 UI),외곽 주거지(초월읍 등)
9488,1_app_opened,app_opened,A(기존 UI),도심권
9489,1_app_opened,app_opened,A(기존 UI),도심권
9489,2_home_viewed,home_viewed,A(기존 UI),도심권
9490,1_app_opened,app_opened,A(기존 UI),도심권
9491,1_app_opened,app_opened,B(개선 UI),외곽 주거지(초월읍 등)
9491,2_home_viewed,home_viewed,B(개선 UI),외곽 주거지(초월읍 등)
9492,1_app_opened,app_opened,A(기존 UI),외곽 주거지(초월읍 등)
9493,1_app_opened,app_opened,A(기존 UI),외곽 주거지(초월읍 등)
9494,1_app_opened,app_opened,A(기존 UI),도심권
9494,2_home_viewed,home_viewed,A(기존 UI),도심권
9495,1_app_opened,app_opened,B(개선 UI),도심권
9495,2_home_viewed,home_viewed,B(개선 UI),도심권
9495,3_cart_interacted,cart_interacted,B(개선 UI),도심권
9495,4_purchase_completed,purchase_completed,B(개선 UI),도심권
9496,1_app_opened,app_opened,A(기존 UI),도심권
9497,1_app_opened,app_opened,A(기존 UI),외곽 주거지(초월읍 등)
9498,1_app_opened,app_opened,A(기존 UI),외곽 주거지(초월읍 등)
9499,1_app_opened,app_opened,B(개선 UI),도심권
9499,2_home_viewed,home_viewed,B(개선 UI),도심권
9500,1_app_opened,app_opened,A(기존 UI),도심권
9501,1_app_opened,app_opened,B(개선 UI),도심권
9501,2_home_viewed,home_viewed,B(개선 UI),도심권
9502,1_app_opened,app_opened,B(개선 UI),도심권
9503,1_app_opened,app_opened,B(개선 UI),도심권
9503,2_home_viewed,home_viewed,B(개선 UI),도심권
9504,1_app_opened,app_opened,B(개선 UI),도심권
9504,2_home_viewed,home_viewed,B(개선 UI),도심권
9505,1_app_opened,app_opened,A(기존 UI),도심권
9505,2_home_viewed,home_viewed,A(기존 UI),도심권
9506,1_app_opened,app_opened,A(기존 UI),도심권
9507,1_app_opened,app_opened,A(기존 UI),외곽 주거지(초월읍 등)
9508,1_app_opened,app_opened,B(개선 UI),외곽 주거지(초월읍 등)
9508,2_home_viewed,home_viewed,B(개선 UI),외곽 주거지(초월읍 등)
9509,1_app_opened,app_opened,A(기존 UI),외곽 주거지(초월읍 등)
9510,1_app_opened,app_opened,A(기존 UI),외곽 주거지(초월읍 등)
9511,1_app_opened,app_opened,B(개선 UI),도심권
9511,2_home_viewed,home_viewed,B(개선 UI),도심권
9511,3_cart_interacted,cart_interacted,B(개선 UI),도심권
9512,1_app_opened,app_opened,B(개선 UI),도심권
9512,2_home_viewed,home_viewed,B(개선 UI),도심권
9513,1_app_opened,app_opened,A(기존 UI),외곽 주거지(초월읍 등)
9514,1_app_opened,app_opened,B(개선 UI),도심권
9514,2_home_viewed,home_viewed,B(개선 UI),도심권
9515,1_app_opened,app_opened,B(개선 UI),도심권
9516,1_app_opened,app_opened,A(기존 UI),도심권
9517,1_app_opened,app_opened,A(기존 UI),외곽 주거지(초월읍 등)
9518,1_app_opened,app_opened,B(개선 UI),도심권
9519,1_app_opened,app_opened,B(개선 UI),도심권
9520,1_app_opened,app_opened,A(기존 UI),도심권
9521,1_app_opened,app_opened,A(기존 UI),외곽 주거지(초월읍 등)
9522,1_app_opened,app_opened,B(개선 UI),도심권
9522,2_home_viewed,home_viewed,B(개선 UI),도심권
9523,1_app_opened,app_opened,B(개선 UI),도심권
9523,2_home_viewed,home_viewed,B(개선 UI),도심권
9524,1_app_opened,app_opened,B(개선 UI),도심권
9524,2_home_viewed,home_viewed,B(개선 UI),도심권
9525,1_app_opened,app_opened,A(기존 UI),외곽 주거지(초월읍 등)
9525,2_home_viewed,home_viewed,A(기존 UI),외곽 주거지(초월읍 등)
9526,1_app_opened,app_opened,A(기존 UI),외곽 주거지(초월읍 등)
9526,2_home_viewed,home_viewed,A(기존 UI),외곽 주거지(초월읍 등)
9527,1_app_opened,app_opened,B(개선 UI),도심권
9528,1_app_opened,app_opened,A(기존 UI),도심권
9529,1_app_opened,app_opened,B(개선 UI),외곽 주거지(초월읍 등)
9530,1_app_opened,app_opened,B(개선 UI),도심권
9530,2_home_viewed,home_viewed,B(개선 UI),도심권
9531,1_app_opened,app_opened,A(기존 UI),외곽 주거지(초월읍 등)
9532,1_app_opened,app_opened,B(개선 UI),도심권
9533,1_app_opened,app_opened,A(기존 UI),도심권
9534,1_app_opened,app_opened,B(개선 UI),외곽 주거지(초월읍 등)
9534,2_home_viewed,home_viewed,B(개선 UI),외곽 주거지(초월읍 등)
9535,1_app_opened,app_opened,A(기존 UI),도심권
9536,1_app_opened,app_opened,A(기존 UI),도심권
9537,1_app_opened,app_opened,B(개선 UI),도심권
9537,2_home_viewed,home_viewed,B(개선 UI),도심권
9538,1_app_opened,app_opened,B(개선 UI),외곽 주거지(초월읍 등)
9538,2_home_viewed,home_viewed,B(개선 UI),외곽 주거지(초월읍 등)
9539,1_app_opened,app_opened,A(기존 UI),도심권
9540,1_app_opened,app_opened,B(개선 UI),도심권
9540,2_home_viewed,home_viewed,B(개선 UI),도심권
9541,1_app_opened,app_opened,A(기존 UI),외곽 주거지(초월읍 등)
9542,1_app_opened,app_opened,A(기존 UI),도심권
9543,1_app_opened,app_opened,A(기존 UI),도심권
9543,2_home_viewed,home_viewed,A(기존 UI),도심권
9544,1_app_opened,app_opened,A(기존 UI),도심권
9545,1_app_opened,app_opened,A(기존 UI),외곽 주거지(초월읍 등)
9546,1_app_opened,app_opened,A(기존 UI),도심권
9547,1_app_opened,app_opened,A(기존 UI),도심권
9548,1_app_opened,app_opened,A(기존 UI),도심권
9549,1_app_opened,app_opened,A(기존 UI),외곽 주거지(초월읍 등)
9549,2_home_viewed,home_viewed,A(기존 UI),외곽 주거지(초월읍 등)
9550,1_app_opened,app_opened,B(개선 UI),외곽 주거지(초월읍 등)
9551,1_app_opened,app_opened,A(기존 UI),도심권
9552,1_app_opened,app_opened,B(개선 UI),도심권
9552,2_home_viewed,home_viewed,B(개선 UI),도심권
9553,1_app_opened,app_opened,B(개선 UI),외곽 주거지(초월읍 등)
9553,2_home_viewed,home_viewed,B(개선 UI),외곽 주거지(초월읍 등)
9553,3_cart_interacted,cart_interacted,B(개선 UI),외곽 주거지(초월읍 등)
9553,4_purchase_completed,purchase_completed,B(개선 UI),외곽 주거지(초월읍 등)
9554,1_app_opened,app_opened,B(개선 UI),도심권
9555,1_app_opened,app_opened,B(개선 UI),외곽 주거지(초월읍 등)
9555,2_home_viewed,home_viewed,B(개선 UI),외곽 주거지(초월읍 등)
9556,1_app_opened,app_opened,B(개선 UI),도심권
9557,1_app_opened,app_opened,A(기존 UI),도심권
9558,1_app_opened,app_opened,B(개선 UI),도심권
9559,1_app_opened,app_opened,B(개선 UI),외곽 주거지(초월읍 등)
9559,2_home_viewed,home_viewed,B(개선 UI),외곽 주거지(초월읍 등)
9560,1_app_opened,app_opened,B(개선 UI),도심권
9561,1_app_opened,app_opened,B(개선 UI),도심권
9561,2_home_viewed,home_viewed,B(개선 UI),도심권
9561,3_cart_interacted,cart_interacted,B(개선 UI),도심권
9562,1_app_opened,app_opened,A(기존 UI),도심권
9563,1_app_opened,app_opened,B(개선 UI),도심권
9564,1_app_opened,app_opened,B(개선 UI),도심권
9564,2_home_viewed,home_viewed,B(개선 UI),도심권
9565,1_app_opened,app_opened,A(기존 UI),도심권
9566,1_app_opened,app_opened,A(기존 UI),외곽 주거지(초월읍 등)
9566,2_home_viewed,home_viewed,A(기존 UI),외곽 주거지(초월읍 등)
9567,1_app_opened,app_opened,B(개선 UI),도심권
9568,1_app_opened,app_opened,B(개선 UI),외곽 주거지(초월읍 등)
9569,1_app_opened,app_opened,A(기존 UI),도심권
9570,1_app_opened,app_opened,B(개선 UI),도심권
9571,1_app_opened,app_opened,A(기존 UI),도심권
9572,1_app_opened,app_opened,A(기존 UI),외곽 주거지(초월읍 등)
9573,1_app_opened,app_opened,A(기존 UI),외곽 주거지(초월읍 등)
9573,2_home_viewed,home_viewed,A(기존 UI),외곽 주거지(초월읍 등)
9574,1_app_opened,app_opened,A(기존 UI),도심권
9575,1_app_opened,app_opened,A(기존 UI),외곽 주거지(초월읍 등)
9576,1_app_opened,app_opened,A(기존 UI),도심권
9576,2_home_viewed,home_viewed,A(기존 UI),도심권
9577,1_app_opened,app_opened,B(개선 UI),도심권
9578,1_app_opened,app_opened,B(개선 UI),도심권
9579,1_app_opened,app_opened,A(기존 UI),도심권
9580,1_app_opened,app_opened,A(기존 UI),도심권
9580,2_home_viewed,home_viewed,A(기존 UI),도심권
9581,1_app_opened,app_opened,A(기존 UI),외곽 주거지(초월읍 등)
9582,1_app_opened,app_opened,B(개선 UI),도심권
9582,2_home_viewed,home_viewed,B(개선 UI),도심권
9583,1_app_opened,app_opened,A(기존 UI),외곽 주거지(초월읍 등)
9583,2_home_viewed,home_viewed,A(기존 UI),외곽 주거지(초월읍 등)
9584,1_app_opened,app_opened,A(기존 UI),도심권
9585,1_app_opened,app_opened,B(개선 UI),도심권
9585,2_home_viewed,home_viewed,B(개선 UI),도심권
9585,3_cart_interacted,cart_interacted,B(개선 UI),도심권
9586,1_app_opened,app_opened,B(개선 UI),외곽 주거지(초월읍 등)
9586,2_home_viewed,home_viewed,B(개선 UI),외곽 주거지(초월읍 등)
9586,3_cart_interacted,cart_interacted,B(개선 UI),외곽 주거지(초월읍 등)
9586,4_purchase_completed,purchase_completed,B(개선 UI),외곽 주거지(초월읍 등)
9587,1_app_opened,app_opened,A(기존 UI),외곽 주거지(초월읍 등)
9588,1_app_opened,app_opened,A(기존 UI),외곽 주거지(초월읍 등)
9589,1_app_opened,app_opened,A(기존 UI),도심권
9589,2_home_viewed,home_viewed,A(기존 UI),도심권
9590,1_app_opened,app_opened,B(개선 UI),외곽 주거지(초월읍 등)
9591,1_app_opened,app_opened,B(개선 UI),외곽 주거지(초월읍 등)
9591,2_home_viewed,home_viewed,B(개선 UI),외곽 주거지(초월읍 등)
9592,1_app_opened,app_opened,A(기존 UI),도심권
9593,1_app_opened,app_opened,B(개선 UI),도심권
9594,1_app_opened,app_opened,A(기존 UI),도심권
9595,1_app_opened,app_opened,A(기존 UI),도심권
9596,1_app_opened,app_opened,A(기존 UI),도심권
9597,1_app_opened,app_opened,A(기존 UI),외곽 주거지(초월읍 등)
9597,2_home_viewed,home_viewed,A(기존 UI),외곽 주거지(초월읍 등)
9598,1_app_opened,app_opened,A(기존 UI),도심권
9598,2_home_viewed,home_viewed,A(기존 UI),도심권
9598,3_cart_interacted,cart_interacted,A(기존 UI),도심권
9598,4_purchase_completed,purchase_completed,A(기존 UI),도심권
9599,1_app_opened,app_opened,A(기존 UI),외곽 주거지(초월읍 등)
9600,1_app_opened,app_opened,A(기존 UI),도심권
9601,1_app_opened,app_opened,A(기존 UI),도심권
9601,2_home_viewed,home_viewed,A(기존 UI),도심권
9601,3_cart_interacted,cart_interacted,A(기존 UI),도심권
9601,4_purchase_completed,purchase_completed,A(기존 UI),도심권
9602,1_app_opened,app_opened,B(개선 UI),도심권
9602,2_home_viewed,home_viewed,B(개선 UI),도심권
9603,1_app_opened,app_opened,A(기존 UI),도심권
9604,1_app_opened,app_opened,A(기존 UI),외곽 주거지(초월읍 등)
9604,2_home_viewed,home_viewed,A(기존 UI),외곽 주거지(초월읍 등)
9605,1_app_opened,app_opened,B(개선 UI),외곽 주거지(초월읍 등)
9606,1_app_opened,app_opened,B(개선 UI),도심권
9607,1_app_opened,app_opened,B(개선 UI),외곽 주거지(초월읍 등)
9607,2_home_viewed,home_viewed,B(개선 UI),외곽 주거지(초월읍 등)
9608,1_app_opened,app_opened,A(기존 UI),도심권
9609,1_app_opened,app_opened,A(기존 UI),도심권
9610,1_app_opened,app_opened,B(개선 UI),도심권
9610,2_home_viewed,home_viewed,B(개선 UI),도심권
9610,3_cart_interacted,cart_interacted,B(개선 UI),도심권
9611,1_app_opened,app_opened,B(개선 UI),도심권
9612,1_app_opened,app_opened,A(기존 UI),도심권
9613,1_app_opened,app_opened,B(개선 UI),도심권
9614,1_app_opened,app_opened,A(기존 UI),도심권
9615,1_app_opened,app_opened,B(개선 UI),외곽 주거지(초월읍 등)
9615,2_home_viewed,home_viewed,B(개선 UI),외곽 주거지(초월읍 등)
9615,3_cart_interacted,cart_interacted,B(개선 UI),외곽 주거지(초월읍 등)
9616,1_app_opened,app_opened,B(개선 UI),도심권
9616,2_home_viewed,home_viewed,B(개선 UI),도심권
9616,3_cart_interacted,cart_interacted,B(개선 UI),도심권
9617,1_app_opened,app_opened,B(개선 UI),도심권
9618,1_app_opened,app_opened,B(개선 UI),도심권
9619,1_app_opened,app_opened,B(개선 UI),외곽 주거지(초월읍 등)
9620,1_app_opened,app_opened,A(기존 UI),외곽 주거지(초월읍 등)
9620,2_home_viewed,home_viewed,A(기존 UI),외곽 주거지(초월읍 등)
9621,1_app_opened,app_opened,A(기존 UI),외곽 주거지(초월읍 등)
9622,1_app_opened,app_opened,A(기존 UI),도심권
9623,1_app_opened,app_opened,A(기존 UI),도심권
9623,2_home_viewed,home_viewed,A(기존 UI),도심권
9624,1_app_opened,app_opened,B(개선 UI),외곽 주거지(초월읍 등)
9625,1_app_opened,app_opened,A(기존 UI),도심권
9625,2_home_viewed,home_viewed,A(기존 UI),도심권
9625,3_cart_interacted,cart_interacted,A(기존 UI),도심권
9626,1_app_opened,app_opened,A(기존 UI),도심권
9627,1_app_opened,app_opened,B(개선 UI),도심권
9628,1_app_opened,app_opened,B(개선 UI),도심권
9628,2_home_viewed,home_viewed,B(개선 UI),도심권
9629,1_app_opened,app_opened,A(기존 UI),도심권
9630,1_app_opened,app_opened,A(기존 UI),도심권
9631,1_app_opened,app_opened,A(기존 UI),도심권
9632,1_app_opened,app_opened,B(개선 UI),도심권
9632,2_home_viewed,home_viewed,B(개선 UI),도심권
9632,3_cart_interacted,cart_interacted,B(개선 UI),도심권
9633,1_app_opened,app_opened,A(기존 UI),외곽 주거지(초월읍 등)
9634,1_app_opened,app_opened,B(개선 UI),도심권
9634,2_home_viewed,home_viewed,B(개선 UI),도심권
9634,3_cart_interacted,cart_interacted,B(개선 UI),도심권
9635,1_app_opened,app_opened,A(기존 UI),도심권
9636,1_app_opened,app_opened,A(기존 UI),도심권
9636,2_home_viewed,home_viewed,A(기존 UI),도심권
9637,1_app_opened,app_opened,B(개선 UI),도심권
9637,2_home_viewed,home_viewed,B(개선 UI),도심권
9638,1_app_opened,app_opened,A(기존 UI),도심권
9638,2_home_viewed,home_viewed,A(기존 UI),도심권
9639,1_app_opened,app_opened,A(기존 UI),도심권
9640,1_app_opened,app_opened,A(기존 UI),도심권
9641,1_app_opened,app_opened,A(기존 UI),도심권
9641,2_home_viewed,home_viewed,A(기존 UI),도심권
9642,1_app_opened,app_opened,B(개선 UI),외곽 주거지(초월읍 등)
9643,1_app_opened,app_opened,A(기존 UI),도심권
9643,2_home_viewed,home_viewed,A(기존 UI),도심권
9644,1_app_opened,app_opened,A(기존 UI),도심권
9645,1_app_opened,app_opened,A(기존 UI),도심권
9645,2_home_viewed,home_viewed,A(기존 UI),도심권
9645,3_cart_interacted,cart_interacted,A(기존 UI),도심권
9645,4_purchase_completed,purchase_completed,A(기존 UI),도심권
9646,1_app_opened,app_opened,B(개선 UI),외곽 주거지(초월읍 등)
9646,2_home_viewed,home_viewed,B(개선 UI),외곽 주거지(초월읍 등)
9647,1_app_opened,app_opened,B(개선 UI),도심권
9647,2_home_viewed,home_viewed,B(개선 UI),도심권
9648,1_app_opened,app_opened,B(개선 UI),외곽 주거지(초월읍 등)
9648,2_home_viewed,home_viewed,B(개선 UI),외곽 주거지(초월읍 등)
9649,1_app_opened,app_opened,B(개선 UI),도심권
9650,1_app_opened,app_opened,A(기존 UI),도심권
9651,1_app_opened,app_opened,A(기존 UI),도심권
9651,2_home_viewed,home_viewed,A(기존 UI),도심권
9651,3_cart_interacted,cart_interacted,A(기존 UI),도심권
9651,4_purchase_completed,purchase_completed,A(기존 UI),도심권
9652,1_app_opened,app_opened,A(기존 UI),도심권
9653,1_app_opened,app_opened,A(기존 UI),도심권
9653,2_home_viewed,home_viewed,A(기존 UI),도심권
9654,1_app_opened,app_opened,A(기존 UI),도심권
9654,2_home_viewed,home_viewed,A(기존 UI),도심권
9655,1_app_opened,app_opened,B(개선 UI),도심권
9656,1_app_opened,app_opened,B(개선 UI),도심권
9657,1_app_opened,app_opened,B(개선 UI),도심권
9657,2_home_viewed,home_viewed,B(개선 UI),도심권
9657,3_cart_interacted,cart_interacted,B(개선 UI),도심권
9657,4_purchase_completed,purchase_completed,B(개선 UI),도심권
9658,1_app_opened,app_opened,A(기존 UI),외곽 주거지(초월읍 등)
9659,1_app_opened,app_opened,B(개선 UI),외곽 주거지(초월읍 등)
9659,2_home_viewed,home_viewed,B(개선 UI),외곽 주거지(초월읍 등)
9660,1_app_opened,app_opened,B(개선 UI),도심권
9660,2_home_viewed,home_viewed,B(개선 UI),도심권
9660,3_cart_interacted,cart_interacted,B(개선 UI),도심권
9661,1_app_opened,app_opened,B(개선 UI),외곽 주거지(초월읍 등)
9662,1_app_opened,app_opened,A(기존 UI),도심권
9663,1_app_opened,app_opened,A(기존 UI),도심권
9664,1_app_opened,app_opened,A(기존 UI),도심권
9665,1_app_opened,app_opened,A(기존 UI),도심권
9666,1_app_opened,app_opened,B(개선 UI),도심권
9667,1_app_opened,app_opened,A(기존 UI),도심권
9668,1_app_opened,app_opened,A(기존 UI),도심권
9669,1_app_opened,app_opened,B(개선 UI),도심권
9669,2_home_viewed,home_viewed,B(개선 UI),도심권
9669,3_cart_interacted,cart_interacted,B(개선 UI),도심권
9669,4_purchase_completed,purchase_completed,B(개선 UI),도심권
9670,1_app_opened,app_opened,B(개선 UI),외곽 주거지(초월읍 등)
9670,2_home_viewed,home_viewed,B(개선 UI),외곽 주거지(초월읍 등)
9670,3_cart_interacted,cart_interacted,B(개선 UI),외곽 주거지(초월읍 등)
9671,1_app_opened,app_opened,A(기존 UI),외곽 주거지(초월읍 등)
9672,1_app_opened,app_opened,B(개선 UI),도심권
9672,2_home_viewed,home_viewed,B(개선 UI),도심권
9673,1_app_opened,app_opened,A(기존 UI),도심권
9674,1_app_opened,app_opened,A(기존 UI),도심권
9674,2_home_viewed,home_viewed,A(기존 UI),도심권
9675,1_app_opened,app_opened,A(기존 UI),도심권
9676,1_app_opened,app_opened,B(개선 UI),도심권
9677,1_app_opened,app_opened,B(개선 UI),도심권
9677,2_home_viewed,home_viewed,B(개선 UI),도심권
9677,3_cart_interacted,cart_interacted,B(개선 UI),도심권
9677,4_purchase_completed,purchase_completed,B(개선 UI),도심권
9678,1_app_opened,app_opened,A(기존 UI),도심권
9679,1_app_opened,app_opened,B(개선 UI),도심권
9679,2_home_viewed,home_viewed,B(개선 UI),도심권
9680,1_app_opened,app_opened,A(기존 UI),외곽 주거지(초월읍 등)
9680,2_home_viewed,home_viewed,A(기존 UI),외곽 주거지(초월읍 등)
9681,1_app_opened,app_opened,B(개선 UI),외곽 주거지(초월읍 등)
9681,2_home_viewed,home_viewed,B(개선 UI),외곽 주거지(초월읍 등)
9682,1_app_opened,app_opened,A(기존 UI),도심권
9683,1_app_opened,app_opened,A(기존 UI),도심권
9684,1_app_opened,app_opened,B(개선 UI),외곽 주거지(초월읍 등)
9684,2_home_viewed,home_viewed,B(개선 UI),외곽 주거지(초월읍 등)
9685,1_app_opened,app_opened,B(개선 UI),도심권
9685,2_home_viewed,home_viewed,B(개선 UI),도심권
9686,1_app_opened,app_opened,A(기존 UI),도심권
9687,1_app_opened,app_opened,A(기존 UI),도심권
9687,2_home_viewed,home_viewed,A(기존 UI),도심권
9688,1_app_opened,app_opened,A(기존 UI),도심권
9689,1_app_opened,app_opened,A(기존 UI),외곽 주거지(초월읍 등)
9690,1_app_opened,app_opened,B(개선 UI),도심권
9691,1_app_opened,app_opened,B(개선 UI),도심권
9691,2_home_viewed,home_viewed,B(개선 UI),도심권
9692,1_app_opened,app_opened,A(기존 UI),도심권
9693,1_app_opened,app_opened,A(기존 UI),도심권
9694,1_app_opened,app_opened,B(개선 UI),도심권
9694,2_home_viewed,home_viewed,B(개선 UI),도심권
9695,1_app_opened,app_opened,A(기존 UI),외곽 주거지(초월읍 등)
9696,1_app_opened,app_opened,B(개선 UI),도심권
9696,2_home_viewed,home_viewed,B(개선 UI),도심권
9696,3_cart_interacted,cart_interacted,B(개선 UI),도심권
9696,4_purchase_completed,purchase_completed,B(개선 UI),도심권
9697,1_app_opened,app_opened,A(기존 UI),도심권
9698,1_app_opened,app_opened,B(개선 UI),도심권
9698,2_home_viewed,home_viewed,B(개선 UI),도심권
9699,1_app_opened,app_opened,B(개선 UI),도심권
9700,1_app_opened,app_opened,B(개선 UI),도심권
9700,2_home_viewed,home_viewed,B(개선 UI),도심권
9701,1_app_opened,app_opened,B(개선 UI),도심권
9702,1_app_opened,app_opened,A(기존 UI),도심권
9703,1_app_opened,app_opened,B(개선 UI),도심권
9704,1_app_opened,app_opened,B(개선 UI),도심권
9704,2_home_viewed,home_viewed,B(개선 UI),도심권
9704,3_cart_interacted,cart_interacted,B(개선 UI),도심권
9704,4_purchase_completed,purchase_completed,B(개선 UI),도심권
9705,1_app_opened,app_opened,A(기존 UI),외곽 주거지(초월읍 등)
9705,2_home_viewed,home_viewed,A(기존 UI),외곽 주거지(초월읍 등)
9706,1_app_opened,app_opened,A(기존 UI),도심권
9707,1_app_opened,app_opened,A(기존 UI),도심권
9708,1_app_opened,app_opened,A(기존 UI),도심권
9708,2_home_viewed,home_viewed,A(기존 UI),도심권
9709,1_app_opened,app_opened,A(기존 UI),도심권
9710,1_app_opened,app_opened,B(개선 UI),도심권
9710,2_home_viewed,home_viewed,B(개선 UI),도심권
9711,1_app_opened,app_opened,A(기존 UI),도심권
9712,1_app_opened,app_opened,B(개선 UI),도심권
9713,1_app_opened,app_opened,A(기존 UI),도심권
9713,2_home_viewed,home_viewed,A(기존 UI),도심권
9714,1_app_opened,app_opened,A(기존 UI),도심권
9715,1_app_opened,app_opened,A(기존 UI),도심권
9716,1_app_opened,app_opened,A(기존 UI),도심권
9717,1_app_opened,app_opened,A(기존 UI),도심권
9718,1_app_opened,app_opened,A(기존 UI),외곽 주거지(초월읍 등)
9719,1_app_opened,app_opened,A(기존 UI),외곽 주거지(초월읍 등)
9720,1_app_opened,app_opened,B(개선 UI),도심권
9720,2_home_viewed,home_viewed,B(개선 UI),도심권
9720,3_cart_interacted,cart_interacted,B(개선 UI),도심권
9720,4_purchase_completed,purchase_completed,B(개선 UI),도심권
9721,1_app_opened,app_opened,B(개선 UI),도심권
9721,2_home_viewed,home_viewed,B(개선 UI),도심권
9722,1_app_opened,app_opened,A(기존 UI),도심권
9723,1_app_opened,app_opened,B(개선 UI),도심권
9723,2_home_viewed,home_viewed,B(개선 UI),도심권
9723,3_cart_interacted,cart_interacted,B(개선 UI),도심권
9724,1_app_opened,app_opened,B(개선 UI),도심권
9725,1_app_opened,app_opened,A(기존 UI),도심권
9726,1_app_opened,app_opened,B(개선 UI),외곽 주거지(초월읍 등)
9726,2_home_viewed,home_viewed,B(개선 UI),외곽 주거지(초월읍 등)
9726,3_cart_interacted,cart_interacted,B(개선 UI),외곽 주거지(초월읍 등)
9726,4_purchase_completed,purchase_completed,B(개선 UI),외곽 주거지(초월읍 등)
9727,1_app_opened,app_opened,B(개선 UI),도심권
9727,2_home_viewed,home_viewed,B(개선 UI),도심권
9728,1_app_opened,app_opened,A(기존 UI),도심권
9729,1_app_opened,app_opened,A(기존 UI),외곽 주거지(초월읍 등)
9730,1_app_opened,app_opened,A(기존 UI),도심권
9731,1_app_opened,app_opened,A(기존 UI),도심권
9732,1_app_opened,app_opened,B(개선 UI),도심권
9732,2_home_viewed,home_viewed,B(개선 UI),도심권
9733,1_app_opened,app_opened,A(기존 UI),도심권
9733,2_home_viewed,home_viewed,A(기존 UI),도심권
9734,1_app_opened,app_opened,B(개선 UI),도심권
9735,1_app_opened,app_opened,B(개선 UI),도심권
9735,2_home_viewed,home_viewed,B(개선 UI),도심권
9736,1_app_opened,app_opened,B(개선 UI),도심권
9736,2_home_viewed,home_viewed,B(개선 UI),도심권
9736,3_cart_interacted,cart_interacted,B(개선 UI),도심권
9737,1_app_opened,app_opened,B(개선 UI),도심권
9738,1_app_opened,app_opened,A(기존 UI),도심권
9739,1_app_opened,app_opened,A(기존 UI),외곽 주거지(초월읍 등)
9739,2_home_viewed,home_viewed,A(기존 UI),외곽 주거지(초월읍 등)
9740,1_app_opened,app_opened,B(개선 UI),도심권
9740,2_home_viewed,home_viewed,B(개선 UI),도심권
9741,1_app_opened,app_opened,A(기존 UI),도심권
9742,1_app_opened,app_opened,A(기존 UI),도심권
9743,1_app_opened,app_opened,B(개선 UI),도심권
9743,2_home_viewed,home_viewed,B(개선 UI),도심권
9744,1_app_opened,app_opened,B(개선 UI),도심권
9745,1_app_opened,app_opened,A(기존 UI),외곽 주거지(초월읍 등)
9745,2_home_viewed,home_viewed,A(기존 UI),외곽 주거지(초월읍 등)
9746,1_app_opened,app_opened,B(개선 UI),도심권
9746,2_home_viewed,home_viewed,B(개선 UI),도심권
9747,1_app_opened,app_opened,B(개선 UI),외곽 주거지(초월읍 등)
9747,2_home_viewed,home_viewed,B(개선 UI),외곽 주거지(초월읍 등)
9747,3_cart_interacted,cart_interacted,B(개선 UI),외곽 주거지(초월읍 등)
9748,1_app_opened,app_opened,A(기존 UI),외곽 주거지(초월읍 등)
9749,1_app_opened,app_opened,A(기존 UI),외곽 주거지(초월읍 등)
9750,1_app_opened,app_opened,B(개선 UI),도심권
9751,1_app_opened,app_opened,A(기존 UI),외곽 주거지(초월읍 등)
9752,1_app_opened,app_opened,A(기존 UI),도심권
9753,1_app_opened,app_opened,A(기존 UI),도심권
9754,1_app_opened,app_opened,B(개선 UI),도심권
9754,2_home_viewed,home_viewed,B(개선 UI),도심권
9755,1_app_opened,app_opened,A(기존 UI),외곽 주거지(초월읍 등)
9755,2_home_viewed,home_viewed,A(기존 UI),외곽 주거지(초월읍 등)
9756,1_app_opened,app_opened,A(기존 UI),도심권
9757,1_app_opened,app_opened,A(기존 UI),도심권
9758,1_app_opened,app_opened,B(개선 UI),도심권
9758,2_home_viewed,home_viewed,B(개선 UI),도심권
9759,1_app_opened,app_opened,A(기존 UI),도심권
9759,2_home_viewed,home_viewed,A(기존 UI),도심권
9760,1_app_opened,app_opened,B(개선 UI),도심권
9760,2_home_viewed,home_viewed,B(개선 UI),도심권
9761,1_app_opened,app_opened,B(개선 UI),외곽 주거지(초월읍 등)
9761,2_home_viewed,home_viewed,B(개선 UI),외곽 주거지(초월읍 등)
9762,1_app_opened,app_opened,A(기존 UI),외곽 주거지(초월읍 등)
9763,1_app_opened,app_opened,B(개선 UI),외곽 주거지(초월읍 등)
9764,1_app_opened,app_opened,B(개선 UI),도심권
9764,2_home_viewed,home_viewed,B(개선 UI),도심권
9765,1_app_opened,app_opened,B(개선 UI),도심권
9765,2_home_viewed,home_viewed,B(개선 UI),도심권
9766,1_app_opened,app_opened,A(기존 UI),도심권
9767,1_app_opened,app_opened,B(개선 UI),도심권
9767,2_home_viewed,home_viewed,B(개선 UI),도심권
9768,1_app_opened,app_opened,B(개선 UI),도심권
9768,2_home_viewed,home_viewed,B(개선 UI),도심권
9768,3_cart_interacted,cart_interacted,B(개선 UI),도심권
9768,4_purchase_completed,purchase_completed,B(개선 UI),도심권
9769,1_app_opened,app_opened,B(개선 UI),외곽 주거지(초월읍 등)
9769,2_home_viewed,home_viewed,B(개선 UI),외곽 주거지(초월읍 등)
9769,3_cart_interacted,cart_interacted,B(개선 UI),외곽 주거지(초월읍 등)
9770,1_app_opened,app_opened,A(기존 UI),도심권
9771,1_app_opened,app_opened,B(개선 UI),외곽 주거지(초월읍 등)
9772,1_app_opened,app_opened,A(기존 UI),외곽 주거지(초월읍 등)
9773,1_app_opened,app_opened,A(기존 UI),도심권
9774,1_app_opened,app_opened,A(기존 UI),외곽 주거지(초월읍 등)
9775,1_app_opened,app_opened,B(개선 UI),외곽 주거지(초월읍 등)
9775,2_home_viewed,home_viewed,B(개선 UI),외곽 주거지(초월읍 등)
9776,1_app_opened,app_opened,A(기존 UI),도심권
9777,1_app_opened,app_opened,B(개선 UI),도심권
9777,2_home_viewed,home_viewed,B(개선 UI),도심권
9777,3_cart_interacted,cart_interacted,B(개선 UI),도심권
9777,4_purchase_completed,purchase_completed,B(개선 UI),도심권
9778,1_app_opened,app_opened,B(개선 UI),도심권
9778,2_home_viewed,home_viewed,B(개선 UI),도심권
9778,3_cart_interacted,cart_interacted,B(개선 UI),도심권
9779,1_app_opened,app_opened,A(기존 UI),도심권
9780,1_app_opened,app_opened,B(개선 UI),도심권
9781,1_app_opened,app_opened,A(기존 UI),도심권
9782,1_app_opened,app_opened,A(기존 UI),도심권
9783,1_app_opened,app_opened,B(개선 UI),도심권
9784,1_app_opened,app_opened,B(개선 UI),도심권
9784,2_home_viewed,home_viewed,B(개선 UI),도심권
9785,1_app_opened,app_opened,B(개선 UI),도심권
9785,2_home_viewed,home_viewed,B(개선 UI),도심권
9786,1_app_opened,app_opened,B(개선 UI),도심권
9786,2_home_viewed,home_viewed,B(개선 UI),도심권
9787,1_app_opened,app_opened,A(기존 UI),도심권
9788,1_app_opened,app_opened,A(기존 UI),도심권
9789,1_app_opened,app_opened,B(개선 UI),외곽 주거지(초월읍 등)
9790,1_app_opened,app_opened,A(기존 UI),도심권
9791,1_app_opened,app_opened,A(기존 UI),도심권
9791,2_home_viewed,home_viewed,A(기존 UI),도심권
9792,1_app_opened,app_opened,B(개선 UI),도심권
9793,1_app_opened,app_opened,A(기존 UI),도심권
9794,1_app_opened,app_opened,A(기존 UI),도심권
9794,2_home_viewed,home_viewed,A(기존 UI),도심권
9794,3_cart_interacted,cart_interacted,A(기존 UI),도심권
9795,1_app_opened,app_opened,B(개선 UI),도심권
9795,2_home_viewed,home_viewed,B(개선 UI),도심권
9795,3_cart_interacted,cart_interacted,B(개선 UI),도심권
9796,1_app_opened,app_opened,B(개선 UI),외곽 주거지(초월읍 등)
9797,1_app_opened,app_opened,B(개선 UI),외곽 주거지(초월읍 등)
9797,2_home_viewed,home_viewed,B(개선 UI),외곽 주거지(초월읍 등)
9798,1_app_opened,app_opened,B(개선 UI),도심권
9798,2_home_viewed,home_viewed,B(개선 UI),도심권
9799,1_app_opened,app_opened,A(기존 UI),외곽 주거지(초월읍 등)
9800,1_app_opened,app_opened,B(개선 UI),도심권
9800,2_home_viewed,home_viewed,B(개선 UI),도심권
9801,1_app_opened,app_opened,B(개선 UI),외곽 주거지(초월읍 등)
9801,2_home_viewed,home_viewed,B(개선 UI),외곽 주거지(초월읍 등)
9802,1_app_opened,app_opened,A(기존 UI),도심권
9803,1_app_opened,app_opened,A(기존 UI),도심권
9803,2_home_viewed,home_viewed,A(기존 UI),도심권
9804,1_app_opened,app_opened,B(개선 UI),도심권
9804,2_home_viewed,home_viewed,B(개선 UI),도심권
9804,3_cart_interacted,cart_interacted,B(개선 UI),도심권
9805,1_app_opened,app_opened,B(개선 UI),도심권
9805,2_home_viewed,home_viewed,B(개선 UI),도심권
9805,3_cart_interacted,cart_interacted,B(개선 UI),도심권
9805,4_purchase_completed,purchase_completed,B(개선 UI),도심권
9806,1_app_opened,app_opened,B(개선 UI),외곽 주거지(초월읍 등)
9806,2_home_viewed,home_viewed,B(개선 UI),외곽 주거지(초월읍 등)
9806,3_cart_interacted,cart_interacted,B(개선 UI),외곽 주거지(초월읍 등)
9807,1_app_opened,app_opened,B(개선 UI),도심권
9808,1_app_opened,app_opened,B(개선 UI),도심권
9808,2_home_viewed,home_viewed,B(개선 UI),도심권
9809,1_app_opened,app_opened,B(개선 UI),도심권
9809,2_home_viewed,home_viewed,B(개선 UI),도심권
9810,1_app_opened,app_opened,B(개선 UI),도심권
9810,2_home_viewed,home_viewed,B(개선 UI),도심권
9811,1_app_opened,app_opened,A(기존 UI),도심권
9812,1_app_opened,app_opened,B(개선 UI),외곽 주거지(초월읍 등)
9813,1_app_opened,app_opened,A(기존 UI),외곽 주거지(초월읍 등)
9814,1_app_opened,app_opened,B(개선 UI),도심권
9814,2_home_viewed,home_viewed,B(개선 UI),도심권
9815,1_app_opened,app_opened,B(개선 UI),도심권
9816,1_app_opened,app_opened,B(개선 UI),도심권
9817,1_app_opened,app_opened,B(개선 UI),외곽 주거지(초월읍 등)
9817,2_home_viewed,home_viewed,B(개선 UI),외곽 주거지(초월읍 등)
9817,3_cart_interacted,cart_interacted,B(개선 UI),외곽 주거지(초월읍 등)
9818,1_app_opened,app_opened,A(기존 UI),외곽 주거지(초월읍 등)
9819,1_app_opened,app_opened,A(기존 UI),도심권
9820,1_app_opened,app_opened,A(기존 UI),외곽 주거지(초월읍 등)
9820,2_home_viewed,home_viewed,A(기존 UI),외곽 주거지(초월읍 등)
9821,1_app_opened,app_opened,B(개선 UI),도심권
9822,1_app_opened,app_opened,B(개선 UI),도심권
9823,1_app_opened,app_opened,B(개선 UI),외곽 주거지(초월읍 등)
9823,2_home_viewed,home_viewed,B(개선 UI),외곽 주거지(초월읍 등)
9824,1_app_opened,app_opened,A(기존 UI),도심권
9825,1_app_opened,app_opened,A(기존 UI),도심권
9826,1_app_opened,app_opened,B(개선 UI),도심권
9827,1_app_opened,app_opened,A(기존 UI),도심권
9828,1_app_opened,app_opened,B(개선 UI),도심권
9829,1_app_opened,app_opened,B(개선 UI),외곽 주거지(초월읍 등)
9829,2_home_viewed,home_viewed,B(개선 UI),외곽 주거지(초월읍 등)
9830,1_app_opened,app_opened,B(개선 UI),도심권
9830,2_home_viewed,home_viewed,B(개선 UI),도심권
9831,1_app_opened,app_opened,A(기존 UI),외곽 주거지(초월읍 등)
9832,1_app_opened,app_opened,B(개선 UI),도심권
9832,2_home_viewed,home_viewed,B(개선 UI),도심권
9833,1_app_opened,app_opened,A(기존 UI),도심권
9833,2_home_viewed,home_viewed,A(기존 UI),도심권
9833,3_cart_interacted,cart_interacted,A(기존 UI),도심권
9834,1_app_opened,app_opened,B(개선 UI),외곽 주거지(초월읍 등)
9834,2_home_viewed,home_viewed,B(개선 UI),외곽 주거지(초월읍 등)
9834,3_cart_interacted,cart_interacted,B(개선 UI),외곽 주거지(초월읍 등)
9834,4_purchase_completed,purchase_completed,B(개선 UI),외곽 주거지(초월읍 등)
9835,1_app_opened,app_opened,A(기존 UI),도심권
9836,1_app_opened,app_opened,A(기존 UI),도심권
9837,1_app_opened,app_opened,B(개선 UI),도심권
9837,2_home_viewed,home_viewed,B(개선 UI),도심권
9838,1_app_opened,app_opened,A(기존 UI),도심권
9839,1_app_opened,app_opened,B(개선 UI),도심권
9839,2_home_viewed,home_viewed,B(개선 UI),도심권
9840,1_app_opened,app_opened,B(개선 UI),외곽 주거지(초월읍 등)
9840,2_home_viewed,home_viewed,B(개선 UI),외곽 주거지(초월읍 등)
9840,3_cart_interacted,cart_interacted,B(개선 UI),외곽 주거지(초월읍 등)
9841,1_app_opened,app_opened,B(개선 UI),외곽 주거지(초월읍 등)
9841,2_home_viewed,home_viewed,B(개선 UI),외곽 주거지(초월읍 등)
9842,1_app_opened,app_opened,B(개선 UI),도심권
9842,2_home_viewed,home_viewed,B(개선 UI),도심권
9842,3_cart_interacted,cart_interacted,B(개선 UI),도심권
9842,4_purchase_completed,purchase_completed,B(개선 UI),도심권
9843,1_app_opened,app_opened,A(기존 UI),외곽 주거지(초월읍 등)
9844,1_app_opened,app_opened,B(개선 UI),외곽 주거지(초월읍 등)
9844,2_home_viewed,home_viewed,B(개선 UI),외곽 주거지(초월읍 등)
9845,1_app_opened,app_opened,A(기존 UI),외곽 주거지(초월읍 등)
9846,1_app_opened,app_opened,A(기존 UI),도심권
9846,2_home_viewed,home_viewed,A(기존 UI),도심권
9847,1_app_opened,app_opened,B(개선 UI),도심권
9847,2_home_viewed,home_viewed,B(개선 UI),도심권
9848,1_app_opened,app_opened,A(기존 UI),도심권
9849,1_app_opened,app_opened,B(개선 UI),도심권
9849,2_home_viewed,home_viewed,B(개선 UI),도심권
9850,1_app_opened,app_opened,B(개선 UI),도심권
9851,1_app_opened,app_opened,B(개선 UI),도심권
9852,1_app_opened,app_opened,B(개선 UI),도심권
9853,1_app_opened,app_opened,A(기존 UI),도심권
9854,1_app_opened,app_opened,B(개선 UI),도심권
9855,1_app_opened,app_opened,B(개선 UI),도심권
9855,2_home_viewed,home_viewed,B(개선 UI),도심권
9855,3_cart_interacted,cart_interacted,B(개선 UI),도심권
9856,1_app_opened,app_opened,A(기존 UI),외곽 주거지(초월읍 등)
9857,1_app_opened,app_opened,A(기존 UI),도심권
9858,1_app_opened,app_opened,B(개선 UI),외곽 주거지(초월읍 등)
9859,1_app_opened,app_opened,A(기존 UI),외곽 주거지(초월읍 등)
9860,1_app_opened,app_opened,A(기존 UI),외곽 주거지(초월읍 등)
9861,1_app_opened,app_opened,B(개선 UI),외곽 주거지(초월읍 등)
9862,1_app_opened,app_opened,B(개선 UI),외곽 주거지(초월읍 등)
9863,1_app_opened,app_opened,B(개선 UI),도심권
9864,1_app_opened,app_opened,B(개선 UI),외곽 주거지(초월읍 등)
9864,2_home_viewed,home_viewed,B(개선 UI),외곽 주거지(초월읍 등)
9865,1_app_opened,app_opened,B(개선 UI),외곽 주거지(초월읍 등)
9865,2_home_viewed,home_viewed,B(개선 UI),외곽 주거지(초월읍 등)
9866,1_app_opened,app_opened,A(기존 UI),외곽 주거지(초월읍 등)
9867,1_app_opened,app_opened,A(기존 UI),도심권
9867,2_home_viewed,home_viewed,A(기존 UI),도심권
9867,3_cart_interacted,cart_interacted,A(기존 UI),도심권
9867,4_purchase_completed,purchase_completed,A(기존 UI),도심권
9868,1_app_opened,app_opened,A(기존 UI),도심권
9869,1_app_opened,app_opened,B(개선 UI),도심권
9869,2_home_viewed,home_viewed,B(개선 UI),도심권
9870,1_app_opened,app_opened,A(기존 UI),도심권
9871,1_app_opened,app_opened,A(기존 UI),외곽 주거지(초월읍 등)
9872,1_app_opened,app_opened,B(개선 UI),도심권
9872,2_home_viewed,home_viewed,B(개선 UI),도심권
9872,3_cart_interacted,cart_interacted,B(개선 UI),도심권
9872,4_purchase_completed,purchase_completed,B(개선 UI),도심권
9873,1_app_opened,app_opened,A(기존 UI),도심권
9874,1_app_opened,app_opened,A(기존 UI),도심권
9875,1_app_opened,app_opened,B(개선 UI),도심권
9876,1_app_opened,app_opened,A(기존 UI),도심권
9877,1_app_opened,app_opened,A(기존 UI),도심권
9878,1_app_opened,app_opened,A(기존 UI),도심권
9879,1_app_opened,app_opened,B(개선 UI),도심권
9879,2_home_viewed,home_viewed,B(개선 UI),도심권
9880,1_app_opened,app_opened,B(개선 UI),도심권
9880,2_home_viewed,home_viewed,B(개선 UI),도심권
9881,1_app_opened,app_opened,A(기존 UI),외곽 주거지(초월읍 등)
9882,1_app_opened,app_opened,B(개선 UI),외곽 주거지(초월읍 등)
9883,1_app_opened,app_opened,A(기존 UI),외곽 주거지(초월읍 등)
9884,1_app_opened,app_opened,B(개선 UI),도심권
9885,1_app_opened,app_opened,A(기존 UI),도심권
9886,1_app_opened,app_opened,B(개선 UI),도심권
9887,1_app_opened,app_opened,B(개선 UI),외곽 주거지(초월읍 등)
9888,1_app_opened,app_opened,B(개선 UI),외곽 주거지(초월읍 등)
9889,1_app_opened,app_opened,A(기존 UI),도심권
9890,1_app_opened,app_opened,A(기존 UI),외곽 주거지(초월읍 등)
9891,1_app_opened,app_opened,B(개선 UI),도심권
9892,1_app_opened,app_opened,A(기존 UI),도심권
9893,1_app_opened,app_opened,B(개선 UI),도심권
9893,2_home_viewed,home_viewed,B(개선 UI),도심권
9894,1_app_opened,app_opened,B(개선 UI),도심권
9894,2_home_viewed,home_viewed,B(개선 UI),도심권
9895,1_app_opened,app_opened,B(개선 UI),도심권
9895,2_home_viewed,home_viewed,B(개선 UI),도심권
9896,1_app_opened,app_opened,A(기존 UI),외곽 주거지(초월읍 등)
9897,1_app_opened,app_opened,B(개선 UI),도심권
9897,2_home_viewed,home_viewed,B(개선 UI),도심권
9898,1_app_opened,app_opened,B(개선 UI),도심권
9898,2_home_viewed,home_viewed,B(개선 UI),도심권
9899,1_app_opened,app_opened,B(개선 UI),외곽 주거지(초월읍 등)
9900,1_app_opened,app_opened,A(기존 UI),도심권
9901,1_app_opened,app_opened,A(기존 UI),도심권
9902,1_app_opened,app_opened,A(기존 UI),도심권
9903,1_app_opened,app_opened,A(기존 UI),도심권
9904,1_app_opened,app_opened,B(개선 UI),도심권
9905,1_app_opened,app_opened,B(개선 UI),도심권
9905,2_home_viewed,home_viewed,B(개선 UI),도심권
9906,1_app_opened,app_opened,A(기존 UI),도심권
9907,1_app_opened,app_opened,B(개선 UI),도심권
9907,2_home_viewed,home_viewed,B(개선 UI),도심권
9908,1_app_opened,app_opened,A(기존 UI),외곽 주거지(초월읍 등)
9909,1_app_opened,app_opened,A(기존 UI),외곽 주거지(초월읍 등)
9910,1_app_opened,app_opened,A(기존 UI),외곽 주거지(초월읍 등)
9911,1_app_opened,app_opened,A(기존 UI),도심권
9912,1_app_opened,app_opened,B(개선 UI),도심권
9912,2_home_viewed,home_viewed,B(개선 UI),도심권
9913,1_app_opened,app_opened,A(기존 UI),외곽 주거지(초월읍 등)
9913,2_home_viewed,home_viewed,A(기존 UI),외곽 주거지(초월읍 등)
9914,1_app_opened,app_opened,B(개선 UI),도심권
9914,2_home_viewed,home_viewed,B(개선 UI),도심권
9915,1_app_opened,app_opened,A(기존 UI),도심권
9916,1_app_opened,app_opened,B(개선 UI),외곽 주거지(초월읍 등)
9916,2_home_viewed,home_viewed,B(개선 UI),외곽 주거지(초월읍 등)
9917,1_app_opened,app_opened,A(기존 UI),도심권
9918,1_app_opened,app_opened,A(기존 UI),도심권
9918,2_home_viewed,home_viewed,A(기존 UI),도심권
9919,1_app_opened,app_opened,A(기존 UI),외곽 주거지(초월읍 등)
9920,1_app_opened,app_opened,A(기존 UI),외곽 주거지(초월읍 등)
9921,1_app_opened,app_opened,A(기존 UI),도심권
9922,1_app_opened,app_opened,B(개선 UI),도심권
9923,1_app_opened,app_opened,B(개선 UI),도심권
9923,2_home_viewed,home_viewed,B(개선 UI),도심권
9924,1_app_opened,app_opened,B(개선 UI),외곽 주거지(초월읍 등)
9925,1_app_opened,app_opened,B(개선 UI),도심권
9926,1_app_opened,app_opened,A(기존 UI),도심권
9927,1_app_opened,app_opened,A(기존 UI),외곽 주거지(초월읍 등)
9928,1_app_opened,app_opened,B(개선 UI),도심권
9929,1_app_opened,app_opened,B(개선 UI),외곽 주거지(초월읍 등)
9929,2_home_viewed,home_viewed,B(개선 UI),외곽 주거지(초월읍 등)
9929,3_cart_interacted,cart_interacted,B(개선 UI),외곽 주거지(초월읍 등)
9930,1_app_opened,app_opened,B(개선 UI),외곽 주거지(초월읍 등)
9930,2_home_viewed,home_viewed,B(개선 UI),외곽 주거지(초월읍 등)
9930,3_cart_interacted,cart_interacted,B(개선 UI),외곽 주거지(초월읍 등)
9931,1_app_opened,app_opened,B(개선 UI),도심권
9931,2_home_viewed,home_viewed,B(개선 UI),도심권
9932,1_app_opened,app_opened,A(기존 UI),외곽 주거지(초월읍 등)
9933,1_app_opened,app_opened,A(기존 UI),도심권
9934,1_app_opened,app_opened,A(기존 UI),외곽 주거지(초월읍 등)
9935,1_app_opened,app_opened,A(기존 UI),외곽 주거지(초월읍 등)
9936,1_app_opened,app_opened,A(기존 UI),도심권
9936,2_home_viewed,home_viewed,A(기존 UI),도심권
9937,1_app_opened,app_opened,A(기존 UI),외곽 주거지(초월읍 등)
9938,1_app_opened,app_opened,B(개선 UI),외곽 주거지(초월읍 등)
9938,2_home_viewed,home_viewed,B(개선 UI),외곽 주거지(초월읍 등)
9939,1_app_opened,app_opened,B(개선 UI),도심권
9939,2_home_viewed,home_viewed,B(개선 UI),도심권
9939,3_cart_interacted,cart_interacted,B(개선 UI),도심권
9940,1_app_opened,app_opened,B(개선 UI),도심권
9940,2_home_viewed,home_viewed,B(개선 UI),도심권
9941,1_app_opened,app_opened,B(개선 UI),도심권
9941,2_home_viewed,home_viewed,B(개선 UI),도심권
9941,3_cart_interacted,cart_interacted,B(개선 UI),도심권
9942,1_app_opened,app_opened,A(기존 UI),도심권
9943,1_app_opened,app_opened,A(기존 UI),외곽 주거지(초월읍 등)
9944,1_app_opened,app_opened,B(개선 UI),외곽 주거지(초월읍 등)
9944,2_home_viewed,home_viewed,B(개선 UI),외곽 주거지(초월읍 등)
9945,1_app_opened,app_opened,A(기존 UI),도심권
9945,2_home_viewed,home_viewed,A(기존 UI),도심권
9946,1_app_opened,app_opened,A(기존 UI),도심권
9947,1_app_opened,app_opened,A(기존 UI),도심권
9948,1_app_opened,app_opened,A(기존 UI),도심권
9949,1_app_opened,app_opened,B(개선 UI),도심권
9949,2_home_viewed,home_viewed,B(개선 UI),도심권
9949,3_cart_interacted,cart_interacted,B(개선 UI),도심권
9950,1_app_opened,app_opened,A(기존 UI),도심권
9950,2_home_viewed,home_viewed,A(기존 UI),도심권
9951,1_app_opened,app_opened,B(개선 UI),도심권
9952,1_app_opened,app_opened,B(개선 UI),외곽 주거지(초월읍 등)
9952,2_home_viewed,home_viewed,B(개선 UI),외곽 주거지(초월읍 등)
9952,3_cart_interacted,cart_interacted,B(개선 UI),외곽 주거지(초월읍 등)
9953,1_app_opened,app_opened,A(기존 UI),도심권
9954,1_app_opened,app_opened,A(기존 UI),도심권
9955,1_app_opened,app_opened,A(기존 UI),도심권
9956,1_app_opened,app_opened,A(기존 UI),외곽 주거지(초월읍 등)
9957,1_app_opened,app_opened,B(개선 UI),외곽 주거지(초월읍 등)
9958,1_app_opened,app_opened,B(개선 UI),외곽 주거지(초월읍 등)
9959,1_app_opened,app_opened,B(개선 UI),도심권
9959,2_home_viewed,home_viewed,B(개선 UI),도심권
9960,1_app_opened,app_opened,A(기존 UI),도심권
9960,2_home_viewed,home_viewed,A(기존 UI),도심권
9961,1_app_opened,app_opened,B(개선 UI),도심권
9961,2_home_viewed,home_viewed,B(개선 UI),도심권
9962,1_app_opened,app_opened,B(개선 UI),도심권
9963,1_app_opened,app_opened,A(기존 UI),도심권
9964,1_app_opened,app_opened,B(개선 UI),외곽 주거지(초월읍 등)
9965,1_app_opened,app_opened,A(기존 UI),도심권
9965,2_home_viewed,home_viewed,A(기존 UI),도심권
9966,1_app_opened,app_opened,B(개선 UI),도심권
9966,2_home_viewed,home_viewed,B(개선 UI),도심권
9966,3_cart_interacted,cart_interacted,B(개선 UI),도심권
9966,4_purchase_completed,purchase_completed,B(개선 UI),도심권
9967,1_app_opened,app_opened,B(개선 UI),외곽 주거지(초월읍 등)
9967,2_home_viewed,home_viewed,B(개선 UI),외곽 주거지(초월읍 등)
9968,1_app_opened,app_opened,A(기존 UI),도심권
9969,1_app_opened,app_opened,B(개선 UI),도심권
9970,1_app_opened,app_opened,A(기존 UI),도심권
9970,2_home_viewed,home_viewed,A(기존 UI),도심권
9971,1_app_opened,app_opened,A(기존 UI),도심권
9972,1_app_opened,app_opened,B(개선 UI),외곽 주거지(초월읍 등)
9972,2_home_viewed,home_viewed,B(개선 UI),외곽 주거지(초월읍 등)
9973,1_app_opened,app_opened,B(개선 UI),도심권
9973,2_home_viewed,home_viewed,B(개선 UI),도심권
9974,1_app_opened,app_opened,A(기존 UI),외곽 주거지(초월읍 등)
9974,2_home_viewed,home_viewed,A(기존 UI),외곽 주거지(초월읍 등)
9975,1_app_opened,app_opened,A(기존 UI),외곽 주거지(초월읍 등)
9975,2_home_viewed,home_viewed,A(기존 UI),외곽 주거지(초월읍 등)
9976,1_app_opened,app_opened,A(기존 UI),외곽 주거지(초월읍 등)
9976,2_home_viewed,home_viewed,A(기존 UI),외곽 주거지(초월읍 등)
9977,1_app_opened,app_opened,A(기존 UI),도심권
9977,2_home_viewed,home_viewed,A(기존 UI),도심권
9978,1_app_opened,app_opened,B(개선 UI),도심권
9978,2_home_viewed,home_viewed,B(개선 UI),도심권
9979,1_app_opened,app_opened,B(개선 UI),도심권
9979,2_home_viewed,home_viewed,B(개선 UI),도심권
9980,1_app_opened,app_opened,B(개선 UI),도심권
9980,2_home_viewed,home_viewed,B(개선 UI),도심권
9980,3_cart_interacted,cart_interacted,B(개선 UI),도심권
9980,4_purchase_completed,purchase_completed,B(개선 UI),도심권
9981,1_app_opened,app_opened,A(기존 UI),외곽 주거지(초월읍 등)
9982,1_app_opened,app_opened,B(개선 UI),도심권
9982,2_home_viewed,home_viewed,B(개선 UI),도심권
9982,3_cart_interacted,cart_interacted,B(개선 UI),도심권
9982,4_purchase_completed,purchase_completed,B(개선 UI),도심권
9983,1_app_opened,app_opened,A(기존 UI),외곽 주거지(초월읍 등)
9984,1_app_opened,app_opened,B(개선 UI),도심권
9984,2_home_viewed,home_viewed,B(개선 UI),도심권
9984,3_cart_interacted,cart_interacted,B(개선 UI),도심권
9984,4_purchase_completed,purchase_completed,B(개선 UI),도심권
9985,1_app_opened,app_opened,B(개선 UI),도심권
9986,1_app_opened,app_opened,B(개선 UI),외곽 주거지(초월읍 등)
9987,1_app_opened,app_opened,A(기존 UI),도심권
9988,1_app_opened,app_opened,A(기존 UI),외곽 주거지(초월읍 등)
9989,1_app_opened,app_opened,A(기존 UI),도심권
9990,1_app_opened,app_opened,B(개선 UI),외곽 주거지(초월읍 등)
9990,2_home_viewed,home_viewed,B(개선 UI),외곽 주거지(초월읍 등)
9991,1_app_opened,app_opened,A(기존 UI),도심권
9992,1_app_opened,app_opened,A(기존 UI),외곽 주거지(초월읍 등)
9993,1_app_opened,app_opened,A(기존 UI),도심권
9994,1_app_opened,app_opened,B(개선 UI),도심권
9995,1_app_opened,app_opened,A(기존 UI),외곽 주거지(초월읍 등)
9996,1_app_opened,app_opened,B(개선 UI),외곽 주거지(초월읍 등)
9996,2_home_viewed,home_viewed,B(개선 UI),외곽 주거지(초월읍 등)
9997,1_app_opened,app_opened,B(개선 UI),도심권
9997,2_home_viewed,home_viewed,B(개선 UI),도심권
9998,1_app_opened,app_opened,B(개선 UI),도심권
9998,2_home_viewed,home_viewed,B(개선 UI),도심권
9999,1_app_opened,app_opened,A(기존 UI),도심권
10000,1_app_opened,app_opened,A(기존 UI),도심권
